execution_id,campaign_id,hardware_epoch,placement,replica,result_id,case_id,sequence_index,phase,run_id,simulator_name,simulator_version,distribution_version,simulator_commit,adapter,qubits,depth,seed,threads_requested,threads_effective,cpu_set,status,execution_seconds,compile_seconds,sample_seconds,peak_rss_bytes,error_type,error_message,cpu_model,instance_type,image_id,boot_id
qv-multicore-v1-2026082,qv-multicore-v1,aws-c8i-8xlarge-ubuntu2404-v1,1,1,4da543ee-7b30-47b3-a058-f6720f4deb05,clifft-0.9.0-current--q6-seed42-t16,0,current-tools,clifft-0.9.0-current,Clifft,0.9.0,0.9.0,87175b513b8d944955102230b9c7931be1570ef2,clifft,6,6,42,16,16,"0,1,2,3,4,5,6,7,8,9,10,11,12,13,14,15",success,0.0008510369999612521,0.0007846879999533485,6.634900000790367e-05,33976320,,,Intel(R) Xeon(R) 6975P-C,c8i.8xlarge,ami-0f8a61b66d1accaee,f9811930-82aa-4e3e-a686-48611cf5212d
qv-multicore-v1-2026082,qv-multicore-v1,aws-c8i-8xlarge-ubuntu2404-v1,1,1,4da543ee-7b30-47b3-a058-f6720f4deb05,qiskit-aer-current--q6-seed42-t16,1,current-tools,qiskit-aer-current,Qiskit Aer,0.17.2,0.17.2,,qiskit,6,6,42,16,,"0,1,2,3,4,5,6,7,8,9,10,11,12,13,14,15",success,0.0021187709999708204,0.0,0.0,110276608,,,Intel(R) Xeon(R) 6975P-C,c8i.8xlarge,ami-0f8a61b66d1accaee,f9811930-82aa-4e3e-a686-48611cf5212d
qv-multicore-v1-2026082,qv-multicore-v1,aws-c8i-8xlarge-ubuntu2404-v1,1,1,4da543ee-7b30-47b3-a058-f6720f4deb05,qulacs-current--q6-seed42-t16,2,current-tools,qulacs-current,Qulacs,0.6.14,0.6.14,,qulacs,6,6,42,16,,"0,1,2,3,4,5,6,7,8,9,10,11,12,13,14,15",success,0.00010864099999707832,0.0,0.0,27885568,,,Intel(R) Xeon(R) 6975P-C,c8i.8xlarge,ami-0f8a61b66d1accaee,f9811930-82aa-4e3e-a686-48611cf5212d
qv-multicore-v1-2026082,qv-multicore-v1,aws-c8i-8xlarge-ubuntu2404-v1,1,1,4da543ee-7b30-47b3-a058-f6720f4deb05,qsim-current--q6-seed42-t16,3,current-tools,qsim-current,qsim,0.22.0,0.22.0,,qsim,6,6,42,16,16,"0,1,2,3,4,5,6,7,8,9,10,11,12,13,14,15",success,0.016294522000009692,0.0,0.0,194306048,,,Intel(R) Xeon(R) 6975P-C,c8i.8xlarge,ami-0f8a61b66d1accaee,f9811930-82aa-4e3e-a686-48611cf5212d
qv-multicore-v1-2026082,qv-multicore-v1,aws-c8i-8xlarge-ubuntu2404-v1,1,1,4da543ee-7b30-47b3-a058-f6720f4deb05,qrack-current--q6-seed42-t16,4,current-tools,qrack-current,Qrack,1.10.0,1.10.0,,qrack,6,6,42,16,,"0,1,2,3,4,5,6,7,8,9,10,11,12,13,14,15",success,0.002197953999996116,0.0,0.0,289079296,,,Intel(R) Xeon(R) 6975P-C,c8i.8xlarge,ami-0f8a61b66d1accaee,f9811930-82aa-4e3e-a686-48611cf5212d
qv-multicore-v1-2026082,qv-multicore-v1,aws-c8i-8xlarge-ubuntu2404-v1,1,1,4da543ee-7b30-47b3-a058-f6720f4deb05,qrack-current--q6-seed43-t16,5,current-tools,qrack-current,Qrack,1.10.0,1.10.0,,qrack,6,6,43,16,,"0,1,2,3,4,5,6,7,8,9,10,11,12,13,14,15",success,0.0021911299999715084,0.0,0.0,289607680,,,Intel(R) Xeon(R) 6975P-C,c8i.8xlarge,ami-0f8a61b66d1accaee,f9811930-82aa-4e3e-a686-48611cf5212d
qv-multicore-v1-2026082,qv-multicore-v1,aws-c8i-8xlarge-ubuntu2404-v1,1,1,4da543ee-7b30-47b3-a058-f6720f4deb05,qsim-current--q6-seed43-t16,6,current-tools,qsim-current,qsim,0.22.0,0.22.0,,qsim,6,6,43,16,16,"0,1,2,3,4,5,6,7,8,9,10,11,12,13,14,15",success,0.01623800800001618,0.0,0.0,194387968,,,Intel(R) Xeon(R) 6975P-C,c8i.8xlarge,ami-0f8a61b66d1accaee,f9811930-82aa-4e3e-a686-48611cf5212d
qv-multicore-v1-2026082,qv-multicore-v1,aws-c8i-8xlarge-ubuntu2404-v1,1,1,4da543ee-7b30-47b3-a058-f6720f4deb05,qulacs-current--q6-seed43-t16,7,current-tools,qulacs-current,Qulacs,0.6.14,0.6.14,,qulacs,6,6,43,16,,"0,1,2,3,4,5,6,7,8,9,10,11,12,13,14,15",success,0.00013284300001714655,0.0,0.0,27951104,,,Intel(R) Xeon(R) 6975P-C,c8i.8xlarge,ami-0f8a61b66d1accaee,f9811930-82aa-4e3e-a686-48611cf5212d
qv-multicore-v1-2026082,qv-multicore-v1,aws-c8i-8xlarge-ubuntu2404-v1,1,1,4da543ee-7b30-47b3-a058-f6720f4deb05,qiskit-aer-current--q6-seed43-t16,8,current-tools,qiskit-aer-current,Qiskit Aer,0.17.2,0.17.2,,qiskit,6,6,43,16,,"0,1,2,3,4,5,6,7,8,9,10,11,12,13,14,15",success,0.0029474539999796434,0.0,0.0,107970560,,,Intel(R) Xeon(R) 6975P-C,c8i.8xlarge,ami-0f8a61b66d1accaee,f9811930-82aa-4e3e-a686-48611cf5212d
qv-multicore-v1-2026082,qv-multicore-v1,aws-c8i-8xlarge-ubuntu2404-v1,1,1,4da543ee-7b30-47b3-a058-f6720f4deb05,clifft-0.9.0-current--q6-seed43-t16,9,current-tools,clifft-0.9.0-current,Clifft,0.9.0,0.9.0,87175b513b8d944955102230b9c7931be1570ef2,clifft,6,6,43,16,16,"0,1,2,3,4,5,6,7,8,9,10,11,12,13,14,15",success,0.0037298699999723794,0.003661013999987972,6.885599998440739e-05,33599488,,,Intel(R) Xeon(R) 6975P-C,c8i.8xlarge,ami-0f8a61b66d1accaee,f9811930-82aa-4e3e-a686-48611cf5212d
qv-multicore-v1-2026082,qv-multicore-v1,aws-c8i-8xlarge-ubuntu2404-v1,1,1,4da543ee-7b30-47b3-a058-f6720f4deb05,clifft-0.9.0-current--q6-seed44-t16,10,current-tools,clifft-0.9.0-current,Clifft,0.9.0,0.9.0,87175b513b8d944955102230b9c7931be1570ef2,clifft,6,6,44,16,16,"0,1,2,3,4,5,6,7,8,9,10,11,12,13,14,15",success,0.000721832000010636,0.0006596059999992576,6.222600001137835e-05,33071104,,,Intel(R) Xeon(R) 6975P-C,c8i.8xlarge,ami-0f8a61b66d1accaee,f9811930-82aa-4e3e-a686-48611cf5212d
qv-multicore-v1-2026082,qv-multicore-v1,aws-c8i-8xlarge-ubuntu2404-v1,1,1,4da543ee-7b30-47b3-a058-f6720f4deb05,qiskit-aer-current--q6-seed44-t16,11,current-tools,qiskit-aer-current,Qiskit Aer,0.17.2,0.17.2,,qiskit,6,6,44,16,,"0,1,2,3,4,5,6,7,8,9,10,11,12,13,14,15",success,0.002587902000016129,0.0,0.0,107966464,,,Intel(R) Xeon(R) 6975P-C,c8i.8xlarge,ami-0f8a61b66d1accaee,f9811930-82aa-4e3e-a686-48611cf5212d
qv-multicore-v1-2026082,qv-multicore-v1,aws-c8i-8xlarge-ubuntu2404-v1,1,1,4da543ee-7b30-47b3-a058-f6720f4deb05,qulacs-current--q6-seed44-t16,12,current-tools,qulacs-current,Qulacs,0.6.14,0.6.14,,qulacs,6,6,44,16,,"0,1,2,3,4,5,6,7,8,9,10,11,12,13,14,15",success,0.00010816400003932358,0.0,0.0,27987968,,,Intel(R) Xeon(R) 6975P-C,c8i.8xlarge,ami-0f8a61b66d1accaee,f9811930-82aa-4e3e-a686-48611cf5212d
qv-multicore-v1-2026082,qv-multicore-v1,aws-c8i-8xlarge-ubuntu2404-v1,1,1,4da543ee-7b30-47b3-a058-f6720f4deb05,qsim-current--q6-seed44-t16,13,current-tools,qsim-current,qsim,0.22.0,0.22.0,,qsim,6,6,44,16,16,"0,1,2,3,4,5,6,7,8,9,10,11,12,13,14,15",success,0.016274524000039037,0.0,0.0,194666496,,,Intel(R) Xeon(R) 6975P-C,c8i.8xlarge,ami-0f8a61b66d1accaee,f9811930-82aa-4e3e-a686-48611cf5212d
qv-multicore-v1-2026082,qv-multicore-v1,aws-c8i-8xlarge-ubuntu2404-v1,1,1,4da543ee-7b30-47b3-a058-f6720f4deb05,qrack-current--q6-seed44-t16,14,current-tools,qrack-current,Qrack,1.10.0,1.10.0,,qrack,6,6,44,16,,"0,1,2,3,4,5,6,7,8,9,10,11,12,13,14,15",success,0.0022281909999719574,0.0,0.0,289603584,,,Intel(R) Xeon(R) 6975P-C,c8i.8xlarge,ami-0f8a61b66d1accaee,f9811930-82aa-4e3e-a686-48611cf5212d
qv-multicore-v1-2026082,qv-multicore-v1,aws-c8i-8xlarge-ubuntu2404-v1,1,1,4da543ee-7b30-47b3-a058-f6720f4deb05,qrack-current--q8-seed42-t16,15,current-tools,qrack-current,Qrack,1.10.0,1.10.0,,qrack,8,8,42,16,,"0,1,2,3,4,5,6,7,8,9,10,11,12,13,14,15",success,0.004004644999952234,0.0,0.0,292089856,,,Intel(R) Xeon(R) 6975P-C,c8i.8xlarge,ami-0f8a61b66d1accaee,f9811930-82aa-4e3e-a686-48611cf5212d
qv-multicore-v1-2026082,qv-multicore-v1,aws-c8i-8xlarge-ubuntu2404-v1,1,1,4da543ee-7b30-47b3-a058-f6720f4deb05,qsim-current--q8-seed42-t16,16,current-tools,qsim-current,qsim,0.22.0,0.22.0,,qsim,8,8,42,16,16,"0,1,2,3,4,5,6,7,8,9,10,11,12,13,14,15",success,0.0276161269999875,0.0,0.0,194797568,,,Intel(R) Xeon(R) 6975P-C,c8i.8xlarge,ami-0f8a61b66d1accaee,f9811930-82aa-4e3e-a686-48611cf5212d
qv-multicore-v1-2026082,qv-multicore-v1,aws-c8i-8xlarge-ubuntu2404-v1,1,1,4da543ee-7b30-47b3-a058-f6720f4deb05,qulacs-current--q8-seed42-t16,17,current-tools,qulacs-current,Qulacs,0.6.14,0.6.14,,qulacs,8,8,42,16,,"0,1,2,3,4,5,6,7,8,9,10,11,12,13,14,15",success,0.0002729590000285498,0.0,0.0,28000256,,,Intel(R) Xeon(R) 6975P-C,c8i.8xlarge,ami-0f8a61b66d1accaee,f9811930-82aa-4e3e-a686-48611cf5212d
qv-multicore-v1-2026082,qv-multicore-v1,aws-c8i-8xlarge-ubuntu2404-v1,1,1,4da543ee-7b30-47b3-a058-f6720f4deb05,qiskit-aer-current--q8-seed42-t16,18,current-tools,qiskit-aer-current,Qiskit Aer,0.17.2,0.17.2,,qiskit,8,8,42,16,,"0,1,2,3,4,5,6,7,8,9,10,11,12,13,14,15",success,0.004050995000000057,0.0,0.0,110276608,,,Intel(R) Xeon(R) 6975P-C,c8i.8xlarge,ami-0f8a61b66d1accaee,f9811930-82aa-4e3e-a686-48611cf5212d
qv-multicore-v1-2026082,qv-multicore-v1,aws-c8i-8xlarge-ubuntu2404-v1,1,1,4da543ee-7b30-47b3-a058-f6720f4deb05,clifft-0.9.0-current--q8-seed42-t16,19,current-tools,clifft-0.9.0-current,Clifft,0.9.0,0.9.0,87175b513b8d944955102230b9c7931be1570ef2,clifft,8,8,42,16,16,"0,1,2,3,4,5,6,7,8,9,10,11,12,13,14,15",success,0.0050532349999912185,0.0049585460000116655,9.468899997955305e-05,34897920,,,Intel(R) Xeon(R) 6975P-C,c8i.8xlarge,ami-0f8a61b66d1accaee,f9811930-82aa-4e3e-a686-48611cf5212d
qv-multicore-v1-2026082,qv-multicore-v1,aws-c8i-8xlarge-ubuntu2404-v1,1,1,4da543ee-7b30-47b3-a058-f6720f4deb05,clifft-0.9.0-current--q8-seed43-t16,20,current-tools,clifft-0.9.0-current,Clifft,0.9.0,0.9.0,87175b513b8d944955102230b9c7931be1570ef2,clifft,8,8,43,16,16,"0,1,2,3,4,5,6,7,8,9,10,11,12,13,14,15",success,0.0016491829999836227,0.0015506020000088938,9.858099997472891e-05,34287616,,,Intel(R) Xeon(R) 6975P-C,c8i.8xlarge,ami-0f8a61b66d1accaee,f9811930-82aa-4e3e-a686-48611cf5212d
qv-multicore-v1-2026082,qv-multicore-v1,aws-c8i-8xlarge-ubuntu2404-v1,1,1,4da543ee-7b30-47b3-a058-f6720f4deb05,qiskit-aer-current--q8-seed43-t16,21,current-tools,qiskit-aer-current,Qiskit Aer,0.17.2,0.17.2,,qiskit,8,8,43,16,,"0,1,2,3,4,5,6,7,8,9,10,11,12,13,14,15",success,0.0049143979999826115,0.0,0.0,110551040,,,Intel(R) Xeon(R) 6975P-C,c8i.8xlarge,ami-0f8a61b66d1accaee,f9811930-82aa-4e3e-a686-48611cf5212d
qv-multicore-v1-2026082,qv-multicore-v1,aws-c8i-8xlarge-ubuntu2404-v1,1,1,4da543ee-7b30-47b3-a058-f6720f4deb05,qulacs-current--q8-seed43-t16,22,current-tools,qulacs-current,Qulacs,0.6.14,0.6.14,,qulacs,8,8,43,16,,"0,1,2,3,4,5,6,7,8,9,10,11,12,13,14,15",success,0.00027280400001927774,0.0,0.0,28000256,,,Intel(R) Xeon(R) 6975P-C,c8i.8xlarge,ami-0f8a61b66d1accaee,f9811930-82aa-4e3e-a686-48611cf5212d
qv-multicore-v1-2026082,qv-multicore-v1,aws-c8i-8xlarge-ubuntu2404-v1,1,1,4da543ee-7b30-47b3-a058-f6720f4deb05,qsim-current--q8-seed43-t16,23,current-tools,qsim-current,qsim,0.22.0,0.22.0,,qsim,8,8,43,16,16,"0,1,2,3,4,5,6,7,8,9,10,11,12,13,14,15",success,0.027648027999987335,0.0,0.0,194445312,,,Intel(R) Xeon(R) 6975P-C,c8i.8xlarge,ami-0f8a61b66d1accaee,f9811930-82aa-4e3e-a686-48611cf5212d
qv-multicore-v1-2026082,qv-multicore-v1,aws-c8i-8xlarge-ubuntu2404-v1,1,1,4da543ee-7b30-47b3-a058-f6720f4deb05,qrack-current--q8-seed43-t16,24,current-tools,qrack-current,Qrack,1.10.0,1.10.0,,qrack,8,8,43,16,,"0,1,2,3,4,5,6,7,8,9,10,11,12,13,14,15",success,0.003937457999995786,0.0,0.0,292245504,,,Intel(R) Xeon(R) 6975P-C,c8i.8xlarge,ami-0f8a61b66d1accaee,f9811930-82aa-4e3e-a686-48611cf5212d
qv-multicore-v1-2026082,qv-multicore-v1,aws-c8i-8xlarge-ubuntu2404-v1,1,1,4da543ee-7b30-47b3-a058-f6720f4deb05,qrack-current--q8-seed44-t16,25,current-tools,qrack-current,Qrack,1.10.0,1.10.0,,qrack,8,8,44,16,,"0,1,2,3,4,5,6,7,8,9,10,11,12,13,14,15",success,0.0041476819999957115,0.0,0.0,291979264,,,Intel(R) Xeon(R) 6975P-C,c8i.8xlarge,ami-0f8a61b66d1accaee,f9811930-82aa-4e3e-a686-48611cf5212d
qv-multicore-v1-2026082,qv-multicore-v1,aws-c8i-8xlarge-ubuntu2404-v1,1,1,4da543ee-7b30-47b3-a058-f6720f4deb05,qsim-current--q8-seed44-t16,26,current-tools,qsim-current,qsim,0.22.0,0.22.0,,qsim,8,8,44,16,16,"0,1,2,3,4,5,6,7,8,9,10,11,12,13,14,15",success,0.027696724000009,0.0,0.0,194715648,,,Intel(R) Xeon(R) 6975P-C,c8i.8xlarge,ami-0f8a61b66d1accaee,f9811930-82aa-4e3e-a686-48611cf5212d
qv-multicore-v1-2026082,qv-multicore-v1,aws-c8i-8xlarge-ubuntu2404-v1,1,1,4da543ee-7b30-47b3-a058-f6720f4deb05,qulacs-current--q8-seed44-t16,27,current-tools,qulacs-current,Qulacs,0.6.14,0.6.14,,qulacs,8,8,44,16,,"0,1,2,3,4,5,6,7,8,9,10,11,12,13,14,15",success,0.00027734799999734605,0.0,0.0,28000256,,,Intel(R) Xeon(R) 6975P-C,c8i.8xlarge,ami-0f8a61b66d1accaee,f9811930-82aa-4e3e-a686-48611cf5212d
qv-multicore-v1-2026082,qv-multicore-v1,aws-c8i-8xlarge-ubuntu2404-v1,1,1,4da543ee-7b30-47b3-a058-f6720f4deb05,qiskit-aer-current--q8-seed44-t16,28,current-tools,qiskit-aer-current,Qiskit Aer,0.17.2,0.17.2,,qiskit,8,8,44,16,,"0,1,2,3,4,5,6,7,8,9,10,11,12,13,14,15",success,0.0028261919999863494,0.0,0.0,108326912,,,Intel(R) Xeon(R) 6975P-C,c8i.8xlarge,ami-0f8a61b66d1accaee,f9811930-82aa-4e3e-a686-48611cf5212d
qv-multicore-v1-2026082,qv-multicore-v1,aws-c8i-8xlarge-ubuntu2404-v1,1,1,4da543ee-7b30-47b3-a058-f6720f4deb05,clifft-0.9.0-current--q8-seed44-t16,29,current-tools,clifft-0.9.0-current,Clifft,0.9.0,0.9.0,87175b513b8d944955102230b9c7931be1570ef2,clifft,8,8,44,16,16,"0,1,2,3,4,5,6,7,8,9,10,11,12,13,14,15",success,0.0013493760000073962,0.0012665250000054584,8.285100000193779e-05,33808384,,,Intel(R) Xeon(R) 6975P-C,c8i.8xlarge,ami-0f8a61b66d1accaee,f9811930-82aa-4e3e-a686-48611cf5212d
qv-multicore-v1-2026082,qv-multicore-v1,aws-c8i-8xlarge-ubuntu2404-v1,1,1,4da543ee-7b30-47b3-a058-f6720f4deb05,clifft-0.9.0-current--q10-seed42-t16,30,current-tools,clifft-0.9.0-current,Clifft,0.9.0,0.9.0,87175b513b8d944955102230b9c7931be1570ef2,clifft,10,10,42,16,16,"0,1,2,3,4,5,6,7,8,9,10,11,12,13,14,15",success,0.0077199200000563906,0.007548920000033377,0.00017100000002301385,36454400,,,Intel(R) Xeon(R) 6975P-C,c8i.8xlarge,ami-0f8a61b66d1accaee,f9811930-82aa-4e3e-a686-48611cf5212d
qv-multicore-v1-2026082,qv-multicore-v1,aws-c8i-8xlarge-ubuntu2404-v1,1,1,4da543ee-7b30-47b3-a058-f6720f4deb05,qiskit-aer-current--q10-seed42-t16,31,current-tools,qiskit-aer-current,Qiskit Aer,0.17.2,0.17.2,,qiskit,10,10,42,16,,"0,1,2,3,4,5,6,7,8,9,10,11,12,13,14,15",success,0.007172277999984544,0.0,0.0,110866432,,,Intel(R) Xeon(R) 6975P-C,c8i.8xlarge,ami-0f8a61b66d1accaee,f9811930-82aa-4e3e-a686-48611cf5212d
qv-multicore-v1-2026082,qv-multicore-v1,aws-c8i-8xlarge-ubuntu2404-v1,1,1,4da543ee-7b30-47b3-a058-f6720f4deb05,qulacs-current--q10-seed42-t16,32,current-tools,qulacs-current,Qulacs,0.6.14,0.6.14,,qulacs,10,10,42,16,,"0,1,2,3,4,5,6,7,8,9,10,11,12,13,14,15",success,0.0016638980000038828,0.0,0.0,28000256,,,Intel(R) Xeon(R) 6975P-C,c8i.8xlarge,ami-0f8a61b66d1accaee,f9811930-82aa-4e3e-a686-48611cf5212d
qv-multicore-v1-2026082,qv-multicore-v1,aws-c8i-8xlarge-ubuntu2404-v1,1,1,4da543ee-7b30-47b3-a058-f6720f4deb05,qsim-current--q10-seed42-t16,33,current-tools,qsim-current,qsim,0.22.0,0.22.0,,qsim,10,10,42,16,16,"0,1,2,3,4,5,6,7,8,9,10,11,12,13,14,15",success,0.04212257299997191,0.0,0.0,195174400,,,Intel(R) Xeon(R) 6975P-C,c8i.8xlarge,ami-0f8a61b66d1accaee,f9811930-82aa-4e3e-a686-48611cf5212d
qv-multicore-v1-2026082,qv-multicore-v1,aws-c8i-8xlarge-ubuntu2404-v1,1,1,4da543ee-7b30-47b3-a058-f6720f4deb05,qrack-current--q10-seed42-t16,34,current-tools,qrack-current,Qrack,1.10.0,1.10.0,,qrack,10,10,42,16,,"0,1,2,3,4,5,6,7,8,9,10,11,12,13,14,15",success,0.007732326999985162,0.0,0.0,292331520,,,Intel(R) Xeon(R) 6975P-C,c8i.8xlarge,ami-0f8a61b66d1accaee,f9811930-82aa-4e3e-a686-48611cf5212d
qv-multicore-v1-2026082,qv-multicore-v1,aws-c8i-8xlarge-ubuntu2404-v1,1,1,4da543ee-7b30-47b3-a058-f6720f4deb05,qrack-current--q10-seed43-t16,35,current-tools,qrack-current,Qrack,1.10.0,1.10.0,,qrack,10,10,43,16,,"0,1,2,3,4,5,6,7,8,9,10,11,12,13,14,15",success,0.007758905000002869,0.0,0.0,292200448,,,Intel(R) Xeon(R) 6975P-C,c8i.8xlarge,ami-0f8a61b66d1accaee,f9811930-82aa-4e3e-a686-48611cf5212d
qv-multicore-v1-2026082,qv-multicore-v1,aws-c8i-8xlarge-ubuntu2404-v1,1,1,4da543ee-7b30-47b3-a058-f6720f4deb05,qsim-current--q10-seed43-t16,36,current-tools,qsim-current,qsim,0.22.0,0.22.0,,qsim,10,10,43,16,16,"0,1,2,3,4,5,6,7,8,9,10,11,12,13,14,15",success,0.04253825199998573,0.0,0.0,195420160,,,Intel(R) Xeon(R) 6975P-C,c8i.8xlarge,ami-0f8a61b66d1accaee,f9811930-82aa-4e3e-a686-48611cf5212d
qv-multicore-v1-2026082,qv-multicore-v1,aws-c8i-8xlarge-ubuntu2404-v1,1,1,4da543ee-7b30-47b3-a058-f6720f4deb05,qulacs-current--q10-seed43-t16,37,current-tools,qulacs-current,Qulacs,0.6.14,0.6.14,,qulacs,10,10,43,16,,"0,1,2,3,4,5,6,7,8,9,10,11,12,13,14,15",success,0.0018049489999611978,0.0,0.0,28000256,,,Intel(R) Xeon(R) 6975P-C,c8i.8xlarge,ami-0f8a61b66d1accaee,f9811930-82aa-4e3e-a686-48611cf5212d
qv-multicore-v1-2026082,qv-multicore-v1,aws-c8i-8xlarge-ubuntu2404-v1,1,1,4da543ee-7b30-47b3-a058-f6720f4deb05,qiskit-aer-current--q10-seed43-t16,38,current-tools,qiskit-aer-current,Qiskit Aer,0.17.2,0.17.2,,qiskit,10,10,43,16,,"0,1,2,3,4,5,6,7,8,9,10,11,12,13,14,15",success,0.006916352000018833,0.0,0.0,110829568,,,Intel(R) Xeon(R) 6975P-C,c8i.8xlarge,ami-0f8a61b66d1accaee,f9811930-82aa-4e3e-a686-48611cf5212d
qv-multicore-v1-2026082,qv-multicore-v1,aws-c8i-8xlarge-ubuntu2404-v1,1,1,4da543ee-7b30-47b3-a058-f6720f4deb05,clifft-0.9.0-current--q10-seed43-t16,39,current-tools,clifft-0.9.0-current,Clifft,0.9.0,0.9.0,87175b513b8d944955102230b9c7931be1570ef2,clifft,10,10,43,16,16,"0,1,2,3,4,5,6,7,8,9,10,11,12,13,14,15",success,0.0038701680000485794,0.003719970000020112,0.0001501980000284675,35979264,,,Intel(R) Xeon(R) 6975P-C,c8i.8xlarge,ami-0f8a61b66d1accaee,f9811930-82aa-4e3e-a686-48611cf5212d
qv-multicore-v1-2026082,qv-multicore-v1,aws-c8i-8xlarge-ubuntu2404-v1,1,1,4da543ee-7b30-47b3-a058-f6720f4deb05,clifft-0.9.0-current--q10-seed44-t16,40,current-tools,clifft-0.9.0-current,Clifft,0.9.0,0.9.0,87175b513b8d944955102230b9c7931be1570ef2,clifft,10,10,44,16,16,"0,1,2,3,4,5,6,7,8,9,10,11,12,13,14,15",success,0.006192703000010624,0.00605984100002388,0.0001328619999867442,35172352,,,Intel(R) Xeon(R) 6975P-C,c8i.8xlarge,ami-0f8a61b66d1accaee,f9811930-82aa-4e3e-a686-48611cf5212d
qv-multicore-v1-2026082,qv-multicore-v1,aws-c8i-8xlarge-ubuntu2404-v1,1,1,4da543ee-7b30-47b3-a058-f6720f4deb05,qiskit-aer-current--q10-seed44-t16,41,current-tools,qiskit-aer-current,Qiskit Aer,0.17.2,0.17.2,,qiskit,10,10,44,16,,"0,1,2,3,4,5,6,7,8,9,10,11,12,13,14,15",success,0.0057670659999757845,0.0,0.0,110587904,,,Intel(R) Xeon(R) 6975P-C,c8i.8xlarge,ami-0f8a61b66d1accaee,f9811930-82aa-4e3e-a686-48611cf5212d
qv-multicore-v1-2026082,qv-multicore-v1,aws-c8i-8xlarge-ubuntu2404-v1,1,1,4da543ee-7b30-47b3-a058-f6720f4deb05,qulacs-current--q10-seed44-t16,42,current-tools,qulacs-current,Qulacs,0.6.14,0.6.14,,qulacs,10,10,44,16,,"0,1,2,3,4,5,6,7,8,9,10,11,12,13,14,15",success,0.0016129190000242488,0.0,0.0,28000256,,,Intel(R) Xeon(R) 6975P-C,c8i.8xlarge,ami-0f8a61b66d1accaee,f9811930-82aa-4e3e-a686-48611cf5212d
qv-multicore-v1-2026082,qv-multicore-v1,aws-c8i-8xlarge-ubuntu2404-v1,1,1,4da543ee-7b30-47b3-a058-f6720f4deb05,qsim-current--q10-seed44-t16,43,current-tools,qsim-current,qsim,0.22.0,0.22.0,,qsim,10,10,44,16,16,"0,1,2,3,4,5,6,7,8,9,10,11,12,13,14,15",success,0.043026557000018784,0.0,0.0,195186688,,,Intel(R) Xeon(R) 6975P-C,c8i.8xlarge,ami-0f8a61b66d1accaee,f9811930-82aa-4e3e-a686-48611cf5212d
qv-multicore-v1-2026082,qv-multicore-v1,aws-c8i-8xlarge-ubuntu2404-v1,1,1,4da543ee-7b30-47b3-a058-f6720f4deb05,qrack-current--q10-seed44-t16,44,current-tools,qrack-current,Qrack,1.10.0,1.10.0,,qrack,10,10,44,16,,"0,1,2,3,4,5,6,7,8,9,10,11,12,13,14,15",success,0.007620913000039309,0.0,0.0,292372480,,,Intel(R) Xeon(R) 6975P-C,c8i.8xlarge,ami-0f8a61b66d1accaee,f9811930-82aa-4e3e-a686-48611cf5212d
qv-multicore-v1-2026082,qv-multicore-v1,aws-c8i-8xlarge-ubuntu2404-v1,1,1,4da543ee-7b30-47b3-a058-f6720f4deb05,qrack-current--q12-seed42-t16,45,current-tools,qrack-current,Qrack,1.10.0,1.10.0,,qrack,12,12,42,16,,"0,1,2,3,4,5,6,7,8,9,10,11,12,13,14,15",success,0.022096247999968455,0.0,0.0,292806656,,,Intel(R) Xeon(R) 6975P-C,c8i.8xlarge,ami-0f8a61b66d1accaee,f9811930-82aa-4e3e-a686-48611cf5212d
qv-multicore-v1-2026082,qv-multicore-v1,aws-c8i-8xlarge-ubuntu2404-v1,1,1,4da543ee-7b30-47b3-a058-f6720f4deb05,qsim-current--q12-seed42-t16,46,current-tools,qsim-current,qsim,0.22.0,0.22.0,,qsim,12,12,42,16,16,"0,1,2,3,4,5,6,7,8,9,10,11,12,13,14,15",success,0.060601221000013084,0.0,0.0,196194304,,,Intel(R) Xeon(R) 6975P-C,c8i.8xlarge,ami-0f8a61b66d1accaee,f9811930-82aa-4e3e-a686-48611cf5212d
qv-multicore-v1-2026082,qv-multicore-v1,aws-c8i-8xlarge-ubuntu2404-v1,1,1,4da543ee-7b30-47b3-a058-f6720f4deb05,qulacs-current--q12-seed42-t16,47,current-tools,qulacs-current,Qulacs,0.6.14,0.6.14,,qulacs,12,12,42,16,,"0,1,2,3,4,5,6,7,8,9,10,11,12,13,14,15",success,0.005579252000018187,0.0,0.0,28000256,,,Intel(R) Xeon(R) 6975P-C,c8i.8xlarge,ami-0f8a61b66d1accaee,f9811930-82aa-4e3e-a686-48611cf5212d
qv-multicore-v1-2026082,qv-multicore-v1,aws-c8i-8xlarge-ubuntu2404-v1,1,1,4da543ee-7b30-47b3-a058-f6720f4deb05,qiskit-aer-current--q12-seed42-t16,48,current-tools,qiskit-aer-current,Qiskit Aer,0.17.2,0.17.2,,qiskit,12,12,42,16,,"0,1,2,3,4,5,6,7,8,9,10,11,12,13,14,15",success,0.013700499999970361,0.0,0.0,113311744,,,Intel(R) Xeon(R) 6975P-C,c8i.8xlarge,ami-0f8a61b66d1accaee,f9811930-82aa-4e3e-a686-48611cf5212d
qv-multicore-v1-2026082,qv-multicore-v1,aws-c8i-8xlarge-ubuntu2404-v1,1,1,4da543ee-7b30-47b3-a058-f6720f4deb05,clifft-0.9.0-current--q12-seed42-t16,49,current-tools,clifft-0.9.0-current,Clifft,0.9.0,0.9.0,87175b513b8d944955102230b9c7931be1570ef2,clifft,12,12,42,16,16,"0,1,2,3,4,5,6,7,8,9,10,11,12,13,14,15",success,0.008905666999964978,0.008500072000003911,0.0004055949999610675,37216256,,,Intel(R) Xeon(R) 6975P-C,c8i.8xlarge,ami-0f8a61b66d1accaee,f9811930-82aa-4e3e-a686-48611cf5212d
qv-multicore-v1-2026082,qv-multicore-v1,aws-c8i-8xlarge-ubuntu2404-v1,1,1,4da543ee-7b30-47b3-a058-f6720f4deb05,clifft-0.9.0-current--q12-seed43-t16,50,current-tools,clifft-0.9.0-current,Clifft,0.9.0,0.9.0,87175b513b8d944955102230b9c7931be1570ef2,clifft,12,12,43,16,16,"0,1,2,3,4,5,6,7,8,9,10,11,12,13,14,15",success,0.011131350000027851,0.010645472000021527,0.0004858780000063234,38150144,,,Intel(R) Xeon(R) 6975P-C,c8i.8xlarge,ami-0f8a61b66d1accaee,f9811930-82aa-4e3e-a686-48611cf5212d
qv-multicore-v1-2026082,qv-multicore-v1,aws-c8i-8xlarge-ubuntu2404-v1,1,1,4da543ee-7b30-47b3-a058-f6720f4deb05,qiskit-aer-current--q12-seed43-t16,51,current-tools,qiskit-aer-current,Qiskit Aer,0.17.2,0.17.2,,qiskit,12,12,43,16,,"0,1,2,3,4,5,6,7,8,9,10,11,12,13,14,15",success,0.015767227000026196,0.0,0.0,113147904,,,Intel(R) Xeon(R) 6975P-C,c8i.8xlarge,ami-0f8a61b66d1accaee,f9811930-82aa-4e3e-a686-48611cf5212d
qv-multicore-v1-2026082,qv-multicore-v1,aws-c8i-8xlarge-ubuntu2404-v1,1,1,4da543ee-7b30-47b3-a058-f6720f4deb05,qulacs-current--q12-seed43-t16,52,current-tools,qulacs-current,Qulacs,0.6.14,0.6.14,,qulacs,12,12,43,16,,"0,1,2,3,4,5,6,7,8,9,10,11,12,13,14,15",success,0.005475789999991321,0.0,0.0,28000256,,,Intel(R) Xeon(R) 6975P-C,c8i.8xlarge,ami-0f8a61b66d1accaee,f9811930-82aa-4e3e-a686-48611cf5212d
qv-multicore-v1-2026082,qv-multicore-v1,aws-c8i-8xlarge-ubuntu2404-v1,1,1,4da543ee-7b30-47b3-a058-f6720f4deb05,qsim-current--q12-seed43-t16,53,current-tools,qsim-current,qsim,0.22.0,0.22.0,,qsim,12,12,43,16,16,"0,1,2,3,4,5,6,7,8,9,10,11,12,13,14,15",success,0.06116174999999657,0.0,0.0,195858432,,,Intel(R) Xeon(R) 6975P-C,c8i.8xlarge,ami-0f8a61b66d1accaee,f9811930-82aa-4e3e-a686-48611cf5212d
qv-multicore-v1-2026082,qv-multicore-v1,aws-c8i-8xlarge-ubuntu2404-v1,1,1,4da543ee-7b30-47b3-a058-f6720f4deb05,qrack-current--q12-seed43-t16,54,current-tools,qrack-current,Qrack,1.10.0,1.10.0,,qrack,12,12,43,16,,"0,1,2,3,4,5,6,7,8,9,10,11,12,13,14,15",success,0.021886458000039966,0.0,0.0,292757504,,,Intel(R) Xeon(R) 6975P-C,c8i.8xlarge,ami-0f8a61b66d1accaee,f9811930-82aa-4e3e-a686-48611cf5212d
qv-multicore-v1-2026082,qv-multicore-v1,aws-c8i-8xlarge-ubuntu2404-v1,1,1,4da543ee-7b30-47b3-a058-f6720f4deb05,qrack-current--q12-seed44-t16,55,current-tools,qrack-current,Qrack,1.10.0,1.10.0,,qrack,12,12,44,16,,"0,1,2,3,4,5,6,7,8,9,10,11,12,13,14,15",success,0.02225113899999087,0.0,0.0,292761600,,,Intel(R) Xeon(R) 6975P-C,c8i.8xlarge,ami-0f8a61b66d1accaee,f9811930-82aa-4e3e-a686-48611cf5212d
qv-multicore-v1-2026082,qv-multicore-v1,aws-c8i-8xlarge-ubuntu2404-v1,1,1,4da543ee-7b30-47b3-a058-f6720f4deb05,qsim-current--q12-seed44-t16,56,current-tools,qsim-current,qsim,0.22.0,0.22.0,,qsim,12,12,44,16,16,"0,1,2,3,4,5,6,7,8,9,10,11,12,13,14,15",success,0.06082095499999696,0.0,0.0,195850240,,,Intel(R) Xeon(R) 6975P-C,c8i.8xlarge,ami-0f8a61b66d1accaee,f9811930-82aa-4e3e-a686-48611cf5212d
qv-multicore-v1-2026082,qv-multicore-v1,aws-c8i-8xlarge-ubuntu2404-v1,1,1,4da543ee-7b30-47b3-a058-f6720f4deb05,qulacs-current--q12-seed44-t16,57,current-tools,qulacs-current,Qulacs,0.6.14,0.6.14,,qulacs,12,12,44,16,,"0,1,2,3,4,5,6,7,8,9,10,11,12,13,14,15",success,0.0054990909999901305,0.0,0.0,28000256,,,Intel(R) Xeon(R) 6975P-C,c8i.8xlarge,ami-0f8a61b66d1accaee,f9811930-82aa-4e3e-a686-48611cf5212d
qv-multicore-v1-2026082,qv-multicore-v1,aws-c8i-8xlarge-ubuntu2404-v1,1,1,4da543ee-7b30-47b3-a058-f6720f4deb05,qiskit-aer-current--q12-seed44-t16,58,current-tools,qiskit-aer-current,Qiskit Aer,0.17.2,0.17.2,,qiskit,12,12,44,16,,"0,1,2,3,4,5,6,7,8,9,10,11,12,13,14,15",success,0.01343172100001766,0.0,0.0,113422336,,,Intel(R) Xeon(R) 6975P-C,c8i.8xlarge,ami-0f8a61b66d1accaee,f9811930-82aa-4e3e-a686-48611cf5212d
qv-multicore-v1-2026082,qv-multicore-v1,aws-c8i-8xlarge-ubuntu2404-v1,1,1,4da543ee-7b30-47b3-a058-f6720f4deb05,clifft-0.9.0-current--q12-seed44-t16,59,current-tools,clifft-0.9.0-current,Clifft,0.9.0,0.9.0,87175b513b8d944955102230b9c7931be1570ef2,clifft,12,12,44,16,16,"0,1,2,3,4,5,6,7,8,9,10,11,12,13,14,15",success,0.005713261999972019,0.005404737999981535,0.0003085239999904843,37167104,,,Intel(R) Xeon(R) 6975P-C,c8i.8xlarge,ami-0f8a61b66d1accaee,f9811930-82aa-4e3e-a686-48611cf5212d
qv-multicore-v1-2026082,qv-multicore-v1,aws-c8i-8xlarge-ubuntu2404-v1,1,1,4da543ee-7b30-47b3-a058-f6720f4deb05,clifft-0.9.0-current--q14-seed42-t16,60,current-tools,clifft-0.9.0-current,Clifft,0.9.0,0.9.0,87175b513b8d944955102230b9c7931be1570ef2,clifft,14,14,42,16,16,"0,1,2,3,4,5,6,7,8,9,10,11,12,13,14,15",success,0.010618445000034171,0.008961444000021856,0.0016570010000123148,39890944,,,Intel(R) Xeon(R) 6975P-C,c8i.8xlarge,ami-0f8a61b66d1accaee,f9811930-82aa-4e3e-a686-48611cf5212d
qv-multicore-v1-2026082,qv-multicore-v1,aws-c8i-8xlarge-ubuntu2404-v1,1,1,4da543ee-7b30-47b3-a058-f6720f4deb05,qiskit-aer-current--q14-seed42-t16,61,current-tools,qiskit-aer-current,Qiskit Aer,0.17.2,0.17.2,,qiskit,14,14,42,16,,"0,1,2,3,4,5,6,7,8,9,10,11,12,13,14,15",success,0.043763934000025984,0.0,0.0,114266112,,,Intel(R) Xeon(R) 6975P-C,c8i.8xlarge,ami-0f8a61b66d1accaee,f9811930-82aa-4e3e-a686-48611cf5212d
qv-multicore-v1-2026082,qv-multicore-v1,aws-c8i-8xlarge-ubuntu2404-v1,1,1,4da543ee-7b30-47b3-a058-f6720f4deb05,qulacs-current--q14-seed42-t16,62,current-tools,qulacs-current,Qulacs,0.6.14,0.6.14,,qulacs,14,14,42,16,,"0,1,2,3,4,5,6,7,8,9,10,11,12,13,14,15",success,0.007875723999973161,0.0,0.0,28000256,,,Intel(R) Xeon(R) 6975P-C,c8i.8xlarge,ami-0f8a61b66d1accaee,f9811930-82aa-4e3e-a686-48611cf5212d
qv-multicore-v1-2026082,qv-multicore-v1,aws-c8i-8xlarge-ubuntu2404-v1,1,1,4da543ee-7b30-47b3-a058-f6720f4deb05,qsim-current--q14-seed42-t16,63,current-tools,qsim-current,qsim,0.22.0,0.22.0,,qsim,14,14,42,16,16,"0,1,2,3,4,5,6,7,8,9,10,11,12,13,14,15",success,0.08432530900000756,0.0,0.0,196767744,,,Intel(R) Xeon(R) 6975P-C,c8i.8xlarge,ami-0f8a61b66d1accaee,f9811930-82aa-4e3e-a686-48611cf5212d
qv-multicore-v1-2026082,qv-multicore-v1,aws-c8i-8xlarge-ubuntu2404-v1,1,1,4da543ee-7b30-47b3-a058-f6720f4deb05,qrack-current--q14-seed42-t16,64,current-tools,qrack-current,Qrack,1.10.0,1.10.0,,qrack,14,14,42,16,,"0,1,2,3,4,5,6,7,8,9,10,11,12,13,14,15",success,0.1002008159999832,0.0,0.0,295223296,,,Intel(R) Xeon(R) 6975P-C,c8i.8xlarge,ami-0f8a61b66d1accaee,f9811930-82aa-4e3e-a686-48611cf5212d
qv-multicore-v1-2026082,qv-multicore-v1,aws-c8i-8xlarge-ubuntu2404-v1,1,1,4da543ee-7b30-47b3-a058-f6720f4deb05,qrack-current--q14-seed43-t16,65,current-tools,qrack-current,Qrack,1.10.0,1.10.0,,qrack,14,14,43,16,,"0,1,2,3,4,5,6,7,8,9,10,11,12,13,14,15",success,0.09757409099995584,0.0,0.0,295292928,,,Intel(R) Xeon(R) 6975P-C,c8i.8xlarge,ami-0f8a61b66d1accaee,f9811930-82aa-4e3e-a686-48611cf5212d
qv-multicore-v1-2026082,qv-multicore-v1,aws-c8i-8xlarge-ubuntu2404-v1,1,1,4da543ee-7b30-47b3-a058-f6720f4deb05,qsim-current--q14-seed43-t16,66,current-tools,qsim-current,qsim,0.22.0,0.22.0,,qsim,14,14,43,16,16,"0,1,2,3,4,5,6,7,8,9,10,11,12,13,14,15",success,0.0834189619999961,0.0,0.0,196636672,,,Intel(R) Xeon(R) 6975P-C,c8i.8xlarge,ami-0f8a61b66d1accaee,f9811930-82aa-4e3e-a686-48611cf5212d
qv-multicore-v1-2026082,qv-multicore-v1,aws-c8i-8xlarge-ubuntu2404-v1,1,1,4da543ee-7b30-47b3-a058-f6720f4deb05,qulacs-current--q14-seed43-t16,67,current-tools,qulacs-current,Qulacs,0.6.14,0.6.14,,qulacs,14,14,43,16,,"0,1,2,3,4,5,6,7,8,9,10,11,12,13,14,15",success,0.008006971000042995,0.0,0.0,28000256,,,Intel(R) Xeon(R) 6975P-C,c8i.8xlarge,ami-0f8a61b66d1accaee,f9811930-82aa-4e3e-a686-48611cf5212d
qv-multicore-v1-2026082,qv-multicore-v1,aws-c8i-8xlarge-ubuntu2404-v1,1,1,4da543ee-7b30-47b3-a058-f6720f4deb05,qiskit-aer-current--q14-seed43-t16,68,current-tools,qiskit-aer-current,Qiskit Aer,0.17.2,0.17.2,,qiskit,14,14,43,16,,"0,1,2,3,4,5,6,7,8,9,10,11,12,13,14,15",success,0.04194598899999846,0.0,0.0,114376704,,,Intel(R) Xeon(R) 6975P-C,c8i.8xlarge,ami-0f8a61b66d1accaee,f9811930-82aa-4e3e-a686-48611cf5212d
qv-multicore-v1-2026082,qv-multicore-v1,aws-c8i-8xlarge-ubuntu2404-v1,1,1,4da543ee-7b30-47b3-a058-f6720f4deb05,clifft-0.9.0-current--q14-seed43-t16,69,current-tools,clifft-0.9.0-current,Clifft,0.9.0,0.9.0,87175b513b8d944955102230b9c7931be1570ef2,clifft,14,14,43,16,16,"0,1,2,3,4,5,6,7,8,9,10,11,12,13,14,15",success,0.016609221000010166,0.015079221000007692,0.0015300000000024738,38789120,,,Intel(R) Xeon(R) 6975P-C,c8i.8xlarge,ami-0f8a61b66d1accaee,f9811930-82aa-4e3e-a686-48611cf5212d
qv-multicore-v1-2026082,qv-multicore-v1,aws-c8i-8xlarge-ubuntu2404-v1,1,1,4da543ee-7b30-47b3-a058-f6720f4deb05,clifft-0.9.0-current--q14-seed44-t16,70,current-tools,clifft-0.9.0-current,Clifft,0.9.0,0.9.0,87175b513b8d944955102230b9c7931be1570ef2,clifft,14,14,44,16,16,"0,1,2,3,4,5,6,7,8,9,10,11,12,13,14,15",success,0.018623782000020128,0.01410858899998857,0.004515193000031559,39448576,,,Intel(R) Xeon(R) 6975P-C,c8i.8xlarge,ami-0f8a61b66d1accaee,f9811930-82aa-4e3e-a686-48611cf5212d
qv-multicore-v1-2026082,qv-multicore-v1,aws-c8i-8xlarge-ubuntu2404-v1,1,1,4da543ee-7b30-47b3-a058-f6720f4deb05,qiskit-aer-current--q14-seed44-t16,71,current-tools,qiskit-aer-current,Qiskit Aer,0.17.2,0.17.2,,qiskit,14,14,44,16,,"0,1,2,3,4,5,6,7,8,9,10,11,12,13,14,15",success,0.04526905999995279,0.0,0.0,116260864,,,Intel(R) Xeon(R) 6975P-C,c8i.8xlarge,ami-0f8a61b66d1accaee,f9811930-82aa-4e3e-a686-48611cf5212d
qv-multicore-v1-2026082,qv-multicore-v1,aws-c8i-8xlarge-ubuntu2404-v1,1,1,4da543ee-7b30-47b3-a058-f6720f4deb05,qulacs-current--q14-seed44-t16,72,current-tools,qulacs-current,Qulacs,0.6.14,0.6.14,,qulacs,14,14,44,16,,"0,1,2,3,4,5,6,7,8,9,10,11,12,13,14,15",success,0.00788297799999782,0.0,0.0,28000256,,,Intel(R) Xeon(R) 6975P-C,c8i.8xlarge,ami-0f8a61b66d1accaee,f9811930-82aa-4e3e-a686-48611cf5212d
qv-multicore-v1-2026082,qv-multicore-v1,aws-c8i-8xlarge-ubuntu2404-v1,1,1,4da543ee-7b30-47b3-a058-f6720f4deb05,qsim-current--q14-seed44-t16,73,current-tools,qsim-current,qsim,0.22.0,0.22.0,,qsim,14,14,44,16,16,"0,1,2,3,4,5,6,7,8,9,10,11,12,13,14,15",success,0.08305118100003028,0.0,0.0,196673536,,,Intel(R) Xeon(R) 6975P-C,c8i.8xlarge,ami-0f8a61b66d1accaee,f9811930-82aa-4e3e-a686-48611cf5212d
qv-multicore-v1-2026082,qv-multicore-v1,aws-c8i-8xlarge-ubuntu2404-v1,1,1,4da543ee-7b30-47b3-a058-f6720f4deb05,qrack-current--q14-seed44-t16,74,current-tools,qrack-current,Qrack,1.10.0,1.10.0,,qrack,14,14,44,16,,"0,1,2,3,4,5,6,7,8,9,10,11,12,13,14,15",success,0.09396308500004125,0.0,0.0,295239680,,,Intel(R) Xeon(R) 6975P-C,c8i.8xlarge,ami-0f8a61b66d1accaee,f9811930-82aa-4e3e-a686-48611cf5212d
qv-multicore-v1-2026082,qv-multicore-v1,aws-c8i-8xlarge-ubuntu2404-v1,1,1,4da543ee-7b30-47b3-a058-f6720f4deb05,qrack-current--q16-seed42-t16,75,current-tools,qrack-current,Qrack,1.10.0,1.10.0,,qrack,16,16,42,16,,"0,1,2,3,4,5,6,7,8,9,10,11,12,13,14,15",success,0.4938871650000465,0.0,0.0,296468480,,,Intel(R) Xeon(R) 6975P-C,c8i.8xlarge,ami-0f8a61b66d1accaee,f9811930-82aa-4e3e-a686-48611cf5212d
qv-multicore-v1-2026082,qv-multicore-v1,aws-c8i-8xlarge-ubuntu2404-v1,1,1,4da543ee-7b30-47b3-a058-f6720f4deb05,qsim-current--q16-seed42-t16,76,current-tools,qsim-current,qsim,0.22.0,0.22.0,,qsim,16,16,42,16,16,"0,1,2,3,4,5,6,7,8,9,10,11,12,13,14,15",success,0.10601177000000916,0.0,0.0,198164480,,,Intel(R) Xeon(R) 6975P-C,c8i.8xlarge,ami-0f8a61b66d1accaee,f9811930-82aa-4e3e-a686-48611cf5212d
qv-multicore-v1-2026082,qv-multicore-v1,aws-c8i-8xlarge-ubuntu2404-v1,1,1,4da543ee-7b30-47b3-a058-f6720f4deb05,qulacs-current--q16-seed42-t16,77,current-tools,qulacs-current,Qulacs,0.6.14,0.6.14,,qulacs,16,16,42,16,,"0,1,2,3,4,5,6,7,8,9,10,11,12,13,14,15",success,0.021126901999991787,0.0,0.0,28315648,,,Intel(R) Xeon(R) 6975P-C,c8i.8xlarge,ami-0f8a61b66d1accaee,f9811930-82aa-4e3e-a686-48611cf5212d
qv-multicore-v1-2026082,qv-multicore-v1,aws-c8i-8xlarge-ubuntu2404-v1,1,1,4da543ee-7b30-47b3-a058-f6720f4deb05,qiskit-aer-current--q16-seed42-t16,78,current-tools,qiskit-aer-current,Qiskit Aer,0.17.2,0.17.2,,qiskit,16,16,42,16,,"0,1,2,3,4,5,6,7,8,9,10,11,12,13,14,15",success,0.018962667999971927,0.0,0.0,114458624,,,Intel(R) Xeon(R) 6975P-C,c8i.8xlarge,ami-0f8a61b66d1accaee,f9811930-82aa-4e3e-a686-48611cf5212d
qv-multicore-v1-2026082,qv-multicore-v1,aws-c8i-8xlarge-ubuntu2404-v1,1,1,4da543ee-7b30-47b3-a058-f6720f4deb05,clifft-0.9.0-current--q16-seed42-t16,79,current-tools,clifft-0.9.0-current,Clifft,0.9.0,0.9.0,87175b513b8d944955102230b9c7931be1570ef2,clifft,16,16,42,16,16,"0,1,2,3,4,5,6,7,8,9,10,11,12,13,14,15",success,0.03197515800002293,0.019346909000034884,0.012628248999988045,41136128,,,Intel(R) Xeon(R) 6975P-C,c8i.8xlarge,ami-0f8a61b66d1accaee,f9811930-82aa-4e3e-a686-48611cf5212d
qv-multicore-v1-2026082,qv-multicore-v1,aws-c8i-8xlarge-ubuntu2404-v1,1,1,4da543ee-7b30-47b3-a058-f6720f4deb05,clifft-0.9.0-current--q16-seed43-t16,80,current-tools,clifft-0.9.0-current,Clifft,0.9.0,0.9.0,87175b513b8d944955102230b9c7931be1570ef2,clifft,16,16,43,16,16,"0,1,2,3,4,5,6,7,8,9,10,11,12,13,14,15",success,0.01727517199998374,0.011268011000026945,0.006007160999956795,42512384,,,Intel(R) Xeon(R) 6975P-C,c8i.8xlarge,ami-0f8a61b66d1accaee,f9811930-82aa-4e3e-a686-48611cf5212d
qv-multicore-v1-2026082,qv-multicore-v1,aws-c8i-8xlarge-ubuntu2404-v1,1,1,4da543ee-7b30-47b3-a058-f6720f4deb05,qiskit-aer-current--q16-seed43-t16,81,current-tools,qiskit-aer-current,Qiskit Aer,0.17.2,0.17.2,,qiskit,16,16,43,16,,"0,1,2,3,4,5,6,7,8,9,10,11,12,13,14,15",success,0.02104399000000967,0.0,0.0,114245632,,,Intel(R) Xeon(R) 6975P-C,c8i.8xlarge,ami-0f8a61b66d1accaee,f9811930-82aa-4e3e-a686-48611cf5212d
qv-multicore-v1-2026082,qv-multicore-v1,aws-c8i-8xlarge-ubuntu2404-v1,1,1,4da543ee-7b30-47b3-a058-f6720f4deb05,qulacs-current--q16-seed43-t16,82,current-tools,qulacs-current,Qulacs,0.6.14,0.6.14,,qulacs,16,16,43,16,,"0,1,2,3,4,5,6,7,8,9,10,11,12,13,14,15",success,0.021443718000000445,0.0,0.0,28340224,,,Intel(R) Xeon(R) 6975P-C,c8i.8xlarge,ami-0f8a61b66d1accaee,f9811930-82aa-4e3e-a686-48611cf5212d
qv-multicore-v1-2026082,qv-multicore-v1,aws-c8i-8xlarge-ubuntu2404-v1,1,1,4da543ee-7b30-47b3-a058-f6720f4deb05,qsim-current--q16-seed43-t16,83,current-tools,qsim-current,qsim,0.22.0,0.22.0,,qsim,16,16,43,16,16,"0,1,2,3,4,5,6,7,8,9,10,11,12,13,14,15",success,0.10767659499998672,0.0,0.0,198209536,,,Intel(R) Xeon(R) 6975P-C,c8i.8xlarge,ami-0f8a61b66d1accaee,f9811930-82aa-4e3e-a686-48611cf5212d
qv-multicore-v1-2026082,qv-multicore-v1,aws-c8i-8xlarge-ubuntu2404-v1,1,1,4da543ee-7b30-47b3-a058-f6720f4deb05,qrack-current--q16-seed43-t16,84,current-tools,qrack-current,Qrack,1.10.0,1.10.0,,qrack,16,16,43,16,,"0,1,2,3,4,5,6,7,8,9,10,11,12,13,14,15",success,0.4984715869999832,0.0,0.0,296501248,,,Intel(R) Xeon(R) 6975P-C,c8i.8xlarge,ami-0f8a61b66d1accaee,f9811930-82aa-4e3e-a686-48611cf5212d
qv-multicore-v1-2026082,qv-multicore-v1,aws-c8i-8xlarge-ubuntu2404-v1,1,1,4da543ee-7b30-47b3-a058-f6720f4deb05,qrack-current--q16-seed44-t16,85,current-tools,qrack-current,Qrack,1.10.0,1.10.0,,qrack,16,16,44,16,,"0,1,2,3,4,5,6,7,8,9,10,11,12,13,14,15",success,0.49913197000000764,0.0,0.0,296468480,,,Intel(R) Xeon(R) 6975P-C,c8i.8xlarge,ami-0f8a61b66d1accaee,f9811930-82aa-4e3e-a686-48611cf5212d
qv-multicore-v1-2026082,qv-multicore-v1,aws-c8i-8xlarge-ubuntu2404-v1,1,1,4da543ee-7b30-47b3-a058-f6720f4deb05,qsim-current--q16-seed44-t16,86,current-tools,qsim-current,qsim,0.22.0,0.22.0,,qsim,16,16,44,16,16,"0,1,2,3,4,5,6,7,8,9,10,11,12,13,14,15",success,0.10763328000001593,0.0,0.0,198385664,,,Intel(R) Xeon(R) 6975P-C,c8i.8xlarge,ami-0f8a61b66d1accaee,f9811930-82aa-4e3e-a686-48611cf5212d
qv-multicore-v1-2026082,qv-multicore-v1,aws-c8i-8xlarge-ubuntu2404-v1,1,1,4da543ee-7b30-47b3-a058-f6720f4deb05,qulacs-current--q16-seed44-t16,87,current-tools,qulacs-current,Qulacs,0.6.14,0.6.14,,qulacs,16,16,44,16,,"0,1,2,3,4,5,6,7,8,9,10,11,12,13,14,15",success,0.020499213999983112,0.0,0.0,28368896,,,Intel(R) Xeon(R) 6975P-C,c8i.8xlarge,ami-0f8a61b66d1accaee,f9811930-82aa-4e3e-a686-48611cf5212d
qv-multicore-v1-2026082,qv-multicore-v1,aws-c8i-8xlarge-ubuntu2404-v1,1,1,4da543ee-7b30-47b3-a058-f6720f4deb05,qiskit-aer-current--q16-seed44-t16,88,current-tools,qiskit-aer-current,Qiskit Aer,0.17.2,0.17.2,,qiskit,16,16,44,16,,"0,1,2,3,4,5,6,7,8,9,10,11,12,13,14,15",success,0.020873816000005263,0.0,0.0,114282496,,,Intel(R) Xeon(R) 6975P-C,c8i.8xlarge,ami-0f8a61b66d1accaee,f9811930-82aa-4e3e-a686-48611cf5212d
qv-multicore-v1-2026082,qv-multicore-v1,aws-c8i-8xlarge-ubuntu2404-v1,1,1,4da543ee-7b30-47b3-a058-f6720f4deb05,clifft-0.9.0-current--q16-seed44-t16,89,current-tools,clifft-0.9.0-current,Clifft,0.9.0,0.9.0,87175b513b8d944955102230b9c7931be1570ef2,clifft,16,16,44,16,16,"0,1,2,3,4,5,6,7,8,9,10,11,12,13,14,15",success,0.034963344999994206,0.017926139999985935,0.01703720500000827,42205184,,,Intel(R) Xeon(R) 6975P-C,c8i.8xlarge,ami-0f8a61b66d1accaee,f9811930-82aa-4e3e-a686-48611cf5212d
qv-multicore-v1-2026082,qv-multicore-v1,aws-c8i-8xlarge-ubuntu2404-v1,1,1,4da543ee-7b30-47b3-a058-f6720f4deb05,clifft-0.9.0-current--q18-seed42-t16,90,current-tools,clifft-0.9.0-current,Clifft,0.9.0,0.9.0,87175b513b8d944955102230b9c7931be1570ef2,clifft,18,18,42,16,16,"0,1,2,3,4,5,6,7,8,9,10,11,12,13,14,15",success,0.05614501200000177,0.01372141299998475,0.04242359900001702,47484928,,,Intel(R) Xeon(R) 6975P-C,c8i.8xlarge,ami-0f8a61b66d1accaee,f9811930-82aa-4e3e-a686-48611cf5212d
qv-multicore-v1-2026082,qv-multicore-v1,aws-c8i-8xlarge-ubuntu2404-v1,1,1,4da543ee-7b30-47b3-a058-f6720f4deb05,qiskit-aer-current--q18-seed42-t16,91,current-tools,qiskit-aer-current,Qiskit Aer,0.17.2,0.17.2,,qiskit,18,18,42,16,,"0,1,2,3,4,5,6,7,8,9,10,11,12,13,14,15",success,0.033751065999979346,0.0,0.0,125415424,,,Intel(R) Xeon(R) 6975P-C,c8i.8xlarge,ami-0f8a61b66d1accaee,f9811930-82aa-4e3e-a686-48611cf5212d
qv-multicore-v1-2026082,qv-multicore-v1,aws-c8i-8xlarge-ubuntu2404-v1,1,1,4da543ee-7b30-47b3-a058-f6720f4deb05,qulacs-current--q18-seed42-t16,92,current-tools,qulacs-current,Qulacs,0.6.14,0.6.14,,qulacs,18,18,42,16,,"0,1,2,3,4,5,6,7,8,9,10,11,12,13,14,15",success,0.06878344400001879,0.0,0.0,31850496,,,Intel(R) Xeon(R) 6975P-C,c8i.8xlarge,ami-0f8a61b66d1accaee,f9811930-82aa-4e3e-a686-48611cf5212d
qv-multicore-v1-2026082,qv-multicore-v1,aws-c8i-8xlarge-ubuntu2404-v1,1,1,4da543ee-7b30-47b3-a058-f6720f4deb05,qsim-current--q18-seed42-t16,93,current-tools,qsim-current,qsim,0.22.0,0.22.0,,qsim,18,18,42,16,16,"0,1,2,3,4,5,6,7,8,9,10,11,12,13,14,15",success,0.13505581999999094,0.0,0.0,198860800,,,Intel(R) Xeon(R) 6975P-C,c8i.8xlarge,ami-0f8a61b66d1accaee,f9811930-82aa-4e3e-a686-48611cf5212d
qv-multicore-v1-2026082,qv-multicore-v1,aws-c8i-8xlarge-ubuntu2404-v1,1,1,4da543ee-7b30-47b3-a058-f6720f4deb05,qrack-current--q18-seed42-t16,94,current-tools,qrack-current,Qrack,1.10.0,1.10.0,,qrack,18,18,42,16,,"0,1,2,3,4,5,6,7,8,9,10,11,12,13,14,15",success,2.703838382000015,0.0,0.0,302108672,,,Intel(R) Xeon(R) 6975P-C,c8i.8xlarge,ami-0f8a61b66d1accaee,f9811930-82aa-4e3e-a686-48611cf5212d
qv-multicore-v1-2026082,qv-multicore-v1,aws-c8i-8xlarge-ubuntu2404-v1,1,1,4da543ee-7b30-47b3-a058-f6720f4deb05,qrack-current--q18-seed43-t16,95,current-tools,qrack-current,Qrack,1.10.0,1.10.0,,qrack,18,18,43,16,,"0,1,2,3,4,5,6,7,8,9,10,11,12,13,14,15",success,2.7388507000000004,0.0,0.0,301838336,,,Intel(R) Xeon(R) 6975P-C,c8i.8xlarge,ami-0f8a61b66d1accaee,f9811930-82aa-4e3e-a686-48611cf5212d
qv-multicore-v1-2026082,qv-multicore-v1,aws-c8i-8xlarge-ubuntu2404-v1,1,1,4da543ee-7b30-47b3-a058-f6720f4deb05,qsim-current--q18-seed43-t16,96,current-tools,qsim-current,qsim,0.22.0,0.22.0,,qsim,18,18,43,16,16,"0,1,2,3,4,5,6,7,8,9,10,11,12,13,14,15",success,0.1359813939999981,0.0,0.0,199061504,,,Intel(R) Xeon(R) 6975P-C,c8i.8xlarge,ami-0f8a61b66d1accaee,f9811930-82aa-4e3e-a686-48611cf5212d
qv-multicore-v1-2026082,qv-multicore-v1,aws-c8i-8xlarge-ubuntu2404-v1,1,1,4da543ee-7b30-47b3-a058-f6720f4deb05,qulacs-current--q18-seed43-t16,97,current-tools,qulacs-current,Qulacs,0.6.14,0.6.14,,qulacs,18,18,43,16,,"0,1,2,3,4,5,6,7,8,9,10,11,12,13,14,15",success,0.06797327399999631,0.0,0.0,31846400,,,Intel(R) Xeon(R) 6975P-C,c8i.8xlarge,ami-0f8a61b66d1accaee,f9811930-82aa-4e3e-a686-48611cf5212d
qv-multicore-v1-2026082,qv-multicore-v1,aws-c8i-8xlarge-ubuntu2404-v1,1,1,4da543ee-7b30-47b3-a058-f6720f4deb05,qiskit-aer-current--q18-seed43-t16,98,current-tools,qiskit-aer-current,Qiskit Aer,0.17.2,0.17.2,,qiskit,18,18,43,16,,"0,1,2,3,4,5,6,7,8,9,10,11,12,13,14,15",success,0.03365605200002619,0.0,0.0,125407232,,,Intel(R) Xeon(R) 6975P-C,c8i.8xlarge,ami-0f8a61b66d1accaee,f9811930-82aa-4e3e-a686-48611cf5212d
qv-multicore-v1-2026082,qv-multicore-v1,aws-c8i-8xlarge-ubuntu2404-v1,1,1,4da543ee-7b30-47b3-a058-f6720f4deb05,clifft-0.9.0-current--q18-seed43-t16,99,current-tools,clifft-0.9.0-current,Clifft,0.9.0,0.9.0,87175b513b8d944955102230b9c7931be1570ef2,clifft,18,18,43,16,16,"0,1,2,3,4,5,6,7,8,9,10,11,12,13,14,15",success,0.039636476999987735,0.013518842999985736,0.026117634000002,47607808,,,Intel(R) Xeon(R) 6975P-C,c8i.8xlarge,ami-0f8a61b66d1accaee,f9811930-82aa-4e3e-a686-48611cf5212d
qv-multicore-v1-2026082,qv-multicore-v1,aws-c8i-8xlarge-ubuntu2404-v1,1,1,4da543ee-7b30-47b3-a058-f6720f4deb05,clifft-0.9.0-current--q18-seed44-t16,100,current-tools,clifft-0.9.0-current,Clifft,0.9.0,0.9.0,87175b513b8d944955102230b9c7931be1570ef2,clifft,18,18,44,16,16,"0,1,2,3,4,5,6,7,8,9,10,11,12,13,14,15",success,0.043632721999983914,0.02951520800002072,0.014117513999963194,47820800,,,Intel(R) Xeon(R) 6975P-C,c8i.8xlarge,ami-0f8a61b66d1accaee,f9811930-82aa-4e3e-a686-48611cf5212d
qv-multicore-v1-2026082,qv-multicore-v1,aws-c8i-8xlarge-ubuntu2404-v1,1,1,4da543ee-7b30-47b3-a058-f6720f4deb05,qiskit-aer-current--q18-seed44-t16,101,current-tools,qiskit-aer-current,Qiskit Aer,0.17.2,0.17.2,,qiskit,18,18,44,16,,"0,1,2,3,4,5,6,7,8,9,10,11,12,13,14,15",success,0.03390228099999604,0.0,0.0,125444096,,,Intel(R) Xeon(R) 6975P-C,c8i.8xlarge,ami-0f8a61b66d1accaee,f9811930-82aa-4e3e-a686-48611cf5212d
qv-multicore-v1-2026082,qv-multicore-v1,aws-c8i-8xlarge-ubuntu2404-v1,1,1,4da543ee-7b30-47b3-a058-f6720f4deb05,qulacs-current--q18-seed44-t16,102,current-tools,qulacs-current,Qulacs,0.6.14,0.6.14,,qulacs,18,18,44,16,,"0,1,2,3,4,5,6,7,8,9,10,11,12,13,14,15",success,0.06885559599999169,0.0,0.0,31793152,,,Intel(R) Xeon(R) 6975P-C,c8i.8xlarge,ami-0f8a61b66d1accaee,f9811930-82aa-4e3e-a686-48611cf5212d
qv-multicore-v1-2026082,qv-multicore-v1,aws-c8i-8xlarge-ubuntu2404-v1,1,1,4da543ee-7b30-47b3-a058-f6720f4deb05,qsim-current--q18-seed44-t16,103,current-tools,qsim-current,qsim,0.22.0,0.22.0,,qsim,18,18,44,16,16,"0,1,2,3,4,5,6,7,8,9,10,11,12,13,14,15",success,0.13718093199997838,0.0,0.0,198905856,,,Intel(R) Xeon(R) 6975P-C,c8i.8xlarge,ami-0f8a61b66d1accaee,f9811930-82aa-4e3e-a686-48611cf5212d
qv-multicore-v1-2026082,qv-multicore-v1,aws-c8i-8xlarge-ubuntu2404-v1,1,1,4da543ee-7b30-47b3-a058-f6720f4deb05,qrack-current--q18-seed44-t16,104,current-tools,qrack-current,Qrack,1.10.0,1.10.0,,qrack,18,18,44,16,,"0,1,2,3,4,5,6,7,8,9,10,11,12,13,14,15",success,2.6153940680000005,0.0,0.0,301797376,,,Intel(R) Xeon(R) 6975P-C,c8i.8xlarge,ami-0f8a61b66d1accaee,f9811930-82aa-4e3e-a686-48611cf5212d
qv-multicore-v1-2026082,qv-multicore-v1,aws-c8i-8xlarge-ubuntu2404-v1,1,1,4da543ee-7b30-47b3-a058-f6720f4deb05,qrack-current--q20-seed42-t16,105,current-tools,qrack-current,Qrack,1.10.0,1.10.0,,qrack,20,20,42,16,,"0,1,2,3,4,5,6,7,8,9,10,11,12,13,14,15",success,11.290999284000009,0.0,0.0,314126336,,,Intel(R) Xeon(R) 6975P-C,c8i.8xlarge,ami-0f8a61b66d1accaee,f9811930-82aa-4e3e-a686-48611cf5212d
qv-multicore-v1-2026082,qv-multicore-v1,aws-c8i-8xlarge-ubuntu2404-v1,1,1,4da543ee-7b30-47b3-a058-f6720f4deb05,qsim-current--q20-seed42-t16,106,current-tools,qsim-current,qsim,0.22.0,0.22.0,,qsim,20,20,42,16,16,"0,1,2,3,4,5,6,7,8,9,10,11,12,13,14,15",success,0.1708350530000189,0.0,0.0,208396288,,,Intel(R) Xeon(R) 6975P-C,c8i.8xlarge,ami-0f8a61b66d1accaee,f9811930-82aa-4e3e-a686-48611cf5212d
qv-multicore-v1-2026082,qv-multicore-v1,aws-c8i-8xlarge-ubuntu2404-v1,1,1,4da543ee-7b30-47b3-a058-f6720f4deb05,qulacs-current--q20-seed42-t16,107,current-tools,qulacs-current,Qulacs,0.6.14,0.6.14,,qulacs,20,20,42,16,,"0,1,2,3,4,5,6,7,8,9,10,11,12,13,14,15",success,0.2979827789999945,0.0,0.0,57270272,,,Intel(R) Xeon(R) 6975P-C,c8i.8xlarge,ami-0f8a61b66d1accaee,f9811930-82aa-4e3e-a686-48611cf5212d
qv-multicore-v1-2026082,qv-multicore-v1,aws-c8i-8xlarge-ubuntu2404-v1,1,1,4da543ee-7b30-47b3-a058-f6720f4deb05,qiskit-aer-current--q20-seed42-t16,108,current-tools,qiskit-aer-current,Qiskit Aer,0.17.2,0.17.2,,qiskit,20,20,42,16,,"0,1,2,3,4,5,6,7,8,9,10,11,12,13,14,15",success,0.07820396500000015,0.0,0.0,144908288,,,Intel(R) Xeon(R) 6975P-C,c8i.8xlarge,ami-0f8a61b66d1accaee,f9811930-82aa-4e3e-a686-48611cf5212d
qv-multicore-v1-2026082,qv-multicore-v1,aws-c8i-8xlarge-ubuntu2404-v1,1,1,4da543ee-7b30-47b3-a058-f6720f4deb05,clifft-0.9.0-current--q20-seed42-t16,109,current-tools,clifft-0.9.0-current,Clifft,0.9.0,0.9.0,87175b513b8d944955102230b9c7931be1570ef2,clifft,20,20,42,16,16,"0,1,2,3,4,5,6,7,8,9,10,11,12,13,14,15",success,0.05401236800003062,0.03313471300003812,0.0208776549999925,63377408,,,Intel(R) Xeon(R) 6975P-C,c8i.8xlarge,ami-0f8a61b66d1accaee,f9811930-82aa-4e3e-a686-48611cf5212d
qv-multicore-v1-2026082,qv-multicore-v1,aws-c8i-8xlarge-ubuntu2404-v1,1,1,4da543ee-7b30-47b3-a058-f6720f4deb05,clifft-0.9.0-current--q20-seed43-t16,110,current-tools,clifft-0.9.0-current,Clifft,0.9.0,0.9.0,87175b513b8d944955102230b9c7931be1570ef2,clifft,20,20,43,16,16,"0,1,2,3,4,5,6,7,8,9,10,11,12,13,14,15",success,0.05586250000004611,0.031181225000011636,0.024681275000034475,64106496,,,Intel(R) Xeon(R) 6975P-C,c8i.8xlarge,ami-0f8a61b66d1accaee,f9811930-82aa-4e3e-a686-48611cf5212d
qv-multicore-v1-2026082,qv-multicore-v1,aws-c8i-8xlarge-ubuntu2404-v1,1,1,4da543ee-7b30-47b3-a058-f6720f4deb05,qiskit-aer-current--q20-seed43-t16,111,current-tools,qiskit-aer-current,Qiskit Aer,0.17.2,0.17.2,,qiskit,20,20,43,16,,"0,1,2,3,4,5,6,7,8,9,10,11,12,13,14,15",success,0.08036206399998491,0.0,0.0,142647296,,,Intel(R) Xeon(R) 6975P-C,c8i.8xlarge,ami-0f8a61b66d1accaee,f9811930-82aa-4e3e-a686-48611cf5212d
qv-multicore-v1-2026082,qv-multicore-v1,aws-c8i-8xlarge-ubuntu2404-v1,1,1,4da543ee-7b30-47b3-a058-f6720f4deb05,qulacs-current--q20-seed43-t16,112,current-tools,qulacs-current,Qulacs,0.6.14,0.6.14,,qulacs,20,20,43,16,,"0,1,2,3,4,5,6,7,8,9,10,11,12,13,14,15",success,0.2991427789999648,0.0,0.0,57348096,,,Intel(R) Xeon(R) 6975P-C,c8i.8xlarge,ami-0f8a61b66d1accaee,f9811930-82aa-4e3e-a686-48611cf5212d
qv-multicore-v1-2026082,qv-multicore-v1,aws-c8i-8xlarge-ubuntu2404-v1,1,1,4da543ee-7b30-47b3-a058-f6720f4deb05,qsim-current--q20-seed43-t16,113,current-tools,qsim-current,qsim,0.22.0,0.22.0,,qsim,20,20,43,16,16,"0,1,2,3,4,5,6,7,8,9,10,11,12,13,14,15",success,0.17457227599999214,0.0,0.0,208195584,,,Intel(R) Xeon(R) 6975P-C,c8i.8xlarge,ami-0f8a61b66d1accaee,f9811930-82aa-4e3e-a686-48611cf5212d
qv-multicore-v1-2026082,qv-multicore-v1,aws-c8i-8xlarge-ubuntu2404-v1,1,1,4da543ee-7b30-47b3-a058-f6720f4deb05,qrack-current--q20-seed43-t16,114,current-tools,qrack-current,Qrack,1.10.0,1.10.0,,qrack,20,20,43,16,,"0,1,2,3,4,5,6,7,8,9,10,11,12,13,14,15",success,11.42374857599998,0.0,0.0,314220544,,,Intel(R) Xeon(R) 6975P-C,c8i.8xlarge,ami-0f8a61b66d1accaee,f9811930-82aa-4e3e-a686-48611cf5212d
qv-multicore-v1-2026082,qv-multicore-v1,aws-c8i-8xlarge-ubuntu2404-v1,1,1,4da543ee-7b30-47b3-a058-f6720f4deb05,qrack-current--q20-seed44-t16,115,current-tools,qrack-current,Qrack,1.10.0,1.10.0,,qrack,20,20,44,16,,"0,1,2,3,4,5,6,7,8,9,10,11,12,13,14,15",success,11.298851092999996,0.0,0.0,314077184,,,Intel(R) Xeon(R) 6975P-C,c8i.8xlarge,ami-0f8a61b66d1accaee,f9811930-82aa-4e3e-a686-48611cf5212d
qv-multicore-v1-2026082,qv-multicore-v1,aws-c8i-8xlarge-ubuntu2404-v1,1,1,4da543ee-7b30-47b3-a058-f6720f4deb05,qsim-current--q20-seed44-t16,116,current-tools,qsim-current,qsim,0.22.0,0.22.0,,qsim,20,20,44,16,16,"0,1,2,3,4,5,6,7,8,9,10,11,12,13,14,15",success,0.17188723399999617,0.0,0.0,208318464,,,Intel(R) Xeon(R) 6975P-C,c8i.8xlarge,ami-0f8a61b66d1accaee,f9811930-82aa-4e3e-a686-48611cf5212d
qv-multicore-v1-2026082,qv-multicore-v1,aws-c8i-8xlarge-ubuntu2404-v1,1,1,4da543ee-7b30-47b3-a058-f6720f4deb05,qulacs-current--q20-seed44-t16,117,current-tools,qulacs-current,Qulacs,0.6.14,0.6.14,,qulacs,20,20,44,16,,"0,1,2,3,4,5,6,7,8,9,10,11,12,13,14,15",success,0.29505272999995213,0.0,0.0,57241600,,,Intel(R) Xeon(R) 6975P-C,c8i.8xlarge,ami-0f8a61b66d1accaee,f9811930-82aa-4e3e-a686-48611cf5212d
qv-multicore-v1-2026082,qv-multicore-v1,aws-c8i-8xlarge-ubuntu2404-v1,1,1,4da543ee-7b30-47b3-a058-f6720f4deb05,qiskit-aer-current--q20-seed44-t16,118,current-tools,qiskit-aer-current,Qiskit Aer,0.17.2,0.17.2,,qiskit,20,20,44,16,,"0,1,2,3,4,5,6,7,8,9,10,11,12,13,14,15",success,0.08036335899998903,0.0,0.0,142647296,,,Intel(R) Xeon(R) 6975P-C,c8i.8xlarge,ami-0f8a61b66d1accaee,f9811930-82aa-4e3e-a686-48611cf5212d
qv-multicore-v1-2026082,qv-multicore-v1,aws-c8i-8xlarge-ubuntu2404-v1,1,1,4da543ee-7b30-47b3-a058-f6720f4deb05,clifft-0.9.0-current--q20-seed44-t16,119,current-tools,clifft-0.9.0-current,Clifft,0.9.0,0.9.0,87175b513b8d944955102230b9c7931be1570ef2,clifft,20,20,44,16,16,"0,1,2,3,4,5,6,7,8,9,10,11,12,13,14,15",success,0.05897373200002676,0.03265446700004304,0.026319264999983716,62689280,,,Intel(R) Xeon(R) 6975P-C,c8i.8xlarge,ami-0f8a61b66d1accaee,f9811930-82aa-4e3e-a686-48611cf5212d
qv-multicore-v1-2026082,qv-multicore-v1,aws-c8i-8xlarge-ubuntu2404-v1,1,1,4da543ee-7b30-47b3-a058-f6720f4deb05,clifft-0.9.0-current--q22-seed42-t16,120,current-tools,clifft-0.9.0-current,Clifft,0.9.0,0.9.0,87175b513b8d944955102230b9c7931be1570ef2,clifft,22,22,42,16,16,"0,1,2,3,4,5,6,7,8,9,10,11,12,13,14,15",success,0.11543876700000055,0.029037915999992947,0.0864008510000076,117145600,,,Intel(R) Xeon(R) 6975P-C,c8i.8xlarge,ami-0f8a61b66d1accaee,f9811930-82aa-4e3e-a686-48611cf5212d
qv-multicore-v1-2026082,qv-multicore-v1,aws-c8i-8xlarge-ubuntu2404-v1,1,1,4da543ee-7b30-47b3-a058-f6720f4deb05,qiskit-aer-current--q22-seed42-t16,121,current-tools,qiskit-aer-current,Qiskit Aer,0.17.2,0.17.2,,qiskit,22,22,42,16,,"0,1,2,3,4,5,6,7,8,9,10,11,12,13,14,15",success,0.2855277019999676,0.0,0.0,193585152,,,Intel(R) Xeon(R) 6975P-C,c8i.8xlarge,ami-0f8a61b66d1accaee,f9811930-82aa-4e3e-a686-48611cf5212d
qv-multicore-v1-2026082,qv-multicore-v1,aws-c8i-8xlarge-ubuntu2404-v1,1,1,4da543ee-7b30-47b3-a058-f6720f4deb05,qulacs-current--q22-seed42-t16,122,current-tools,qulacs-current,Qulacs,0.6.14,0.6.14,,qulacs,22,22,42,16,,"0,1,2,3,4,5,6,7,8,9,10,11,12,13,14,15",success,1.5961538800000312,0.0,0.0,158330880,,,Intel(R) Xeon(R) 6975P-C,c8i.8xlarge,ami-0f8a61b66d1accaee,f9811930-82aa-4e3e-a686-48611cf5212d
qv-multicore-v1-2026082,qv-multicore-v1,aws-c8i-8xlarge-ubuntu2404-v1,1,1,4da543ee-7b30-47b3-a058-f6720f4deb05,qsim-current--q22-seed42-t16,123,current-tools,qsim-current,qsim,0.22.0,0.22.0,,qsim,22,22,42,16,16,"0,1,2,3,4,5,6,7,8,9,10,11,12,13,14,15",success,0.22879217000001972,0.0,0.0,235053056,,,Intel(R) Xeon(R) 6975P-C,c8i.8xlarge,ami-0f8a61b66d1accaee,f9811930-82aa-4e3e-a686-48611cf5212d
qv-multicore-v1-2026082,qv-multicore-v1,aws-c8i-8xlarge-ubuntu2404-v1,1,1,4da543ee-7b30-47b3-a058-f6720f4deb05,qrack-current--q22-seed42-t16,124,current-tools,qrack-current,Qrack,1.10.0,1.10.0,,qrack,22,22,42,16,,"0,1,2,3,4,5,6,7,8,9,10,11,12,13,14,15",success,51.58094406200007,0.0,0.0,350597120,,,Intel(R) Xeon(R) 6975P-C,c8i.8xlarge,ami-0f8a61b66d1accaee,f9811930-82aa-4e3e-a686-48611cf5212d
qv-multicore-v1-2026082,qv-multicore-v1,aws-c8i-8xlarge-ubuntu2404-v1,1,1,4da543ee-7b30-47b3-a058-f6720f4deb05,qrack-current--q22-seed43-t16,125,current-tools,qrack-current,Qrack,1.10.0,1.10.0,,qrack,22,22,43,16,,"0,1,2,3,4,5,6,7,8,9,10,11,12,13,14,15",success,53.14832636199992,0.0,0.0,350490624,,,Intel(R) Xeon(R) 6975P-C,c8i.8xlarge,ami-0f8a61b66d1accaee,f9811930-82aa-4e3e-a686-48611cf5212d
qv-multicore-v1-2026082,qv-multicore-v1,aws-c8i-8xlarge-ubuntu2404-v1,1,1,4da543ee-7b30-47b3-a058-f6720f4deb05,qsim-current--q22-seed43-t16,126,current-tools,qsim-current,qsim,0.22.0,0.22.0,,qsim,22,22,43,16,16,"0,1,2,3,4,5,6,7,8,9,10,11,12,13,14,15",success,0.22880690800002412,0.0,0.0,234688512,,,Intel(R) Xeon(R) 6975P-C,c8i.8xlarge,ami-0f8a61b66d1accaee,f9811930-82aa-4e3e-a686-48611cf5212d
qv-multicore-v1-2026082,qv-multicore-v1,aws-c8i-8xlarge-ubuntu2404-v1,1,1,4da543ee-7b30-47b3-a058-f6720f4deb05,qulacs-current--q22-seed43-t16,127,current-tools,qulacs-current,Qulacs,0.6.14,0.6.14,,qulacs,22,22,43,16,,"0,1,2,3,4,5,6,7,8,9,10,11,12,13,14,15",success,1.613050623999925,0.0,0.0,158371840,,,Intel(R) Xeon(R) 6975P-C,c8i.8xlarge,ami-0f8a61b66d1accaee,f9811930-82aa-4e3e-a686-48611cf5212d
qv-multicore-v1-2026082,qv-multicore-v1,aws-c8i-8xlarge-ubuntu2404-v1,1,1,4da543ee-7b30-47b3-a058-f6720f4deb05,qiskit-aer-current--q22-seed43-t16,128,current-tools,qiskit-aer-current,Qiskit Aer,0.17.2,0.17.2,,qiskit,22,22,43,16,,"0,1,2,3,4,5,6,7,8,9,10,11,12,13,14,15",success,0.2864101979999987,0.0,0.0,193716224,,,Intel(R) Xeon(R) 6975P-C,c8i.8xlarge,ami-0f8a61b66d1accaee,f9811930-82aa-4e3e-a686-48611cf5212d
qv-multicore-v1-2026082,qv-multicore-v1,aws-c8i-8xlarge-ubuntu2404-v1,1,1,4da543ee-7b30-47b3-a058-f6720f4deb05,clifft-0.9.0-current--q22-seed43-t16,129,current-tools,clifft-0.9.0-current,Clifft,0.9.0,0.9.0,87175b513b8d944955102230b9c7931be1570ef2,clifft,22,22,43,16,16,"0,1,2,3,4,5,6,7,8,9,10,11,12,13,14,15",success,0.11797258299998248,0.02994215399996847,0.08803042900001401,118165504,,,Intel(R) Xeon(R) 6975P-C,c8i.8xlarge,ami-0f8a61b66d1accaee,f9811930-82aa-4e3e-a686-48611cf5212d
qv-multicore-v1-2026082,qv-multicore-v1,aws-c8i-8xlarge-ubuntu2404-v1,1,1,4da543ee-7b30-47b3-a058-f6720f4deb05,clifft-0.9.0-current--q22-seed44-t16,130,current-tools,clifft-0.9.0-current,Clifft,0.9.0,0.9.0,87175b513b8d944955102230b9c7931be1570ef2,clifft,22,22,44,16,16,"0,1,2,3,4,5,6,7,8,9,10,11,12,13,14,15",success,0.11321249299999181,0.022818302000018775,0.09039419099997303,117280768,,,Intel(R) Xeon(R) 6975P-C,c8i.8xlarge,ami-0f8a61b66d1accaee,f9811930-82aa-4e3e-a686-48611cf5212d
qv-multicore-v1-2026082,qv-multicore-v1,aws-c8i-8xlarge-ubuntu2404-v1,1,1,4da543ee-7b30-47b3-a058-f6720f4deb05,qiskit-aer-current--q22-seed44-t16,131,current-tools,qiskit-aer-current,Qiskit Aer,0.17.2,0.17.2,,qiskit,22,22,44,16,,"0,1,2,3,4,5,6,7,8,9,10,11,12,13,14,15",success,0.28563379299998815,0.0,0.0,189317120,,,Intel(R) Xeon(R) 6975P-C,c8i.8xlarge,ami-0f8a61b66d1accaee,f9811930-82aa-4e3e-a686-48611cf5212d
qv-multicore-v1-2026082,qv-multicore-v1,aws-c8i-8xlarge-ubuntu2404-v1,1,1,4da543ee-7b30-47b3-a058-f6720f4deb05,qulacs-current--q22-seed44-t16,132,current-tools,qulacs-current,Qulacs,0.6.14,0.6.14,,qulacs,22,22,44,16,,"0,1,2,3,4,5,6,7,8,9,10,11,12,13,14,15",success,1.6141231980000157,0.0,0.0,158105600,,,Intel(R) Xeon(R) 6975P-C,c8i.8xlarge,ami-0f8a61b66d1accaee,f9811930-82aa-4e3e-a686-48611cf5212d
qv-multicore-v1-2026082,qv-multicore-v1,aws-c8i-8xlarge-ubuntu2404-v1,1,1,4da543ee-7b30-47b3-a058-f6720f4deb05,qsim-current--q22-seed44-t16,133,current-tools,qsim-current,qsim,0.22.0,0.22.0,,qsim,22,22,44,16,16,"0,1,2,3,4,5,6,7,8,9,10,11,12,13,14,15",success,0.22503411799993955,0.0,0.0,234856448,,,Intel(R) Xeon(R) 6975P-C,c8i.8xlarge,ami-0f8a61b66d1accaee,f9811930-82aa-4e3e-a686-48611cf5212d
qv-multicore-v1-2026082,qv-multicore-v1,aws-c8i-8xlarge-ubuntu2404-v1,1,1,4da543ee-7b30-47b3-a058-f6720f4deb05,qrack-current--q22-seed44-t16,134,current-tools,qrack-current,Qrack,1.10.0,1.10.0,,qrack,22,22,44,16,,"0,1,2,3,4,5,6,7,8,9,10,11,12,13,14,15",success,52.348180912999965,0.0,0.0,352661504,,,Intel(R) Xeon(R) 6975P-C,c8i.8xlarge,ami-0f8a61b66d1accaee,f9811930-82aa-4e3e-a686-48611cf5212d
qv-multicore-v1-2026082,qv-multicore-v1,aws-c8i-8xlarge-ubuntu2404-v1,1,1,4da543ee-7b30-47b3-a058-f6720f4deb05,qrack-current--q24-seed42-t16,135,current-tools,qrack-current,Qrack,1.10.0,1.10.0,,qrack,24,24,42,16,,"0,1,2,3,4,5,6,7,8,9,10,11,12,13,14,15",success,259.469712684,0.0,0.0,504262656,,,Intel(R) Xeon(R) 6975P-C,c8i.8xlarge,ami-0f8a61b66d1accaee,f9811930-82aa-4e3e-a686-48611cf5212d
qv-multicore-v1-2026082,qv-multicore-v1,aws-c8i-8xlarge-ubuntu2404-v1,1,1,4da543ee-7b30-47b3-a058-f6720f4deb05,qsim-current--q24-seed42-t16,136,current-tools,qsim-current,qsim,0.22.0,0.22.0,,qsim,24,24,42,16,16,"0,1,2,3,4,5,6,7,8,9,10,11,12,13,14,15",success,0.400775365999948,0.0,0.0,337096704,,,Intel(R) Xeon(R) 6975P-C,c8i.8xlarge,ami-0f8a61b66d1accaee,f9811930-82aa-4e3e-a686-48611cf5212d
qv-multicore-v1-2026082,qv-multicore-v1,aws-c8i-8xlarge-ubuntu2404-v1,1,1,4da543ee-7b30-47b3-a058-f6720f4deb05,qulacs-current--q24-seed42-t16,137,current-tools,qulacs-current,Qulacs,0.6.14,0.6.14,,qulacs,24,24,42,16,,"0,1,2,3,4,5,6,7,8,9,10,11,12,13,14,15",success,13.326104697000005,0.0,0.0,561356800,,,Intel(R) Xeon(R) 6975P-C,c8i.8xlarge,ami-0f8a61b66d1accaee,f9811930-82aa-4e3e-a686-48611cf5212d
qv-multicore-v1-2026082,qv-multicore-v1,aws-c8i-8xlarge-ubuntu2404-v1,1,1,4da543ee-7b30-47b3-a058-f6720f4deb05,qiskit-aer-current--q24-seed42-t16,138,current-tools,qiskit-aer-current,Qiskit Aer,0.17.2,0.17.2,,qiskit,24,24,42,16,,"0,1,2,3,4,5,6,7,8,9,10,11,12,13,14,15",success,1.305997499,0.0,0.0,404025344,,,Intel(R) Xeon(R) 6975P-C,c8i.8xlarge,ami-0f8a61b66d1accaee,f9811930-82aa-4e3e-a686-48611cf5212d
qv-multicore-v1-2026082,qv-multicore-v1,aws-c8i-8xlarge-ubuntu2404-v1,1,1,4da543ee-7b30-47b3-a058-f6720f4deb05,clifft-0.9.0-current--q24-seed42-t16,139,current-tools,clifft-0.9.0-current,Clifft,0.9.0,0.9.0,87175b513b8d944955102230b9c7931be1570ef2,clifft,24,24,42,16,16,"0,1,2,3,4,5,6,7,8,9,10,11,12,13,14,15",success,0.7352661610001405,0.034033481000051324,0.7012326800000892,322719744,,,Intel(R) Xeon(R) 6975P-C,c8i.8xlarge,ami-0f8a61b66d1accaee,f9811930-82aa-4e3e-a686-48611cf5212d
qv-multicore-v1-2026082,qv-multicore-v1,aws-c8i-8xlarge-ubuntu2404-v1,1,1,4da543ee-7b30-47b3-a058-f6720f4deb05,clifft-0.9.0-current--q24-seed43-t16,140,current-tools,clifft-0.9.0-current,Clifft,0.9.0,0.9.0,87175b513b8d944955102230b9c7931be1570ef2,clifft,24,24,43,16,16,"0,1,2,3,4,5,6,7,8,9,10,11,12,13,14,15",success,0.6827321969999502,0.028064084999982697,0.6546681119999676,321638400,,,Intel(R) Xeon(R) 6975P-C,c8i.8xlarge,ami-0f8a61b66d1accaee,f9811930-82aa-4e3e-a686-48611cf5212d
qv-multicore-v1-2026082,qv-multicore-v1,aws-c8i-8xlarge-ubuntu2404-v1,1,1,4da543ee-7b30-47b3-a058-f6720f4deb05,qiskit-aer-current--q24-seed43-t16,141,current-tools,qiskit-aer-current,Qiskit Aer,0.17.2,0.17.2,,qiskit,24,24,43,16,,"0,1,2,3,4,5,6,7,8,9,10,11,12,13,14,15",success,1.286433785999975,0.0,0.0,402128896,,,Intel(R) Xeon(R) 6975P-C,c8i.8xlarge,ami-0f8a61b66d1accaee,f9811930-82aa-4e3e-a686-48611cf5212d
qv-multicore-v1-2026082,qv-multicore-v1,aws-c8i-8xlarge-ubuntu2404-v1,1,1,4da543ee-7b30-47b3-a058-f6720f4deb05,qulacs-current--q24-seed43-t16,142,current-tools,qulacs-current,Qulacs,0.6.14,0.6.14,,qulacs,24,24,43,16,,"0,1,2,3,4,5,6,7,8,9,10,11,12,13,14,15",success,13.409378966999952,0.0,0.0,561360896,,,Intel(R) Xeon(R) 6975P-C,c8i.8xlarge,ami-0f8a61b66d1accaee,f9811930-82aa-4e3e-a686-48611cf5212d
qv-multicore-v1-2026082,qv-multicore-v1,aws-c8i-8xlarge-ubuntu2404-v1,1,1,4da543ee-7b30-47b3-a058-f6720f4deb05,qsim-current--q24-seed43-t16,143,current-tools,qsim-current,qsim,0.22.0,0.22.0,,qsim,24,24,43,16,16,"0,1,2,3,4,5,6,7,8,9,10,11,12,13,14,15",success,0.39518320199999835,0.0,0.0,336965632,,,Intel(R) Xeon(R) 6975P-C,c8i.8xlarge,ami-0f8a61b66d1accaee,f9811930-82aa-4e3e-a686-48611cf5212d
qv-multicore-v1-2026082,qv-multicore-v1,aws-c8i-8xlarge-ubuntu2404-v1,1,1,4da543ee-7b30-47b3-a058-f6720f4deb05,qrack-current--q24-seed43-t16,144,current-tools,qrack-current,Qrack,1.10.0,1.10.0,,qrack,24,24,43,16,,"0,1,2,3,4,5,6,7,8,9,10,11,12,13,14,15",success,258.25162913200006,0.0,0.0,504385536,,,Intel(R) Xeon(R) 6975P-C,c8i.8xlarge,ami-0f8a61b66d1accaee,f9811930-82aa-4e3e-a686-48611cf5212d
qv-multicore-v1-2026082,qv-multicore-v1,aws-c8i-8xlarge-ubuntu2404-v1,1,1,4da543ee-7b30-47b3-a058-f6720f4deb05,qrack-current--q24-seed44-t16,145,current-tools,qrack-current,Qrack,1.10.0,1.10.0,,qrack,24,24,44,16,,"0,1,2,3,4,5,6,7,8,9,10,11,12,13,14,15",success,254.04916290000006,0.0,0.0,504377344,,,Intel(R) Xeon(R) 6975P-C,c8i.8xlarge,ami-0f8a61b66d1accaee,f9811930-82aa-4e3e-a686-48611cf5212d
qv-multicore-v1-2026082,qv-multicore-v1,aws-c8i-8xlarge-ubuntu2404-v1,1,1,4da543ee-7b30-47b3-a058-f6720f4deb05,qsim-current--q24-seed44-t16,146,current-tools,qsim-current,qsim,0.22.0,0.22.0,,qsim,24,24,44,16,16,"0,1,2,3,4,5,6,7,8,9,10,11,12,13,14,15",success,0.39143250000006446,0.0,0.0,337403904,,,Intel(R) Xeon(R) 6975P-C,c8i.8xlarge,ami-0f8a61b66d1accaee,f9811930-82aa-4e3e-a686-48611cf5212d
qv-multicore-v1-2026082,qv-multicore-v1,aws-c8i-8xlarge-ubuntu2404-v1,1,1,4da543ee-7b30-47b3-a058-f6720f4deb05,qulacs-current--q24-seed44-t16,147,current-tools,qulacs-current,Qulacs,0.6.14,0.6.14,,qulacs,24,24,44,16,,"0,1,2,3,4,5,6,7,8,9,10,11,12,13,14,15",success,13.509731345000091,0.0,0.0,561381376,,,Intel(R) Xeon(R) 6975P-C,c8i.8xlarge,ami-0f8a61b66d1accaee,f9811930-82aa-4e3e-a686-48611cf5212d
qv-multicore-v1-2026082,qv-multicore-v1,aws-c8i-8xlarge-ubuntu2404-v1,1,1,4da543ee-7b30-47b3-a058-f6720f4deb05,qiskit-aer-current--q24-seed44-t16,148,current-tools,qiskit-aer-current,Qiskit Aer,0.17.2,0.17.2,,qiskit,24,24,44,16,,"0,1,2,3,4,5,6,7,8,9,10,11,12,13,14,15",success,1.2779099700001098,0.0,0.0,401833984,,,Intel(R) Xeon(R) 6975P-C,c8i.8xlarge,ami-0f8a61b66d1accaee,f9811930-82aa-4e3e-a686-48611cf5212d
qv-multicore-v1-2026082,qv-multicore-v1,aws-c8i-8xlarge-ubuntu2404-v1,1,1,4da543ee-7b30-47b3-a058-f6720f4deb05,clifft-0.9.0-current--q24-seed44-t16,149,current-tools,clifft-0.9.0-current,Clifft,0.9.0,0.9.0,87175b513b8d944955102230b9c7931be1570ef2,clifft,24,24,44,16,16,"0,1,2,3,4,5,6,7,8,9,10,11,12,13,14,15",success,0.76164882199987,0.03341522499999883,0.7282335969998712,320806912,,,Intel(R) Xeon(R) 6975P-C,c8i.8xlarge,ami-0f8a61b66d1accaee,f9811930-82aa-4e3e-a686-48611cf5212d
qv-multicore-v1-2026082,qv-multicore-v1,aws-c8i-8xlarge-ubuntu2404-v1,1,1,4da543ee-7b30-47b3-a058-f6720f4deb05,clifft-0.9.0-current--q26-seed42-t16,150,current-tools,clifft-0.9.0-current,Clifft,0.9.0,0.9.0,87175b513b8d944955102230b9c7931be1570ef2,clifft,26,26,42,16,16,"0,1,2,3,4,5,6,7,8,9,10,11,12,13,14,15",success,5.403220545000067,0.03494293099993229,5.368277614000135,1131237376,,,Intel(R) Xeon(R) 6975P-C,c8i.8xlarge,ami-0f8a61b66d1accaee,f9811930-82aa-4e3e-a686-48611cf5212d
qv-multicore-v1-2026082,qv-multicore-v1,aws-c8i-8xlarge-ubuntu2404-v1,1,1,4da543ee-7b30-47b3-a058-f6720f4deb05,qiskit-aer-current--q26-seed42-t16,151,current-tools,qiskit-aer-current,Qiskit Aer,0.17.2,0.17.2,,qiskit,26,26,42,16,,"0,1,2,3,4,5,6,7,8,9,10,11,12,13,14,15",success,6.102707150000015,0.0,0.0,1205952512,,,Intel(R) Xeon(R) 6975P-C,c8i.8xlarge,ami-0f8a61b66d1accaee,f9811930-82aa-4e3e-a686-48611cf5212d
qv-multicore-v1-2026082,qv-multicore-v1,aws-c8i-8xlarge-ubuntu2404-v1,1,1,4da543ee-7b30-47b3-a058-f6720f4deb05,qulacs-current--q26-seed42-t16,152,current-tools,qulacs-current,Qulacs,0.6.14,0.6.14,,qulacs,26,26,42,16,,"0,1,2,3,4,5,6,7,8,9,10,11,12,13,14,15",success,77.3062905910001,0.0,0.0,2172354560,,,Intel(R) Xeon(R) 6975P-C,c8i.8xlarge,ami-0f8a61b66d1accaee,f9811930-82aa-4e3e-a686-48611cf5212d
qv-multicore-v1-2026082,qv-multicore-v1,aws-c8i-8xlarge-ubuntu2404-v1,1,1,4da543ee-7b30-47b3-a058-f6720f4deb05,qsim-current--q26-seed42-t16,153,current-tools,qsim-current,qsim,0.22.0,0.22.0,,qsim,26,26,42,16,16,"0,1,2,3,4,5,6,7,8,9,10,11,12,13,14,15",success,2.235630011000012,0.0,0.0,741400576,,,Intel(R) Xeon(R) 6975P-C,c8i.8xlarge,ami-0f8a61b66d1accaee,f9811930-82aa-4e3e-a686-48611cf5212d
qv-multicore-v1-2026082,qv-multicore-v1,aws-c8i-8xlarge-ubuntu2404-v1,1,1,4da543ee-7b30-47b3-a058-f6720f4deb05,qrack-current--q26-seed42-t16,154,current-tools,qrack-current,Qrack,1.10.0,,,qrack,26,26,42,16,,"0,1,2,3,4,5,6,7,8,9,10,11,12,13,14,15",timeout,,,,,WorkerTimeout,case exceeded 600 seconds,Intel(R) Xeon(R) 6975P-C,c8i.8xlarge,ami-0f8a61b66d1accaee,f9811930-82aa-4e3e-a686-48611cf5212d
qv-multicore-v1-2026082,qv-multicore-v1,aws-c8i-8xlarge-ubuntu2404-v1,1,1,4da543ee-7b30-47b3-a058-f6720f4deb05,qrack-current--q26-seed43-t16,155,current-tools,qrack-current,Qrack,1.10.0,,,qrack,26,26,43,16,,"0,1,2,3,4,5,6,7,8,9,10,11,12,13,14,15",timeout,,,,,WorkerTimeout,case exceeded 600 seconds,Intel(R) Xeon(R) 6975P-C,c8i.8xlarge,ami-0f8a61b66d1accaee,f9811930-82aa-4e3e-a686-48611cf5212d
qv-multicore-v1-2026082,qv-multicore-v1,aws-c8i-8xlarge-ubuntu2404-v1,1,1,4da543ee-7b30-47b3-a058-f6720f4deb05,qsim-current--q26-seed43-t16,156,current-tools,qsim-current,qsim,0.22.0,0.22.0,,qsim,26,26,43,16,16,"0,1,2,3,4,5,6,7,8,9,10,11,12,13,14,15",success,2.3295762130001094,0.0,0.0,741347328,,,Intel(R) Xeon(R) 6975P-C,c8i.8xlarge,ami-0f8a61b66d1accaee,f9811930-82aa-4e3e-a686-48611cf5212d
qv-multicore-v1-2026082,qv-multicore-v1,aws-c8i-8xlarge-ubuntu2404-v1,1,1,4da543ee-7b30-47b3-a058-f6720f4deb05,qulacs-current--q26-seed43-t16,157,current-tools,qulacs-current,Qulacs,0.6.14,0.6.14,,qulacs,26,26,43,16,,"0,1,2,3,4,5,6,7,8,9,10,11,12,13,14,15",success,80.024159177,0.0,0.0,2172342272,,,Intel(R) Xeon(R) 6975P-C,c8i.8xlarge,ami-0f8a61b66d1accaee,f9811930-82aa-4e3e-a686-48611cf5212d
qv-multicore-v1-2026082,qv-multicore-v1,aws-c8i-8xlarge-ubuntu2404-v1,1,1,4da543ee-7b30-47b3-a058-f6720f4deb05,qiskit-aer-current--q26-seed43-t16,158,current-tools,qiskit-aer-current,Qiskit Aer,0.17.2,0.17.2,,qiskit,26,26,43,16,,"0,1,2,3,4,5,6,7,8,9,10,11,12,13,14,15",success,5.95841291700026,0.0,0.0,1205751808,,,Intel(R) Xeon(R) 6975P-C,c8i.8xlarge,ami-0f8a61b66d1accaee,f9811930-82aa-4e3e-a686-48611cf5212d
qv-multicore-v1-2026082,qv-multicore-v1,aws-c8i-8xlarge-ubuntu2404-v1,1,1,4da543ee-7b30-47b3-a058-f6720f4deb05,clifft-0.9.0-current--q26-seed43-t16,159,current-tools,clifft-0.9.0-current,Clifft,0.9.0,0.9.0,87175b513b8d944955102230b9c7931be1570ef2,clifft,26,26,43,16,16,"0,1,2,3,4,5,6,7,8,9,10,11,12,13,14,15",success,5.21164148600019,0.0318637039999885,5.179777782000201,1129283584,,,Intel(R) Xeon(R) 6975P-C,c8i.8xlarge,ami-0f8a61b66d1accaee,f9811930-82aa-4e3e-a686-48611cf5212d
qv-multicore-v1-2026082,qv-multicore-v1,aws-c8i-8xlarge-ubuntu2404-v1,1,1,4da543ee-7b30-47b3-a058-f6720f4deb05,clifft-0.9.0-current--q26-seed44-t16,160,current-tools,clifft-0.9.0-current,Clifft,0.9.0,0.9.0,87175b513b8d944955102230b9c7931be1570ef2,clifft,26,26,44,16,16,"0,1,2,3,4,5,6,7,8,9,10,11,12,13,14,15",success,5.435800477000157,0.03318669899999804,5.402613778000159,1129648128,,,Intel(R) Xeon(R) 6975P-C,c8i.8xlarge,ami-0f8a61b66d1accaee,f9811930-82aa-4e3e-a686-48611cf5212d
qv-multicore-v1-2026082,qv-multicore-v1,aws-c8i-8xlarge-ubuntu2404-v1,1,1,4da543ee-7b30-47b3-a058-f6720f4deb05,qiskit-aer-current--q26-seed44-t16,161,current-tools,qiskit-aer-current,Qiskit Aer,0.17.2,0.17.2,,qiskit,26,26,44,16,,"0,1,2,3,4,5,6,7,8,9,10,11,12,13,14,15",success,6.061537692999991,0.0,0.0,1205997568,,,Intel(R) Xeon(R) 6975P-C,c8i.8xlarge,ami-0f8a61b66d1accaee,f9811930-82aa-4e3e-a686-48611cf5212d
qv-multicore-v1-2026082,qv-multicore-v1,aws-c8i-8xlarge-ubuntu2404-v1,1,1,4da543ee-7b30-47b3-a058-f6720f4deb05,qulacs-current--q26-seed44-t16,162,current-tools,qulacs-current,Qulacs,0.6.14,0.6.14,,qulacs,26,26,44,16,,"0,1,2,3,4,5,6,7,8,9,10,11,12,13,14,15",success,77.74883241499992,0.0,0.0,2172424192,,,Intel(R) Xeon(R) 6975P-C,c8i.8xlarge,ami-0f8a61b66d1accaee,f9811930-82aa-4e3e-a686-48611cf5212d
qv-multicore-v1-2026082,qv-multicore-v1,aws-c8i-8xlarge-ubuntu2404-v1,1,1,4da543ee-7b30-47b3-a058-f6720f4deb05,qsim-current--q26-seed44-t16,163,current-tools,qsim-current,qsim,0.22.0,0.22.0,,qsim,26,26,44,16,16,"0,1,2,3,4,5,6,7,8,9,10,11,12,13,14,15",success,2.2366051029998744,0.0,0.0,741244928,,,Intel(R) Xeon(R) 6975P-C,c8i.8xlarge,ami-0f8a61b66d1accaee,f9811930-82aa-4e3e-a686-48611cf5212d
qv-multicore-v1-2026082,qv-multicore-v1,aws-c8i-8xlarge-ubuntu2404-v1,1,1,4da543ee-7b30-47b3-a058-f6720f4deb05,qrack-current--q26-seed44-t16,164,current-tools,qrack-current,Qrack,1.10.0,,,qrack,26,26,44,16,,"0,1,2,3,4,5,6,7,8,9,10,11,12,13,14,15",timeout,,,,,WorkerTimeout,case exceeded 600 seconds,Intel(R) Xeon(R) 6975P-C,c8i.8xlarge,ami-0f8a61b66d1accaee,f9811930-82aa-4e3e-a686-48611cf5212d
qv-multicore-v1-2026082,qv-multicore-v1,aws-c8i-8xlarge-ubuntu2404-v1,1,1,4da543ee-7b30-47b3-a058-f6720f4deb05,qrack-current--q28-seed42-t16,165,current-tools,qrack-current,Qrack,1.10.0,,,qrack,28,28,42,16,,"0,1,2,3,4,5,6,7,8,9,10,11,12,13,14,15",timeout,,,,,WorkerTimeout,case exceeded 600 seconds,Intel(R) Xeon(R) 6975P-C,c8i.8xlarge,ami-0f8a61b66d1accaee,f9811930-82aa-4e3e-a686-48611cf5212d
qv-multicore-v1-2026082,qv-multicore-v1,aws-c8i-8xlarge-ubuntu2404-v1,1,1,4da543ee-7b30-47b3-a058-f6720f4deb05,qsim-current--q28-seed42-t16,166,current-tools,qsim-current,qsim,0.22.0,0.22.0,,qsim,28,28,42,16,16,"0,1,2,3,4,5,6,7,8,9,10,11,12,13,14,15",success,11.484813177999968,0.0,0.0,2353561600,,,Intel(R) Xeon(R) 6975P-C,c8i.8xlarge,ami-0f8a61b66d1accaee,f9811930-82aa-4e3e-a686-48611cf5212d
qv-multicore-v1-2026082,qv-multicore-v1,aws-c8i-8xlarge-ubuntu2404-v1,1,1,4da543ee-7b30-47b3-a058-f6720f4deb05,qulacs-current--q28-seed42-t16,167,current-tools,qulacs-current,Qulacs,0.6.14,0.6.14,,qulacs,28,28,42,16,,"0,1,2,3,4,5,6,7,8,9,10,11,12,13,14,15",success,349.83233540200035,0.0,0.0,8615202816,,,Intel(R) Xeon(R) 6975P-C,c8i.8xlarge,ami-0f8a61b66d1accaee,f9811930-82aa-4e3e-a686-48611cf5212d
qv-multicore-v1-2026082,qv-multicore-v1,aws-c8i-8xlarge-ubuntu2404-v1,1,1,4da543ee-7b30-47b3-a058-f6720f4deb05,qiskit-aer-current--q28-seed42-t16,168,current-tools,qiskit-aer-current,Qiskit Aer,0.17.2,0.17.2,,qiskit,28,28,42,16,,"0,1,2,3,4,5,6,7,8,9,10,11,12,13,14,15",success,28.811533121999673,0.0,0.0,4432269312,,,Intel(R) Xeon(R) 6975P-C,c8i.8xlarge,ami-0f8a61b66d1accaee,f9811930-82aa-4e3e-a686-48611cf5212d
qv-multicore-v1-2026082,qv-multicore-v1,aws-c8i-8xlarge-ubuntu2404-v1,1,1,4da543ee-7b30-47b3-a058-f6720f4deb05,clifft-0.9.0-current--q28-seed42-t16,169,current-tools,clifft-0.9.0-current,Clifft,0.9.0,0.9.0,87175b513b8d944955102230b9c7931be1570ef2,clifft,28,28,42,16,16,"0,1,2,3,4,5,6,7,8,9,10,11,12,13,14,15",success,27.100262713999655,0.03825250499994581,27.06201020899971,4354977792,,,Intel(R) Xeon(R) 6975P-C,c8i.8xlarge,ami-0f8a61b66d1accaee,f9811930-82aa-4e3e-a686-48611cf5212d
qv-multicore-v1-2026082,qv-multicore-v1,aws-c8i-8xlarge-ubuntu2404-v1,1,1,4da543ee-7b30-47b3-a058-f6720f4deb05,clifft-0.9.0-current--q28-seed43-t16,170,current-tools,clifft-0.9.0-current,Clifft,0.9.0,0.9.0,87175b513b8d944955102230b9c7931be1570ef2,clifft,28,28,43,16,16,"0,1,2,3,4,5,6,7,8,9,10,11,12,13,14,15",success,26.70735137199972,0.03911251599947718,26.668238856000244,4355751936,,,Intel(R) Xeon(R) 6975P-C,c8i.8xlarge,ami-0f8a61b66d1accaee,f9811930-82aa-4e3e-a686-48611cf5212d
qv-multicore-v1-2026082,qv-multicore-v1,aws-c8i-8xlarge-ubuntu2404-v1,1,1,4da543ee-7b30-47b3-a058-f6720f4deb05,qiskit-aer-current--q28-seed43-t16,171,current-tools,qiskit-aer-current,Qiskit Aer,0.17.2,0.17.2,,qiskit,28,28,43,16,,"0,1,2,3,4,5,6,7,8,9,10,11,12,13,14,15",success,29.012293759000386,0.0,0.0,4432379904,,,Intel(R) Xeon(R) 6975P-C,c8i.8xlarge,ami-0f8a61b66d1accaee,f9811930-82aa-4e3e-a686-48611cf5212d
qv-multicore-v1-2026082,qv-multicore-v1,aws-c8i-8xlarge-ubuntu2404-v1,1,1,4da543ee-7b30-47b3-a058-f6720f4deb05,qulacs-current--q28-seed43-t16,172,current-tools,qulacs-current,Qulacs,0.6.14,0.6.14,,qulacs,28,28,43,16,,"0,1,2,3,4,5,6,7,8,9,10,11,12,13,14,15",success,347.1170301809998,0.0,0.0,8615329792,,,Intel(R) Xeon(R) 6975P-C,c8i.8xlarge,ami-0f8a61b66d1accaee,f9811930-82aa-4e3e-a686-48611cf5212d
qv-multicore-v1-2026082,qv-multicore-v1,aws-c8i-8xlarge-ubuntu2404-v1,1,1,4da543ee-7b30-47b3-a058-f6720f4deb05,qsim-current--q28-seed43-t16,173,current-tools,qsim-current,qsim,0.22.0,0.22.0,,qsim,28,28,43,16,16,"0,1,2,3,4,5,6,7,8,9,10,11,12,13,14,15",success,11.33296195299954,0.0,0.0,2353352704,,,Intel(R) Xeon(R) 6975P-C,c8i.8xlarge,ami-0f8a61b66d1accaee,f9811930-82aa-4e3e-a686-48611cf5212d
qv-multicore-v1-2026082,qv-multicore-v1,aws-c8i-8xlarge-ubuntu2404-v1,1,1,4da543ee-7b30-47b3-a058-f6720f4deb05,qrack-current--q28-seed43-t16,174,current-tools,qrack-current,Qrack,1.10.0,,,qrack,28,28,43,16,,"0,1,2,3,4,5,6,7,8,9,10,11,12,13,14,15",timeout,,,,,WorkerTimeout,case exceeded 600 seconds,Intel(R) Xeon(R) 6975P-C,c8i.8xlarge,ami-0f8a61b66d1accaee,f9811930-82aa-4e3e-a686-48611cf5212d
qv-multicore-v1-2026082,qv-multicore-v1,aws-c8i-8xlarge-ubuntu2404-v1,1,1,4da543ee-7b30-47b3-a058-f6720f4deb05,qrack-current--q28-seed44-t16,175,current-tools,qrack-current,Qrack,1.10.0,,,qrack,28,28,44,16,,"0,1,2,3,4,5,6,7,8,9,10,11,12,13,14,15",timeout,,,,,WorkerTimeout,case exceeded 600 seconds,Intel(R) Xeon(R) 6975P-C,c8i.8xlarge,ami-0f8a61b66d1accaee,f9811930-82aa-4e3e-a686-48611cf5212d
qv-multicore-v1-2026082,qv-multicore-v1,aws-c8i-8xlarge-ubuntu2404-v1,1,1,4da543ee-7b30-47b3-a058-f6720f4deb05,qsim-current--q28-seed44-t16,176,current-tools,qsim-current,qsim,0.22.0,0.22.0,,qsim,28,28,44,16,16,"0,1,2,3,4,5,6,7,8,9,10,11,12,13,14,15",success,11.238128527999834,0.0,0.0,2353500160,,,Intel(R) Xeon(R) 6975P-C,c8i.8xlarge,ami-0f8a61b66d1accaee,f9811930-82aa-4e3e-a686-48611cf5212d
qv-multicore-v1-2026082,qv-multicore-v1,aws-c8i-8xlarge-ubuntu2404-v1,1,1,4da543ee-7b30-47b3-a058-f6720f4deb05,qulacs-current--q28-seed44-t16,177,current-tools,qulacs-current,Qulacs,0.6.14,0.6.14,,qulacs,28,28,44,16,,"0,1,2,3,4,5,6,7,8,9,10,11,12,13,14,15",success,351.38058047199956,0.0,0.0,8615276544,,,Intel(R) Xeon(R) 6975P-C,c8i.8xlarge,ami-0f8a61b66d1accaee,f9811930-82aa-4e3e-a686-48611cf5212d
qv-multicore-v1-2026082,qv-multicore-v1,aws-c8i-8xlarge-ubuntu2404-v1,1,1,4da543ee-7b30-47b3-a058-f6720f4deb05,qiskit-aer-current--q28-seed44-t16,178,current-tools,qiskit-aer-current,Qiskit Aer,0.17.2,0.17.2,,qiskit,28,28,44,16,,"0,1,2,3,4,5,6,7,8,9,10,11,12,13,14,15",success,28.60454015400046,0.0,0.0,4432637952,,,Intel(R) Xeon(R) 6975P-C,c8i.8xlarge,ami-0f8a61b66d1accaee,f9811930-82aa-4e3e-a686-48611cf5212d
qv-multicore-v1-2026082,qv-multicore-v1,aws-c8i-8xlarge-ubuntu2404-v1,1,1,4da543ee-7b30-47b3-a058-f6720f4deb05,clifft-0.9.0-current--q28-seed44-t16,179,current-tools,clifft-0.9.0-current,Clifft,0.9.0,0.9.0,87175b513b8d944955102230b9c7931be1570ef2,clifft,28,28,44,16,16,"0,1,2,3,4,5,6,7,8,9,10,11,12,13,14,15",success,25.718912922000527,0.040022791999945184,25.678890130000582,4356296704,,,Intel(R) Xeon(R) 6975P-C,c8i.8xlarge,ami-0f8a61b66d1accaee,f9811930-82aa-4e3e-a686-48611cf5212d
qv-multicore-v1-2026082,qv-multicore-v1,aws-c8i-8xlarge-ubuntu2404-v1,1,1,4da543ee-7b30-47b3-a058-f6720f4deb05,clifft-0.9.0-scaling--q18-seed42-t1,180,clifft-scaling,clifft-0.9.0-scaling,Clifft,0.9.0,0.9.0,87175b513b8d944955102230b9c7931be1570ef2,clifft,18,18,42,1,1,0,success,0.05136187700009032,0.014276814000368176,0.03708506299972214,46915584,,,Intel(R) Xeon(R) 6975P-C,c8i.8xlarge,ami-0f8a61b66d1accaee,f9811930-82aa-4e3e-a686-48611cf5212d
qv-multicore-v1-2026082,qv-multicore-v1,aws-c8i-8xlarge-ubuntu2404-v1,1,1,4da543ee-7b30-47b3-a058-f6720f4deb05,clifft-0.9.0-scaling--q18-seed42-t2,181,clifft-scaling,clifft-0.9.0-scaling,Clifft,0.9.0,0.9.0,87175b513b8d944955102230b9c7931be1570ef2,clifft,18,18,42,2,2,"0,1",success,0.05734996299997874,0.013775962000181607,0.043574000999797136,47140864,,,Intel(R) Xeon(R) 6975P-C,c8i.8xlarge,ami-0f8a61b66d1accaee,f9811930-82aa-4e3e-a686-48611cf5212d
qv-multicore-v1-2026082,qv-multicore-v1,aws-c8i-8xlarge-ubuntu2404-v1,1,1,4da543ee-7b30-47b3-a058-f6720f4deb05,clifft-0.9.0-scaling--q18-seed42-t4,182,clifft-scaling,clifft-0.9.0-scaling,Clifft,0.9.0,0.9.0,87175b513b8d944955102230b9c7931be1570ef2,clifft,18,18,42,4,4,"0,1,2,3",success,0.03849338700001681,0.01723837499957881,0.021255012000438,46718976,,,Intel(R) Xeon(R) 6975P-C,c8i.8xlarge,ami-0f8a61b66d1accaee,f9811930-82aa-4e3e-a686-48611cf5212d
qv-multicore-v1-2026082,qv-multicore-v1,aws-c8i-8xlarge-ubuntu2404-v1,1,1,4da543ee-7b30-47b3-a058-f6720f4deb05,clifft-0.9.0-scaling--q18-seed42-t8,183,clifft-scaling,clifft-0.9.0-scaling,Clifft,0.9.0,0.9.0,87175b513b8d944955102230b9c7931be1570ef2,clifft,18,18,42,8,8,"0,1,2,3,4,5,6,7",success,0.044194440999490325,0.029049425999801315,0.01514501499968901,46821376,,,Intel(R) Xeon(R) 6975P-C,c8i.8xlarge,ami-0f8a61b66d1accaee,f9811930-82aa-4e3e-a686-48611cf5212d
qv-multicore-v1-2026082,qv-multicore-v1,aws-c8i-8xlarge-ubuntu2404-v1,1,1,4da543ee-7b30-47b3-a058-f6720f4deb05,clifft-0.9.0-scaling--q18-seed42-t16,184,clifft-scaling,clifft-0.9.0-scaling,Clifft,0.9.0,0.9.0,87175b513b8d944955102230b9c7931be1570ef2,clifft,18,18,42,16,16,"0,1,2,3,4,5,6,7,8,9,10,11,12,13,14,15",success,0.041660588999548054,0.02894252799978858,0.012718060999759473,47366144,,,Intel(R) Xeon(R) 6975P-C,c8i.8xlarge,ami-0f8a61b66d1accaee,f9811930-82aa-4e3e-a686-48611cf5212d
qv-multicore-v1-2026082,qv-multicore-v1,aws-c8i-8xlarge-ubuntu2404-v1,1,1,4da543ee-7b30-47b3-a058-f6720f4deb05,clifft-0.9.0-scaling--q18-seed43-t16,185,clifft-scaling,clifft-0.9.0-scaling,Clifft,0.9.0,0.9.0,87175b513b8d944955102230b9c7931be1570ef2,clifft,18,18,43,16,16,"0,1,2,3,4,5,6,7,8,9,10,11,12,13,14,15",success,0.04189363800014689,0.028071124000234704,0.01382251399991219,47054848,,,Intel(R) Xeon(R) 6975P-C,c8i.8xlarge,ami-0f8a61b66d1accaee,f9811930-82aa-4e3e-a686-48611cf5212d
qv-multicore-v1-2026082,qv-multicore-v1,aws-c8i-8xlarge-ubuntu2404-v1,1,1,4da543ee-7b30-47b3-a058-f6720f4deb05,clifft-0.9.0-scaling--q18-seed43-t8,186,clifft-scaling,clifft-0.9.0-scaling,Clifft,0.9.0,0.9.0,87175b513b8d944955102230b9c7931be1570ef2,clifft,18,18,43,8,8,"0,1,2,3,4,5,6,7",success,0.03247473400006129,0.01335302400002547,0.01912171000003582,46559232,,,Intel(R) Xeon(R) 6975P-C,c8i.8xlarge,ami-0f8a61b66d1accaee,f9811930-82aa-4e3e-a686-48611cf5212d
qv-multicore-v1-2026082,qv-multicore-v1,aws-c8i-8xlarge-ubuntu2404-v1,1,1,4da543ee-7b30-47b3-a058-f6720f4deb05,clifft-0.9.0-scaling--q18-seed43-t4,187,clifft-scaling,clifft-0.9.0-scaling,Clifft,0.9.0,0.9.0,87175b513b8d944955102230b9c7931be1570ef2,clifft,18,18,43,4,4,"0,1,2,3",success,0.045560921000287635,0.02882141500049329,0.016739505999794346,46968832,,,Intel(R) Xeon(R) 6975P-C,c8i.8xlarge,ami-0f8a61b66d1accaee,f9811930-82aa-4e3e-a686-48611cf5212d
qv-multicore-v1-2026082,qv-multicore-v1,aws-c8i-8xlarge-ubuntu2404-v1,1,1,4da543ee-7b30-47b3-a058-f6720f4deb05,clifft-0.9.0-scaling--q18-seed43-t2,188,clifft-scaling,clifft-0.9.0-scaling,Clifft,0.9.0,0.9.0,87175b513b8d944955102230b9c7931be1570ef2,clifft,18,18,43,2,2,"0,1",success,0.05623695800022688,0.013724163000006229,0.04251279500022065,46927872,,,Intel(R) Xeon(R) 6975P-C,c8i.8xlarge,ami-0f8a61b66d1accaee,f9811930-82aa-4e3e-a686-48611cf5212d
qv-multicore-v1-2026082,qv-multicore-v1,aws-c8i-8xlarge-ubuntu2404-v1,1,1,4da543ee-7b30-47b3-a058-f6720f4deb05,clifft-0.9.0-scaling--q18-seed43-t1,189,clifft-scaling,clifft-0.9.0-scaling,Clifft,0.9.0,0.9.0,87175b513b8d944955102230b9c7931be1570ef2,clifft,18,18,43,1,1,0,success,0.050456149000638106,0.01417339800082118,0.036282750999816926,46919680,,,Intel(R) Xeon(R) 6975P-C,c8i.8xlarge,ami-0f8a61b66d1accaee,f9811930-82aa-4e3e-a686-48611cf5212d
qv-multicore-v1-2026082,qv-multicore-v1,aws-c8i-8xlarge-ubuntu2404-v1,1,1,4da543ee-7b30-47b3-a058-f6720f4deb05,clifft-0.9.0-scaling--q18-seed44-t1,190,clifft-scaling,clifft-0.9.0-scaling,Clifft,0.9.0,0.9.0,87175b513b8d944955102230b9c7931be1570ef2,clifft,18,18,44,1,1,0,success,0.052487744000245584,0.014563550000275427,0.03792419399997016,47603712,,,Intel(R) Xeon(R) 6975P-C,c8i.8xlarge,ami-0f8a61b66d1accaee,f9811930-82aa-4e3e-a686-48611cf5212d
qv-multicore-v1-2026082,qv-multicore-v1,aws-c8i-8xlarge-ubuntu2404-v1,1,1,4da543ee-7b30-47b3-a058-f6720f4deb05,clifft-0.9.0-scaling--q18-seed44-t2,191,clifft-scaling,clifft-0.9.0-scaling,Clifft,0.9.0,0.9.0,87175b513b8d944955102230b9c7931be1570ef2,clifft,18,18,44,2,2,"0,1",success,0.054514922000635124,0.029217784000138636,0.02529713800049649,47329280,,,Intel(R) Xeon(R) 6975P-C,c8i.8xlarge,ami-0f8a61b66d1accaee,f9811930-82aa-4e3e-a686-48611cf5212d
qv-multicore-v1-2026082,qv-multicore-v1,aws-c8i-8xlarge-ubuntu2404-v1,1,1,4da543ee-7b30-47b3-a058-f6720f4deb05,clifft-0.9.0-scaling--q18-seed44-t4,192,clifft-scaling,clifft-0.9.0-scaling,Clifft,0.9.0,0.9.0,87175b513b8d944955102230b9c7931be1570ef2,clifft,18,18,44,4,4,"0,1,2,3",success,0.04717364400039514,0.026639235999937227,0.020534408000457915,47140864,,,Intel(R) Xeon(R) 6975P-C,c8i.8xlarge,ami-0f8a61b66d1accaee,f9811930-82aa-4e3e-a686-48611cf5212d
qv-multicore-v1-2026082,qv-multicore-v1,aws-c8i-8xlarge-ubuntu2404-v1,1,1,4da543ee-7b30-47b3-a058-f6720f4deb05,clifft-0.9.0-scaling--q18-seed44-t8,193,clifft-scaling,clifft-0.9.0-scaling,Clifft,0.9.0,0.9.0,87175b513b8d944955102230b9c7931be1570ef2,clifft,18,18,44,8,8,"0,1,2,3,4,5,6,7",success,0.04583752600046864,0.029591344999971625,0.016246181000497018,47763456,,,Intel(R) Xeon(R) 6975P-C,c8i.8xlarge,ami-0f8a61b66d1accaee,f9811930-82aa-4e3e-a686-48611cf5212d
qv-multicore-v1-2026082,qv-multicore-v1,aws-c8i-8xlarge-ubuntu2404-v1,1,1,4da543ee-7b30-47b3-a058-f6720f4deb05,clifft-0.9.0-scaling--q18-seed44-t16,194,clifft-scaling,clifft-0.9.0-scaling,Clifft,0.9.0,0.9.0,87175b513b8d944955102230b9c7931be1570ef2,clifft,18,18,44,16,16,"0,1,2,3,4,5,6,7,8,9,10,11,12,13,14,15",success,0.04335494299994025,0.02953644599983818,0.01381849700010207,48005120,,,Intel(R) Xeon(R) 6975P-C,c8i.8xlarge,ami-0f8a61b66d1accaee,f9811930-82aa-4e3e-a686-48611cf5212d
qv-multicore-v1-2026082,qv-multicore-v1,aws-c8i-8xlarge-ubuntu2404-v1,1,1,4da543ee-7b30-47b3-a058-f6720f4deb05,clifft-0.9.0-scaling--q20-seed42-t16,195,clifft-scaling,clifft-0.9.0-scaling,Clifft,0.9.0,0.9.0,87175b513b8d944955102230b9c7931be1570ef2,clifft,20,20,42,16,16,"0,1,2,3,4,5,6,7,8,9,10,11,12,13,14,15",success,0.04943566200017813,0.01856896500066796,0.030866696999510168,63152128,,,Intel(R) Xeon(R) 6975P-C,c8i.8xlarge,ami-0f8a61b66d1accaee,f9811930-82aa-4e3e-a686-48611cf5212d
qv-multicore-v1-2026082,qv-multicore-v1,aws-c8i-8xlarge-ubuntu2404-v1,1,1,4da543ee-7b30-47b3-a058-f6720f4deb05,clifft-0.9.0-scaling--q20-seed42-t8,196,clifft-scaling,clifft-0.9.0-scaling,Clifft,0.9.0,0.9.0,87175b513b8d944955102230b9c7931be1570ef2,clifft,20,20,42,8,8,"0,1,2,3,4,5,6,7",success,0.06028680199960945,0.02722190100030275,0.0330649009993067,62849024,,,Intel(R) Xeon(R) 6975P-C,c8i.8xlarge,ami-0f8a61b66d1accaee,f9811930-82aa-4e3e-a686-48611cf5212d
qv-multicore-v1-2026082,qv-multicore-v1,aws-c8i-8xlarge-ubuntu2404-v1,1,1,4da543ee-7b30-47b3-a058-f6720f4deb05,clifft-0.9.0-scaling--q20-seed42-t4,197,clifft-scaling,clifft-0.9.0-scaling,Clifft,0.9.0,0.9.0,87175b513b8d944955102230b9c7931be1570ef2,clifft,20,20,42,4,4,"0,1,2,3",success,0.08092556100018555,0.027732675999686762,0.05319288500049879,62545920,,,Intel(R) Xeon(R) 6975P-C,c8i.8xlarge,ami-0f8a61b66d1accaee,f9811930-82aa-4e3e-a686-48611cf5212d
qv-multicore-v1-2026082,qv-multicore-v1,aws-c8i-8xlarge-ubuntu2404-v1,1,1,4da543ee-7b30-47b3-a058-f6720f4deb05,clifft-0.9.0-scaling--q20-seed42-t2,198,clifft-scaling,clifft-0.9.0-scaling,Clifft,0.9.0,0.9.0,87175b513b8d944955102230b9c7931be1570ef2,clifft,20,20,42,2,2,"0,1",success,0.12304376500014769,0.02703128499979357,0.09601248000035412,62750720,,,Intel(R) Xeon(R) 6975P-C,c8i.8xlarge,ami-0f8a61b66d1accaee,f9811930-82aa-4e3e-a686-48611cf5212d
qv-multicore-v1-2026082,qv-multicore-v1,aws-c8i-8xlarge-ubuntu2404-v1,1,1,4da543ee-7b30-47b3-a058-f6720f4deb05,clifft-0.9.0-scaling--q20-seed42-t1,199,clifft-scaling,clifft-0.9.0-scaling,Clifft,0.9.0,0.9.0,87175b513b8d944955102230b9c7931be1570ef2,clifft,20,20,42,1,1,0,success,0.17997284999910335,0.018794693999552692,0.16117815599955065,62701568,,,Intel(R) Xeon(R) 6975P-C,c8i.8xlarge,ami-0f8a61b66d1accaee,f9811930-82aa-4e3e-a686-48611cf5212d
qv-multicore-v1-2026082,qv-multicore-v1,aws-c8i-8xlarge-ubuntu2404-v1,1,1,4da543ee-7b30-47b3-a058-f6720f4deb05,clifft-0.9.0-scaling--q20-seed43-t1,200,clifft-scaling,clifft-0.9.0-scaling,Clifft,0.9.0,0.9.0,87175b513b8d944955102230b9c7931be1570ef2,clifft,20,20,43,1,1,0,success,0.1999242050005705,0.018264252000335546,0.18165995300023496,63422464,,,Intel(R) Xeon(R) 6975P-C,c8i.8xlarge,ami-0f8a61b66d1accaee,f9811930-82aa-4e3e-a686-48611cf5212d
qv-multicore-v1-2026082,qv-multicore-v1,aws-c8i-8xlarge-ubuntu2404-v1,1,1,4da543ee-7b30-47b3-a058-f6720f4deb05,clifft-0.9.0-scaling--q20-seed43-t2,201,clifft-scaling,clifft-0.9.0-scaling,Clifft,0.9.0,0.9.0,87175b513b8d944955102230b9c7931be1570ef2,clifft,20,20,43,2,2,"0,1",success,0.1328718229997321,0.01817662899975403,0.11469519399997807,63266816,,,Intel(R) Xeon(R) 6975P-C,c8i.8xlarge,ami-0f8a61b66d1accaee,f9811930-82aa-4e3e-a686-48611cf5212d
qv-multicore-v1-2026082,qv-multicore-v1,aws-c8i-8xlarge-ubuntu2404-v1,1,1,4da543ee-7b30-47b3-a058-f6720f4deb05,clifft-0.9.0-scaling--q20-seed43-t4,202,clifft-scaling,clifft-0.9.0-scaling,Clifft,0.9.0,0.9.0,87175b513b8d944955102230b9c7931be1570ef2,clifft,20,20,43,4,4,"0,1,2,3",success,0.08526847599932807,0.018510891999540036,0.06675758399978804,63471616,,,Intel(R) Xeon(R) 6975P-C,c8i.8xlarge,ami-0f8a61b66d1accaee,f9811930-82aa-4e3e-a686-48611cf5212d
qv-multicore-v1-2026082,qv-multicore-v1,aws-c8i-8xlarge-ubuntu2404-v1,1,1,4da543ee-7b30-47b3-a058-f6720f4deb05,clifft-0.9.0-scaling--q20-seed43-t8,203,clifft-scaling,clifft-0.9.0-scaling,Clifft,0.9.0,0.9.0,87175b513b8d944955102230b9c7931be1570ef2,clifft,20,20,43,8,8,"0,1,2,3,4,5,6,7",success,0.06750441000076535,0.030972036000093794,0.03653237400067155,63418368,,,Intel(R) Xeon(R) 6975P-C,c8i.8xlarge,ami-0f8a61b66d1accaee,f9811930-82aa-4e3e-a686-48611cf5212d
qv-multicore-v1-2026082,qv-multicore-v1,aws-c8i-8xlarge-ubuntu2404-v1,1,1,4da543ee-7b30-47b3-a058-f6720f4deb05,clifft-0.9.0-scaling--q20-seed43-t16,204,clifft-scaling,clifft-0.9.0-scaling,Clifft,0.9.0,0.9.0,87175b513b8d944955102230b9c7931be1570ef2,clifft,20,20,43,16,16,"0,1,2,3,4,5,6,7,8,9,10,11,12,13,14,15",success,0.05598991799979558,0.03151034799975605,0.02447957000003953,64229376,,,Intel(R) Xeon(R) 6975P-C,c8i.8xlarge,ami-0f8a61b66d1accaee,f9811930-82aa-4e3e-a686-48611cf5212d
qv-multicore-v1-2026082,qv-multicore-v1,aws-c8i-8xlarge-ubuntu2404-v1,1,1,4da543ee-7b30-47b3-a058-f6720f4deb05,clifft-0.9.0-scaling--q20-seed44-t16,205,clifft-scaling,clifft-0.9.0-scaling,Clifft,0.9.0,0.9.0,87175b513b8d944955102230b9c7931be1570ef2,clifft,20,20,44,16,16,"0,1,2,3,4,5,6,7,8,9,10,11,12,13,14,15",success,0.058603461999155115,0.03260382899952674,0.025999632999628375,62803968,,,Intel(R) Xeon(R) 6975P-C,c8i.8xlarge,ami-0f8a61b66d1accaee,f9811930-82aa-4e3e-a686-48611cf5212d
qv-multicore-v1-2026082,qv-multicore-v1,aws-c8i-8xlarge-ubuntu2404-v1,1,1,4da543ee-7b30-47b3-a058-f6720f4deb05,clifft-0.9.0-scaling--q20-seed44-t8,206,clifft-scaling,clifft-0.9.0-scaling,Clifft,0.9.0,0.9.0,87175b513b8d944955102230b9c7931be1570ef2,clifft,20,20,44,8,8,"0,1,2,3,4,5,6,7",success,0.06449051599975064,0.017883159999655618,0.046607356000095024,62103552,,,Intel(R) Xeon(R) 6975P-C,c8i.8xlarge,ami-0f8a61b66d1accaee,f9811930-82aa-4e3e-a686-48611cf5212d
qv-multicore-v1-2026082,qv-multicore-v1,aws-c8i-8xlarge-ubuntu2404-v1,1,1,4da543ee-7b30-47b3-a058-f6720f4deb05,clifft-0.9.0-scaling--q20-seed44-t4,207,clifft-scaling,clifft-0.9.0-scaling,Clifft,0.9.0,0.9.0,87175b513b8d944955102230b9c7931be1570ef2,clifft,20,20,44,4,4,"0,1,2,3",success,0.08777962600015599,0.018206139000540134,0.06957348699961585,62005248,,,Intel(R) Xeon(R) 6975P-C,c8i.8xlarge,ami-0f8a61b66d1accaee,f9811930-82aa-4e3e-a686-48611cf5212d
qv-multicore-v1-2026082,qv-multicore-v1,aws-c8i-8xlarge-ubuntu2404-v1,1,1,4da543ee-7b30-47b3-a058-f6720f4deb05,clifft-0.9.0-scaling--q20-seed44-t2,208,clifft-scaling,clifft-0.9.0-scaling,Clifft,0.9.0,0.9.0,87175b513b8d944955102230b9c7931be1570ef2,clifft,20,20,44,2,2,"0,1",success,0.1454487800001516,0.017982370000027004,0.1274664100001246,62205952,,,Intel(R) Xeon(R) 6975P-C,c8i.8xlarge,ami-0f8a61b66d1accaee,f9811930-82aa-4e3e-a686-48611cf5212d
qv-multicore-v1-2026082,qv-multicore-v1,aws-c8i-8xlarge-ubuntu2404-v1,1,1,4da543ee-7b30-47b3-a058-f6720f4deb05,clifft-0.9.0-scaling--q20-seed44-t1,209,clifft-scaling,clifft-0.9.0-scaling,Clifft,0.9.0,0.9.0,87175b513b8d944955102230b9c7931be1570ef2,clifft,20,20,44,1,1,0,success,0.21203806799985614,0.01801205799984018,0.19402601000001596,62103552,,,Intel(R) Xeon(R) 6975P-C,c8i.8xlarge,ami-0f8a61b66d1accaee,f9811930-82aa-4e3e-a686-48611cf5212d
qv-multicore-v1-2026082,qv-multicore-v1,aws-c8i-8xlarge-ubuntu2404-v1,1,1,4da543ee-7b30-47b3-a058-f6720f4deb05,clifft-0.9.0-scaling--q22-seed42-t1,210,clifft-scaling,clifft-0.9.0-scaling,Clifft,0.9.0,0.9.0,87175b513b8d944955102230b9c7931be1570ef2,clifft,22,22,42,1,1,0,success,0.8852551170002698,0.022950317000322684,0.8623047999999471,116482048,,,Intel(R) Xeon(R) 6975P-C,c8i.8xlarge,ami-0f8a61b66d1accaee,f9811930-82aa-4e3e-a686-48611cf5212d
qv-multicore-v1-2026082,qv-multicore-v1,aws-c8i-8xlarge-ubuntu2404-v1,1,1,4da543ee-7b30-47b3-a058-f6720f4deb05,clifft-0.9.0-scaling--q22-seed42-t2,211,clifft-scaling,clifft-0.9.0-scaling,Clifft,0.9.0,0.9.0,87175b513b8d944955102230b9c7931be1570ef2,clifft,22,22,42,2,2,"0,1",success,0.5243555719989672,0.023199723999823618,0.5011558479991436,116510720,,,Intel(R) Xeon(R) 6975P-C,c8i.8xlarge,ami-0f8a61b66d1accaee,f9811930-82aa-4e3e-a686-48611cf5212d
qv-multicore-v1-2026082,qv-multicore-v1,aws-c8i-8xlarge-ubuntu2404-v1,1,1,4da543ee-7b30-47b3-a058-f6720f4deb05,clifft-0.9.0-scaling--q22-seed42-t4,212,clifft-scaling,clifft-0.9.0-scaling,Clifft,0.9.0,0.9.0,87175b513b8d944955102230b9c7931be1570ef2,clifft,22,22,42,4,4,"0,1,2,3",success,0.2952576659999977,0.03246764899995469,0.262790017000043,116355072,,,Intel(R) Xeon(R) 6975P-C,c8i.8xlarge,ami-0f8a61b66d1accaee,f9811930-82aa-4e3e-a686-48611cf5212d
qv-multicore-v1-2026082,qv-multicore-v1,aws-c8i-8xlarge-ubuntu2404-v1,1,1,4da543ee-7b30-47b3-a058-f6720f4deb05,clifft-0.9.0-scaling--q22-seed42-t8,213,clifft-scaling,clifft-0.9.0-scaling,Clifft,0.9.0,0.9.0,87175b513b8d944955102230b9c7931be1570ef2,clifft,22,22,42,8,8,"0,1,2,3,4,5,6,7",success,0.16952899299940327,0.023365338000076008,0.14616365499932726,116793344,,,Intel(R) Xeon(R) 6975P-C,c8i.8xlarge,ami-0f8a61b66d1accaee,f9811930-82aa-4e3e-a686-48611cf5212d
qv-multicore-v1-2026082,qv-multicore-v1,aws-c8i-8xlarge-ubuntu2404-v1,1,1,4da543ee-7b30-47b3-a058-f6720f4deb05,clifft-0.9.0-scaling--q22-seed42-t16,214,clifft-scaling,clifft-0.9.0-scaling,Clifft,0.9.0,0.9.0,87175b513b8d944955102230b9c7931be1570ef2,clifft,22,22,42,16,16,"0,1,2,3,4,5,6,7,8,9,10,11,12,13,14,15",success,0.11783945700062759,0.032456570000249485,0.0853828870003781,117125120,,,Intel(R) Xeon(R) 6975P-C,c8i.8xlarge,ami-0f8a61b66d1accaee,f9811930-82aa-4e3e-a686-48611cf5212d
qv-multicore-v1-2026082,qv-multicore-v1,aws-c8i-8xlarge-ubuntu2404-v1,1,1,4da543ee-7b30-47b3-a058-f6720f4deb05,clifft-0.9.0-scaling--q22-seed43-t16,215,clifft-scaling,clifft-0.9.0-scaling,Clifft,0.9.0,0.9.0,87175b513b8d944955102230b9c7931be1570ef2,clifft,22,22,43,16,16,"0,1,2,3,4,5,6,7,8,9,10,11,12,13,14,15",success,0.12589209500038123,0.03749256500032061,0.08839953000006062,118460416,,,Intel(R) Xeon(R) 6975P-C,c8i.8xlarge,ami-0f8a61b66d1accaee,f9811930-82aa-4e3e-a686-48611cf5212d
qv-multicore-v1-2026082,qv-multicore-v1,aws-c8i-8xlarge-ubuntu2404-v1,1,1,4da543ee-7b30-47b3-a058-f6720f4deb05,clifft-0.9.0-scaling--q22-seed43-t8,216,clifft-scaling,clifft-0.9.0-scaling,Clifft,0.9.0,0.9.0,87175b513b8d944955102230b9c7931be1570ef2,clifft,22,22,43,8,8,"0,1,2,3,4,5,6,7",success,0.18253290300071967,0.03373529500004224,0.14879760800067743,117735424,,,Intel(R) Xeon(R) 6975P-C,c8i.8xlarge,ami-0f8a61b66d1accaee,f9811930-82aa-4e3e-a686-48611cf5212d
qv-multicore-v1-2026082,qv-multicore-v1,aws-c8i-8xlarge-ubuntu2404-v1,1,1,4da543ee-7b30-47b3-a058-f6720f4deb05,clifft-0.9.0-scaling--q22-seed43-t4,217,clifft-scaling,clifft-0.9.0-scaling,Clifft,0.9.0,0.9.0,87175b513b8d944955102230b9c7931be1570ef2,clifft,22,22,43,4,4,"0,1,2,3",success,0.3028933830000824,0.025157449999824166,0.27773593300025823,117665792,,,Intel(R) Xeon(R) 6975P-C,c8i.8xlarge,ami-0f8a61b66d1accaee,f9811930-82aa-4e3e-a686-48611cf5212d
qv-multicore-v1-2026082,qv-multicore-v1,aws-c8i-8xlarge-ubuntu2404-v1,1,1,4da543ee-7b30-47b3-a058-f6720f4deb05,clifft-0.9.0-scaling--q22-seed43-t2,218,clifft-scaling,clifft-0.9.0-scaling,Clifft,0.9.0,0.9.0,87175b513b8d944955102230b9c7931be1570ef2,clifft,22,22,43,2,2,"0,1",success,0.5557831420001094,0.033729068999491574,0.5220540730006178,117563392,,,Intel(R) Xeon(R) 6975P-C,c8i.8xlarge,ami-0f8a61b66d1accaee,f9811930-82aa-4e3e-a686-48611cf5212d
qv-multicore-v1-2026082,qv-multicore-v1,aws-c8i-8xlarge-ubuntu2404-v1,1,1,4da543ee-7b30-47b3-a058-f6720f4deb05,clifft-0.9.0-scaling--q22-seed43-t1,219,clifft-scaling,clifft-0.9.0-scaling,Clifft,0.9.0,0.9.0,87175b513b8d944955102230b9c7931be1570ef2,clifft,22,22,43,1,1,0,success,0.9362320459995317,0.024906286999794247,0.9113257589997374,117592064,,,Intel(R) Xeon(R) 6975P-C,c8i.8xlarge,ami-0f8a61b66d1accaee,f9811930-82aa-4e3e-a686-48611cf5212d
qv-multicore-v1-2026082,qv-multicore-v1,aws-c8i-8xlarge-ubuntu2404-v1,1,1,4da543ee-7b30-47b3-a058-f6720f4deb05,clifft-0.9.0-scaling--q22-seed44-t1,220,clifft-scaling,clifft-0.9.0-scaling,Clifft,0.9.0,0.9.0,87175b513b8d944955102230b9c7931be1570ef2,clifft,22,22,44,1,1,0,success,0.9265750719996504,0.023691270999734115,0.9028838009999163,116486144,,,Intel(R) Xeon(R) 6975P-C,c8i.8xlarge,ami-0f8a61b66d1accaee,f9811930-82aa-4e3e-a686-48611cf5212d
qv-multicore-v1-2026082,qv-multicore-v1,aws-c8i-8xlarge-ubuntu2404-v1,1,1,4da543ee-7b30-47b3-a058-f6720f4deb05,clifft-0.9.0-scaling--q22-seed44-t2,221,clifft-scaling,clifft-0.9.0-scaling,Clifft,0.9.0,0.9.0,87175b513b8d944955102230b9c7931be1570ef2,clifft,22,22,44,2,2,"0,1",success,0.5430298449991824,0.023418492999553564,0.5196113519996288,116490240,,,Intel(R) Xeon(R) 6975P-C,c8i.8xlarge,ami-0f8a61b66d1accaee,f9811930-82aa-4e3e-a686-48611cf5212d
qv-multicore-v1-2026082,qv-multicore-v1,aws-c8i-8xlarge-ubuntu2404-v1,1,1,4da543ee-7b30-47b3-a058-f6720f4deb05,clifft-0.9.0-scaling--q22-seed44-t4,222,clifft-scaling,clifft-0.9.0-scaling,Clifft,0.9.0,0.9.0,87175b513b8d944955102230b9c7931be1570ef2,clifft,22,22,44,4,4,"0,1,2,3",success,0.3079811140005404,0.034327065000070434,0.27365404900046997,116580352,,,Intel(R) Xeon(R) 6975P-C,c8i.8xlarge,ami-0f8a61b66d1accaee,f9811930-82aa-4e3e-a686-48611cf5212d
qv-multicore-v1-2026082,qv-multicore-v1,aws-c8i-8xlarge-ubuntu2404-v1,1,1,4da543ee-7b30-47b3-a058-f6720f4deb05,clifft-0.9.0-scaling--q22-seed44-t8,223,clifft-scaling,clifft-0.9.0-scaling,Clifft,0.9.0,0.9.0,87175b513b8d944955102230b9c7931be1570ef2,clifft,22,22,44,8,8,"0,1,2,3,4,5,6,7",success,0.18213344500054518,0.033234676000574837,0.14889876899997034,116875264,,,Intel(R) Xeon(R) 6975P-C,c8i.8xlarge,ami-0f8a61b66d1accaee,f9811930-82aa-4e3e-a686-48611cf5212d
qv-multicore-v1-2026082,qv-multicore-v1,aws-c8i-8xlarge-ubuntu2404-v1,1,1,4da543ee-7b30-47b3-a058-f6720f4deb05,clifft-0.9.0-scaling--q22-seed44-t16,224,clifft-scaling,clifft-0.9.0-scaling,Clifft,0.9.0,0.9.0,87175b513b8d944955102230b9c7931be1570ef2,clifft,22,22,44,16,16,"0,1,2,3,4,5,6,7,8,9,10,11,12,13,14,15",success,0.11808981200101698,0.029485445000318578,0.0886043670006984,116686848,,,Intel(R) Xeon(R) 6975P-C,c8i.8xlarge,ami-0f8a61b66d1accaee,f9811930-82aa-4e3e-a686-48611cf5212d
qv-multicore-v1-2026082,qv-multicore-v1,aws-c8i-8xlarge-ubuntu2404-v1,1,1,4da543ee-7b30-47b3-a058-f6720f4deb05,clifft-0.9.0-scaling--q24-seed42-t16,225,clifft-scaling,clifft-0.9.0-scaling,Clifft,0.9.0,0.9.0,87175b513b8d944955102230b9c7931be1570ef2,clifft,24,24,42,16,16,"0,1,2,3,4,5,6,7,8,9,10,11,12,13,14,15",success,0.701000808999197,0.02915750099964498,0.671843307999552,322666496,,,Intel(R) Xeon(R) 6975P-C,c8i.8xlarge,ami-0f8a61b66d1accaee,f9811930-82aa-4e3e-a686-48611cf5212d
qv-multicore-v1-2026082,qv-multicore-v1,aws-c8i-8xlarge-ubuntu2404-v1,1,1,4da543ee-7b30-47b3-a058-f6720f4deb05,clifft-0.9.0-scaling--q24-seed42-t8,226,clifft-scaling,clifft-0.9.0-scaling,Clifft,0.9.0,0.9.0,87175b513b8d944955102230b9c7931be1570ef2,clifft,24,24,42,8,8,"0,1,2,3,4,5,6,7",success,1.1028401759995177,0.02942069199980324,1.0734194839997144,322039808,,,Intel(R) Xeon(R) 6975P-C,c8i.8xlarge,ami-0f8a61b66d1accaee,f9811930-82aa-4e3e-a686-48611cf5212d
qv-multicore-v1-2026082,qv-multicore-v1,aws-c8i-8xlarge-ubuntu2404-v1,1,1,4da543ee-7b30-47b3-a058-f6720f4deb05,clifft-0.9.0-scaling--q24-seed42-t4,227,clifft-scaling,clifft-0.9.0-scaling,Clifft,0.9.0,0.9.0,87175b513b8d944955102230b9c7931be1570ef2,clifft,24,24,42,4,4,"0,1,2,3",success,1.9174025160000383,0.032702759000130754,1.8846997569999075,321708032,,,Intel(R) Xeon(R) 6975P-C,c8i.8xlarge,ami-0f8a61b66d1accaee,f9811930-82aa-4e3e-a686-48611cf5212d
qv-multicore-v1-2026082,qv-multicore-v1,aws-c8i-8xlarge-ubuntu2404-v1,1,1,4da543ee-7b30-47b3-a058-f6720f4deb05,clifft-0.9.0-scaling--q24-seed42-t2,228,clifft-scaling,clifft-0.9.0-scaling,Clifft,0.9.0,0.9.0,87175b513b8d944955102230b9c7931be1570ef2,clifft,24,24,42,2,2,"0,1",success,3.6435179259997312,0.02889854499971989,3.6146193810000113,321925120,,,Intel(R) Xeon(R) 6975P-C,c8i.8xlarge,ami-0f8a61b66d1accaee,f9811930-82aa-4e3e-a686-48611cf5212d
qv-multicore-v1-2026082,qv-multicore-v1,aws-c8i-8xlarge-ubuntu2404-v1,1,1,4da543ee-7b30-47b3-a058-f6720f4deb05,clifft-0.9.0-scaling--q24-seed42-t1,229,clifft-scaling,clifft-0.9.0-scaling,Clifft,0.9.0,0.9.0,87175b513b8d944955102230b9c7931be1570ef2,clifft,24,24,42,1,1,0,success,7.130306233999363,0.02910773599978711,7.101198497999576,321835008,,,Intel(R) Xeon(R) 6975P-C,c8i.8xlarge,ami-0f8a61b66d1accaee,f9811930-82aa-4e3e-a686-48611cf5212d
qv-multicore-v1-2026082,qv-multicore-v1,aws-c8i-8xlarge-ubuntu2404-v1,1,1,4da543ee-7b30-47b3-a058-f6720f4deb05,clifft-0.9.0-scaling--q24-seed43-t1,230,clifft-scaling,clifft-0.9.0-scaling,Clifft,0.9.0,0.9.0,87175b513b8d944955102230b9c7931be1570ef2,clifft,24,24,43,1,1,0,success,6.600312341999597,0.028123017999860167,6.572189323999737,321060864,,,Intel(R) Xeon(R) 6975P-C,c8i.8xlarge,ami-0f8a61b66d1accaee,f9811930-82aa-4e3e-a686-48611cf5212d
qv-multicore-v1-2026082,qv-multicore-v1,aws-c8i-8xlarge-ubuntu2404-v1,1,1,4da543ee-7b30-47b3-a058-f6720f4deb05,clifft-0.9.0-scaling--q24-seed43-t2,231,clifft-scaling,clifft-0.9.0-scaling,Clifft,0.9.0,0.9.0,87175b513b8d944955102230b9c7931be1570ef2,clifft,24,24,43,2,2,"0,1",success,3.4987988160000896,0.034018844999991416,3.464779971000098,320847872,,,Intel(R) Xeon(R) 6975P-C,c8i.8xlarge,ami-0f8a61b66d1accaee,f9811930-82aa-4e3e-a686-48611cf5212d
qv-multicore-v1-2026082,qv-multicore-v1,aws-c8i-8xlarge-ubuntu2404-v1,1,1,4da543ee-7b30-47b3-a058-f6720f4deb05,clifft-0.9.0-scaling--q24-seed43-t4,232,clifft-scaling,clifft-0.9.0-scaling,Clifft,0.9.0,0.9.0,87175b513b8d944955102230b9c7931be1570ef2,clifft,24,24,43,4,4,"0,1,2,3",success,1.8845451830002276,0.031167295000159356,1.8533778880000682,320864256,,,Intel(R) Xeon(R) 6975P-C,c8i.8xlarge,ami-0f8a61b66d1accaee,f9811930-82aa-4e3e-a686-48611cf5212d
qv-multicore-v1-2026082,qv-multicore-v1,aws-c8i-8xlarge-ubuntu2404-v1,1,1,4da543ee-7b30-47b3-a058-f6720f4deb05,clifft-0.9.0-scaling--q24-seed43-t8,233,clifft-scaling,clifft-0.9.0-scaling,Clifft,0.9.0,0.9.0,87175b513b8d944955102230b9c7931be1570ef2,clifft,24,24,43,8,8,"0,1,2,3,4,5,6,7",success,1.0542900119999103,0.03439742099999421,1.0198925909999161,321015808,,,Intel(R) Xeon(R) 6975P-C,c8i.8xlarge,ami-0f8a61b66d1accaee,f9811930-82aa-4e3e-a686-48611cf5212d
qv-multicore-v1-2026082,qv-multicore-v1,aws-c8i-8xlarge-ubuntu2404-v1,1,1,4da543ee-7b30-47b3-a058-f6720f4deb05,clifft-0.9.0-scaling--q24-seed43-t16,234,clifft-scaling,clifft-0.9.0-scaling,Clifft,0.9.0,0.9.0,87175b513b8d944955102230b9c7931be1570ef2,clifft,24,24,43,16,16,"0,1,2,3,4,5,6,7,8,9,10,11,12,13,14,15",success,0.6572755600009259,0.031321729000410414,0.6259538310005155,321720320,,,Intel(R) Xeon(R) 6975P-C,c8i.8xlarge,ami-0f8a61b66d1accaee,f9811930-82aa-4e3e-a686-48611cf5212d
qv-multicore-v1-2026082,qv-multicore-v1,aws-c8i-8xlarge-ubuntu2404-v1,1,1,4da543ee-7b30-47b3-a058-f6720f4deb05,clifft-0.9.0-scaling--q24-seed44-t16,235,clifft-scaling,clifft-0.9.0-scaling,Clifft,0.9.0,0.9.0,87175b513b8d944955102230b9c7931be1570ef2,clifft,24,24,44,16,16,"0,1,2,3,4,5,6,7,8,9,10,11,12,13,14,15",success,0.7405294720001621,0.031102724999982456,0.7094267470001796,320847872,,,Intel(R) Xeon(R) 6975P-C,c8i.8xlarge,ami-0f8a61b66d1accaee,f9811930-82aa-4e3e-a686-48611cf5212d
qv-multicore-v1-2026082,qv-multicore-v1,aws-c8i-8xlarge-ubuntu2404-v1,1,1,4da543ee-7b30-47b3-a058-f6720f4deb05,clifft-0.9.0-scaling--q24-seed44-t8,236,clifft-scaling,clifft-0.9.0-scaling,Clifft,0.9.0,0.9.0,87175b513b8d944955102230b9c7931be1570ef2,clifft,24,24,44,8,8,"0,1,2,3,4,5,6,7",success,1.1934179019999647,0.027008334000129253,1.1664095679998354,320049152,,,Intel(R) Xeon(R) 6975P-C,c8i.8xlarge,ami-0f8a61b66d1accaee,f9811930-82aa-4e3e-a686-48611cf5212d
qv-multicore-v1-2026082,qv-multicore-v1,aws-c8i-8xlarge-ubuntu2404-v1,1,1,4da543ee-7b30-47b3-a058-f6720f4deb05,clifft-0.9.0-scaling--q24-seed44-t4,237,clifft-scaling,clifft-0.9.0-scaling,Clifft,0.9.0,0.9.0,87175b513b8d944955102230b9c7931be1570ef2,clifft,24,24,44,4,4,"0,1,2,3",success,2.0397444119989814,0.02735880299951532,2.012385608999466,320110592,,,Intel(R) Xeon(R) 6975P-C,c8i.8xlarge,ami-0f8a61b66d1accaee,f9811930-82aa-4e3e-a686-48611cf5212d
qv-multicore-v1-2026082,qv-multicore-v1,aws-c8i-8xlarge-ubuntu2404-v1,1,1,4da543ee-7b30-47b3-a058-f6720f4deb05,clifft-0.9.0-scaling--q24-seed44-t2,238,clifft-scaling,clifft-0.9.0-scaling,Clifft,0.9.0,0.9.0,87175b513b8d944955102230b9c7931be1570ef2,clifft,24,24,44,2,2,"0,1",success,3.96583193799961,0.027045865999753005,3.938786071999857,320016384,,,Intel(R) Xeon(R) 6975P-C,c8i.8xlarge,ami-0f8a61b66d1accaee,f9811930-82aa-4e3e-a686-48611cf5212d
qv-multicore-v1-2026082,qv-multicore-v1,aws-c8i-8xlarge-ubuntu2404-v1,1,1,4da543ee-7b30-47b3-a058-f6720f4deb05,clifft-0.9.0-scaling--q24-seed44-t1,239,clifft-scaling,clifft-0.9.0-scaling,Clifft,0.9.0,0.9.0,87175b513b8d944955102230b9c7931be1570ef2,clifft,24,24,44,1,1,0,success,7.785116169000503,0.026921143000436132,7.758195026000067,320040960,,,Intel(R) Xeon(R) 6975P-C,c8i.8xlarge,ami-0f8a61b66d1accaee,f9811930-82aa-4e3e-a686-48611cf5212d
qv-multicore-v1-2026082,qv-multicore-v1,aws-c8i-8xlarge-ubuntu2404-v1,1,1,4da543ee-7b30-47b3-a058-f6720f4deb05,clifft-0.9.0-scaling--q26-seed42-t1,240,clifft-scaling,clifft-0.9.0-scaling,Clifft,0.9.0,0.9.0,87175b513b8d944955102230b9c7931be1570ef2,clifft,26,26,42,1,1,0,success,42.096492665999904,0.03480954600036057,42.06168311999954,1130315776,,,Intel(R) Xeon(R) 6975P-C,c8i.8xlarge,ami-0f8a61b66d1accaee,f9811930-82aa-4e3e-a686-48611cf5212d
qv-multicore-v1-2026082,qv-multicore-v1,aws-c8i-8xlarge-ubuntu2404-v1,1,1,4da543ee-7b30-47b3-a058-f6720f4deb05,clifft-0.9.0-scaling--q26-seed42-t2,241,clifft-scaling,clifft-0.9.0-scaling,Clifft,0.9.0,0.9.0,87175b513b8d944955102230b9c7931be1570ef2,clifft,26,26,42,2,2,"0,1",success,20.045345601999543,0.034491401000195765,20.010854200999347,1130205184,,,Intel(R) Xeon(R) 6975P-C,c8i.8xlarge,ami-0f8a61b66d1accaee,f9811930-82aa-4e3e-a686-48611cf5212d
qv-multicore-v1-2026082,qv-multicore-v1,aws-c8i-8xlarge-ubuntu2404-v1,1,1,4da543ee-7b30-47b3-a058-f6720f4deb05,clifft-0.9.0-scaling--q26-seed42-t4,242,clifft-scaling,clifft-0.9.0-scaling,Clifft,0.9.0,0.9.0,87175b513b8d944955102230b9c7931be1570ef2,clifft,26,26,42,4,4,"0,1,2,3",success,10.932712834000085,0.03474154000014096,10.897971293999944,1130471424,,,Intel(R) Xeon(R) 6975P-C,c8i.8xlarge,ami-0f8a61b66d1accaee,f9811930-82aa-4e3e-a686-48611cf5212d
qv-multicore-v1-2026082,qv-multicore-v1,aws-c8i-8xlarge-ubuntu2404-v1,1,1,4da543ee-7b30-47b3-a058-f6720f4deb05,clifft-0.9.0-scaling--q26-seed42-t8,243,clifft-scaling,clifft-0.9.0-scaling,Clifft,0.9.0,0.9.0,87175b513b8d944955102230b9c7931be1570ef2,clifft,26,26,42,8,8,"0,1,2,3,4,5,6,7",success,6.85179426600007,0.03457733699997334,6.817216929000097,1130901504,,,Intel(R) Xeon(R) 6975P-C,c8i.8xlarge,ami-0f8a61b66d1accaee,f9811930-82aa-4e3e-a686-48611cf5212d
qv-multicore-v1-2026082,qv-multicore-v1,aws-c8i-8xlarge-ubuntu2404-v1,1,1,4da543ee-7b30-47b3-a058-f6720f4deb05,clifft-0.9.0-scaling--q26-seed42-t16,244,clifft-scaling,clifft-0.9.0-scaling,Clifft,0.9.0,0.9.0,87175b513b8d944955102230b9c7931be1570ef2,clifft,26,26,42,16,16,"0,1,2,3,4,5,6,7,8,9,10,11,12,13,14,15",success,5.1261600989992075,0.03487028799918335,5.091289811000024,1131040768,,,Intel(R) Xeon(R) 6975P-C,c8i.8xlarge,ami-0f8a61b66d1accaee,f9811930-82aa-4e3e-a686-48611cf5212d
qv-multicore-v1-2026082,qv-multicore-v1,aws-c8i-8xlarge-ubuntu2404-v1,1,1,4da543ee-7b30-47b3-a058-f6720f4deb05,clifft-0.9.0-scaling--q26-seed43-t16,245,clifft-scaling,clifft-0.9.0-scaling,Clifft,0.9.0,0.9.0,87175b513b8d944955102230b9c7931be1570ef2,clifft,26,26,43,16,16,"0,1,2,3,4,5,6,7,8,9,10,11,12,13,14,15",success,4.997561311999561,0.03256637300000875,4.964994938999553,1129312256,,,Intel(R) Xeon(R) 6975P-C,c8i.8xlarge,ami-0f8a61b66d1accaee,f9811930-82aa-4e3e-a686-48611cf5212d
qv-multicore-v1-2026082,qv-multicore-v1,aws-c8i-8xlarge-ubuntu2404-v1,1,1,4da543ee-7b30-47b3-a058-f6720f4deb05,clifft-0.9.0-scaling--q26-seed43-t8,246,clifft-scaling,clifft-0.9.0-scaling,Clifft,0.9.0,0.9.0,87175b513b8d944955102230b9c7931be1570ef2,clifft,26,26,43,8,8,"0,1,2,3,4,5,6,7",success,6.8308441339995625,0.03233562399964285,6.79850850999992,1128787968,,,Intel(R) Xeon(R) 6975P-C,c8i.8xlarge,ami-0f8a61b66d1accaee,f9811930-82aa-4e3e-a686-48611cf5212d
qv-multicore-v1-2026082,qv-multicore-v1,aws-c8i-8xlarge-ubuntu2404-v1,1,1,4da543ee-7b30-47b3-a058-f6720f4deb05,clifft-0.9.0-scaling--q26-seed43-t4,247,clifft-scaling,clifft-0.9.0-scaling,Clifft,0.9.0,0.9.0,87175b513b8d944955102230b9c7931be1570ef2,clifft,26,26,43,4,4,"0,1,2,3",success,11.03768242499973,0.033120506000159367,11.00456191899957,1128484864,,,Intel(R) Xeon(R) 6975P-C,c8i.8xlarge,ami-0f8a61b66d1accaee,f9811930-82aa-4e3e-a686-48611cf5212d
qv-multicore-v1-2026082,qv-multicore-v1,aws-c8i-8xlarge-ubuntu2404-v1,1,1,4da543ee-7b30-47b3-a058-f6720f4deb05,clifft-0.9.0-scaling--q26-seed43-t2,248,clifft-scaling,clifft-0.9.0-scaling,Clifft,0.9.0,0.9.0,87175b513b8d944955102230b9c7931be1570ef2,clifft,26,26,43,2,2,"0,1",success,20.12855425899943,0.032665728999745625,20.095888529999684,1128439808,,,Intel(R) Xeon(R) 6975P-C,c8i.8xlarge,ami-0f8a61b66d1accaee,f9811930-82aa-4e3e-a686-48611cf5212d
qv-multicore-v1-2026082,qv-multicore-v1,aws-c8i-8xlarge-ubuntu2404-v1,1,1,4da543ee-7b30-47b3-a058-f6720f4deb05,clifft-0.9.0-scaling--q26-seed43-t1,249,clifft-scaling,clifft-0.9.0-scaling,Clifft,0.9.0,0.9.0,87175b513b8d944955102230b9c7931be1570ef2,clifft,26,26,43,1,1,0,success,38.41772278499957,0.03264395099995454,38.385078833999614,1128382464,,,Intel(R) Xeon(R) 6975P-C,c8i.8xlarge,ami-0f8a61b66d1accaee,f9811930-82aa-4e3e-a686-48611cf5212d
qv-multicore-v1-2026082,qv-multicore-v1,aws-c8i-8xlarge-ubuntu2404-v1,1,1,4da543ee-7b30-47b3-a058-f6720f4deb05,clifft-0.9.0-scaling--q26-seed44-t1,250,clifft-scaling,clifft-0.9.0-scaling,Clifft,0.9.0,0.9.0,87175b513b8d944955102230b9c7931be1570ef2,clifft,26,26,44,1,1,0,success,38.24240973900032,0.033631330000389426,38.20877840899993,1128636416,,,Intel(R) Xeon(R) 6975P-C,c8i.8xlarge,ami-0f8a61b66d1accaee,f9811930-82aa-4e3e-a686-48611cf5212d
qv-multicore-v1-2026082,qv-multicore-v1,aws-c8i-8xlarge-ubuntu2404-v1,1,1,4da543ee-7b30-47b3-a058-f6720f4deb05,clifft-0.9.0-scaling--q26-seed44-t2,251,clifft-scaling,clifft-0.9.0-scaling,Clifft,0.9.0,0.9.0,87175b513b8d944955102230b9c7931be1570ef2,clifft,26,26,44,2,2,"0,1",success,19.841536897999504,0.03315716999986762,19.808379727999636,1128480768,,,Intel(R) Xeon(R) 6975P-C,c8i.8xlarge,ami-0f8a61b66d1accaee,f9811930-82aa-4e3e-a686-48611cf5212d
qv-multicore-v1-2026082,qv-multicore-v1,aws-c8i-8xlarge-ubuntu2404-v1,1,1,4da543ee-7b30-47b3-a058-f6720f4deb05,clifft-0.9.0-scaling--q26-seed44-t4,252,clifft-scaling,clifft-0.9.0-scaling,Clifft,0.9.0,0.9.0,87175b513b8d944955102230b9c7931be1570ef2,clifft,26,26,44,4,4,"0,1,2,3",success,10.904670889000045,0.033683526999993774,10.87098736200005,1128722432,,,Intel(R) Xeon(R) 6975P-C,c8i.8xlarge,ami-0f8a61b66d1accaee,f9811930-82aa-4e3e-a686-48611cf5212d
qv-multicore-v1-2026082,qv-multicore-v1,aws-c8i-8xlarge-ubuntu2404-v1,1,1,4da543ee-7b30-47b3-a058-f6720f4deb05,clifft-0.9.0-scaling--q26-seed44-t8,253,clifft-scaling,clifft-0.9.0-scaling,Clifft,0.9.0,0.9.0,87175b513b8d944955102230b9c7931be1570ef2,clifft,26,26,44,8,8,"0,1,2,3,4,5,6,7",success,6.725319668000338,0.03321430199957831,6.69210536600076,1129111552,,,Intel(R) Xeon(R) 6975P-C,c8i.8xlarge,ami-0f8a61b66d1accaee,f9811930-82aa-4e3e-a686-48611cf5212d
qv-multicore-v1-2026082,qv-multicore-v1,aws-c8i-8xlarge-ubuntu2404-v1,1,1,4da543ee-7b30-47b3-a058-f6720f4deb05,clifft-0.9.0-scaling--q26-seed44-t16,254,clifft-scaling,clifft-0.9.0-scaling,Clifft,0.9.0,0.9.0,87175b513b8d944955102230b9c7931be1570ef2,clifft,26,26,44,16,16,"0,1,2,3,4,5,6,7,8,9,10,11,12,13,14,15",success,4.990815948999625,0.032902676000048814,4.957913272999576,1129652224,,,Intel(R) Xeon(R) 6975P-C,c8i.8xlarge,ami-0f8a61b66d1accaee,f9811930-82aa-4e3e-a686-48611cf5212d
qv-multicore-v1-2026082,qv-multicore-v1,aws-c8i-8xlarge-ubuntu2404-v1,1,1,4da543ee-7b30-47b3-a058-f6720f4deb05,clifft-0.9.0-scaling--q28-seed42-t16,255,clifft-scaling,clifft-0.9.0-scaling,Clifft,0.9.0,0.9.0,87175b513b8d944955102230b9c7931be1570ef2,clifft,28,28,42,16,16,"0,1,2,3,4,5,6,7,8,9,10,11,12,13,14,15",success,26.767511226999886,0.0381068860006053,26.72940434099928,4355084288,,,Intel(R) Xeon(R) 6975P-C,c8i.8xlarge,ami-0f8a61b66d1accaee,f9811930-82aa-4e3e-a686-48611cf5212d
qv-multicore-v1-2026082,qv-multicore-v1,aws-c8i-8xlarge-ubuntu2404-v1,1,1,4da543ee-7b30-47b3-a058-f6720f4deb05,clifft-0.9.0-scaling--q28-seed42-t8,256,clifft-scaling,clifft-0.9.0-scaling,Clifft,0.9.0,0.9.0,87175b513b8d944955102230b9c7931be1570ef2,clifft,28,28,42,8,8,"0,1,2,3,4,5,6,7",success,35.00153231300101,0.03836590800074191,34.963166405000266,4354551808,,,Intel(R) Xeon(R) 6975P-C,c8i.8xlarge,ami-0f8a61b66d1accaee,f9811930-82aa-4e3e-a686-48611cf5212d
qv-multicore-v1-2026082,qv-multicore-v1,aws-c8i-8xlarge-ubuntu2404-v1,1,1,4da543ee-7b30-47b3-a058-f6720f4deb05,clifft-0.9.0-scaling--q28-seed42-t4,257,clifft-scaling,clifft-0.9.0-scaling,Clifft,0.9.0,0.9.0,87175b513b8d944955102230b9c7931be1570ef2,clifft,28,28,42,4,4,"0,1,2,3",success,55.68551829599983,0.038301077999676636,55.64721721800015,4354232320,,,Intel(R) Xeon(R) 6975P-C,c8i.8xlarge,ami-0f8a61b66d1accaee,f9811930-82aa-4e3e-a686-48611cf5212d
qv-multicore-v1-2026082,qv-multicore-v1,aws-c8i-8xlarge-ubuntu2404-v1,1,1,4da543ee-7b30-47b3-a058-f6720f4deb05,clifft-0.9.0-scaling--q28-seed42-t2,258,clifft-scaling,clifft-0.9.0-scaling,Clifft,0.9.0,0.9.0,87175b513b8d944955102230b9c7931be1570ef2,clifft,28,28,42,2,2,"0,1",success,100.80591924200053,0.038389465000364,100.76752977700016,4354121728,,,Intel(R) Xeon(R) 6975P-C,c8i.8xlarge,ami-0f8a61b66d1accaee,f9811930-82aa-4e3e-a686-48611cf5212d
qv-multicore-v1-2026082,qv-multicore-v1,aws-c8i-8xlarge-ubuntu2404-v1,1,1,4da543ee-7b30-47b3-a058-f6720f4deb05,clifft-0.9.0-scaling--q28-seed42-t1,259,clifft-scaling,clifft-0.9.0-scaling,Clifft,0.9.0,0.9.0,87175b513b8d944955102230b9c7931be1570ef2,clifft,28,28,42,1,1,0,success,212.6704816069996,0.0380408119999629,212.63244079499964,4354125824,,,Intel(R) Xeon(R) 6975P-C,c8i.8xlarge,ami-0f8a61b66d1accaee,f9811930-82aa-4e3e-a686-48611cf5212d
qv-multicore-v1-2026082,qv-multicore-v1,aws-c8i-8xlarge-ubuntu2404-v1,1,1,4da543ee-7b30-47b3-a058-f6720f4deb05,clifft-0.9.0-scaling--q28-seed43-t1,260,clifft-scaling,clifft-0.9.0-scaling,Clifft,0.9.0,0.9.0,87175b513b8d944955102230b9c7931be1570ef2,clifft,28,28,43,1,1,0,success,209.19645075400058,0.03838919900044857,209.15806155500013,4354641920,,,Intel(R) Xeon(R) 6975P-C,c8i.8xlarge,ami-0f8a61b66d1accaee,f9811930-82aa-4e3e-a686-48611cf5212d
qv-multicore-v1-2026082,qv-multicore-v1,aws-c8i-8xlarge-ubuntu2404-v1,1,1,4da543ee-7b30-47b3-a058-f6720f4deb05,clifft-0.9.0-scaling--q28-seed43-t2,261,clifft-scaling,clifft-0.9.0-scaling,Clifft,0.9.0,0.9.0,87175b513b8d944955102230b9c7931be1570ef2,clifft,28,28,43,2,2,"0,1",success,97.79199206799967,0.038758261000111816,97.75323380699956,4354510848,,,Intel(R) Xeon(R) 6975P-C,c8i.8xlarge,ami-0f8a61b66d1accaee,f9811930-82aa-4e3e-a686-48611cf5212d
qv-multicore-v1-2026082,qv-multicore-v1,aws-c8i-8xlarge-ubuntu2404-v1,1,1,4da543ee-7b30-47b3-a058-f6720f4deb05,clifft-0.9.0-scaling--q28-seed43-t4,262,clifft-scaling,clifft-0.9.0-scaling,Clifft,0.9.0,0.9.0,87175b513b8d944955102230b9c7931be1570ef2,clifft,28,28,43,4,4,"0,1,2,3",success,54.151181873000496,0.039204401000461075,54.111977472000035,4354523136,,,Intel(R) Xeon(R) 6975P-C,c8i.8xlarge,ami-0f8a61b66d1accaee,f9811930-82aa-4e3e-a686-48611cf5212d
qv-multicore-v1-2026082,qv-multicore-v1,aws-c8i-8xlarge-ubuntu2404-v1,1,1,4da543ee-7b30-47b3-a058-f6720f4deb05,clifft-0.9.0-scaling--q28-seed43-t8,263,clifft-scaling,clifft-0.9.0-scaling,Clifft,0.9.0,0.9.0,87175b513b8d944955102230b9c7931be1570ef2,clifft,28,28,43,8,8,"0,1,2,3,4,5,6,7",success,34.58021923999877,0.03869224599930021,34.54152699399947,4354932736,,,Intel(R) Xeon(R) 6975P-C,c8i.8xlarge,ami-0f8a61b66d1accaee,f9811930-82aa-4e3e-a686-48611cf5212d
qv-multicore-v1-2026082,qv-multicore-v1,aws-c8i-8xlarge-ubuntu2404-v1,1,1,4da543ee-7b30-47b3-a058-f6720f4deb05,clifft-0.9.0-scaling--q28-seed43-t16,264,clifft-scaling,clifft-0.9.0-scaling,Clifft,0.9.0,0.9.0,87175b513b8d944955102230b9c7931be1570ef2,clifft,28,28,43,16,16,"0,1,2,3,4,5,6,7,8,9,10,11,12,13,14,15",success,26.452556624999488,0.038838380000015604,26.413718244999473,4355510272,,,Intel(R) Xeon(R) 6975P-C,c8i.8xlarge,ami-0f8a61b66d1accaee,f9811930-82aa-4e3e-a686-48611cf5212d
qv-multicore-v1-2026082,qv-multicore-v1,aws-c8i-8xlarge-ubuntu2404-v1,1,1,4da543ee-7b30-47b3-a058-f6720f4deb05,clifft-0.9.0-scaling--q28-seed44-t16,265,clifft-scaling,clifft-0.9.0-scaling,Clifft,0.9.0,0.9.0,87175b513b8d944955102230b9c7931be1570ef2,clifft,28,28,44,16,16,"0,1,2,3,4,5,6,7,8,9,10,11,12,13,14,15",success,25.774704779000785,0.040514107000490185,25.734190672000295,4356366336,,,Intel(R) Xeon(R) 6975P-C,c8i.8xlarge,ami-0f8a61b66d1accaee,f9811930-82aa-4e3e-a686-48611cf5212d
qv-multicore-v1-2026082,qv-multicore-v1,aws-c8i-8xlarge-ubuntu2404-v1,1,1,4da543ee-7b30-47b3-a058-f6720f4deb05,clifft-0.9.0-scaling--q28-seed44-t8,266,clifft-scaling,clifft-0.9.0-scaling,Clifft,0.9.0,0.9.0,87175b513b8d944955102230b9c7931be1570ef2,clifft,28,28,44,8,8,"0,1,2,3,4,5,6,7",success,33.64325125800042,0.04002624999975524,33.60322500800066,4355899392,,,Intel(R) Xeon(R) 6975P-C,c8i.8xlarge,ami-0f8a61b66d1accaee,f9811930-82aa-4e3e-a686-48611cf5212d
qv-multicore-v1-2026082,qv-multicore-v1,aws-c8i-8xlarge-ubuntu2404-v1,1,1,4da543ee-7b30-47b3-a058-f6720f4deb05,clifft-0.9.0-scaling--q28-seed44-t4,267,clifft-scaling,clifft-0.9.0-scaling,Clifft,0.9.0,0.9.0,87175b513b8d944955102230b9c7931be1570ef2,clifft,28,28,44,4,4,"0,1,2,3",success,52.886303440999654,0.04042997399938031,52.845873467000274,4355346432,,,Intel(R) Xeon(R) 6975P-C,c8i.8xlarge,ami-0f8a61b66d1accaee,f9811930-82aa-4e3e-a686-48611cf5212d
qv-multicore-v1-2026082,qv-multicore-v1,aws-c8i-8xlarge-ubuntu2404-v1,1,1,4da543ee-7b30-47b3-a058-f6720f4deb05,clifft-0.9.0-scaling--q28-seed44-t2,268,clifft-scaling,clifft-0.9.0-scaling,Clifft,0.9.0,0.9.0,87175b513b8d944955102230b9c7931be1570ef2,clifft,28,28,44,2,2,"0,1",success,95.86584826499984,0.03985707999981969,95.82599118500002,4355731456,,,Intel(R) Xeon(R) 6975P-C,c8i.8xlarge,ami-0f8a61b66d1accaee,f9811930-82aa-4e3e-a686-48611cf5212d
qv-multicore-v1-2026082,qv-multicore-v1,aws-c8i-8xlarge-ubuntu2404-v1,1,1,4da543ee-7b30-47b3-a058-f6720f4deb05,clifft-0.9.0-scaling--q28-seed44-t1,269,clifft-scaling,clifft-0.9.0-scaling,Clifft,0.9.0,0.9.0,87175b513b8d944955102230b9c7931be1570ef2,clifft,28,28,44,1,1,0,success,200.4085756579998,0.03964101600013237,200.36893464199966,4355465216,,,Intel(R) Xeon(R) 6975P-C,c8i.8xlarge,ami-0f8a61b66d1accaee,f9811930-82aa-4e3e-a686-48611cf5212d
qv-multicore-v1-2026082,qv-multicore-v1,aws-c8i-8xlarge-ubuntu2404-v1,1,1,4da543ee-7b30-47b3-a058-f6720f4deb05,clifft-0.1.0-paper-anchor--q6-seed42-t16,270,historical-anchor,clifft-0.1.0-paper-anchor,Clifft,0.1.0,0.1.0,427a499a4fd835d5a6324f4b1fbcd906c28639a1,clifft,6,6,42,16,16,"0,1,2,3,4,5,6,7,8,9,10,11,12,13,14,15",success,0.0009409899976162706,0.0008731969992368249,6.779299837944563e-05,33427456,,,Intel(R) Xeon(R) 6975P-C,c8i.8xlarge,ami-0f8a61b66d1accaee,f9811930-82aa-4e3e-a686-48611cf5212d
qv-multicore-v1-2026082,qv-multicore-v1,aws-c8i-8xlarge-ubuntu2404-v1,1,1,4da543ee-7b30-47b3-a058-f6720f4deb05,clifft-0.1.0-paper-anchor--q6-seed43-t16,271,historical-anchor,clifft-0.1.0-paper-anchor,Clifft,0.1.0,0.1.0,427a499a4fd835d5a6324f4b1fbcd906c28639a1,clifft,6,6,43,16,16,"0,1,2,3,4,5,6,7,8,9,10,11,12,13,14,15",success,0.00090356399960001,0.000837694000438205,6.586999916180503e-05,33447936,,,Intel(R) Xeon(R) 6975P-C,c8i.8xlarge,ami-0f8a61b66d1accaee,f9811930-82aa-4e3e-a686-48611cf5212d
qv-multicore-v1-2026082,qv-multicore-v1,aws-c8i-8xlarge-ubuntu2404-v1,1,1,4da543ee-7b30-47b3-a058-f6720f4deb05,clifft-0.1.0-paper-anchor--q6-seed44-t16,272,historical-anchor,clifft-0.1.0-paper-anchor,Clifft,0.1.0,0.1.0,427a499a4fd835d5a6324f4b1fbcd906c28639a1,clifft,6,6,44,16,16,"0,1,2,3,4,5,6,7,8,9,10,11,12,13,14,15",success,0.0009813460001169005,0.0009149950001301477,6.635099998675287e-05,33234944,,,Intel(R) Xeon(R) 6975P-C,c8i.8xlarge,ami-0f8a61b66d1accaee,f9811930-82aa-4e3e-a686-48611cf5212d
qv-multicore-v1-2026082,qv-multicore-v1,aws-c8i-8xlarge-ubuntu2404-v1,1,1,4da543ee-7b30-47b3-a058-f6720f4deb05,clifft-0.1.0-paper-anchor--q8-seed42-t16,273,historical-anchor,clifft-0.1.0-paper-anchor,Clifft,0.1.0,0.1.0,427a499a4fd835d5a6324f4b1fbcd906c28639a1,clifft,8,8,42,16,16,"0,1,2,3,4,5,6,7,8,9,10,11,12,13,14,15",success,0.0014843209992250195,0.001419688000169117,6.463299905590247e-05,33513472,,,Intel(R) Xeon(R) 6975P-C,c8i.8xlarge,ami-0f8a61b66d1accaee,f9811930-82aa-4e3e-a686-48611cf5212d
qv-multicore-v1-2026082,qv-multicore-v1,aws-c8i-8xlarge-ubuntu2404-v1,1,1,4da543ee-7b30-47b3-a058-f6720f4deb05,clifft-0.1.0-paper-anchor--q8-seed43-t16,274,historical-anchor,clifft-0.1.0-paper-anchor,Clifft,0.1.0,0.1.0,427a499a4fd835d5a6324f4b1fbcd906c28639a1,clifft,8,8,43,16,16,"0,1,2,3,4,5,6,7,8,9,10,11,12,13,14,15",success,0.0014954790003685048,0.001430899999832036,6.457900053646881e-05,33492992,,,Intel(R) Xeon(R) 6975P-C,c8i.8xlarge,ami-0f8a61b66d1accaee,f9811930-82aa-4e3e-a686-48611cf5212d
qv-multicore-v1-2026082,qv-multicore-v1,aws-c8i-8xlarge-ubuntu2404-v1,1,1,4da543ee-7b30-47b3-a058-f6720f4deb05,clifft-0.1.0-paper-anchor--q8-seed44-t16,275,historical-anchor,clifft-0.1.0-paper-anchor,Clifft,0.1.0,0.1.0,427a499a4fd835d5a6324f4b1fbcd906c28639a1,clifft,8,8,44,16,16,"0,1,2,3,4,5,6,7,8,9,10,11,12,13,14,15",success,0.0015109830001165392,0.0014507029991364107,6.0280000980128534e-05,33501184,,,Intel(R) Xeon(R) 6975P-C,c8i.8xlarge,ami-0f8a61b66d1accaee,f9811930-82aa-4e3e-a686-48611cf5212d
qv-multicore-v1-2026082,qv-multicore-v1,aws-c8i-8xlarge-ubuntu2404-v1,1,1,4da543ee-7b30-47b3-a058-f6720f4deb05,clifft-0.1.0-paper-anchor--q10-seed42-t16,276,historical-anchor,clifft-0.1.0-paper-anchor,Clifft,0.1.0,0.1.0,427a499a4fd835d5a6324f4b1fbcd906c28639a1,clifft,10,10,42,16,16,"0,1,2,3,4,5,6,7,8,9,10,11,12,13,14,15",success,0.0025263400002586422,0.0024230529998021666,0.00010328700045647565,34320384,,,Intel(R) Xeon(R) 6975P-C,c8i.8xlarge,ami-0f8a61b66d1accaee,f9811930-82aa-4e3e-a686-48611cf5212d
qv-multicore-v1-2026082,qv-multicore-v1,aws-c8i-8xlarge-ubuntu2404-v1,1,1,4da543ee-7b30-47b3-a058-f6720f4deb05,clifft-0.1.0-paper-anchor--q10-seed43-t16,277,historical-anchor,clifft-0.1.0-paper-anchor,Clifft,0.1.0,0.1.0,427a499a4fd835d5a6324f4b1fbcd906c28639a1,clifft,10,10,43,16,16,"0,1,2,3,4,5,6,7,8,9,10,11,12,13,14,15",success,0.0024424570001428947,0.0023172389992396347,0.00012521800090325996,34570240,,,Intel(R) Xeon(R) 6975P-C,c8i.8xlarge,ami-0f8a61b66d1accaee,f9811930-82aa-4e3e-a686-48611cf5212d
qv-multicore-v1-2026082,qv-multicore-v1,aws-c8i-8xlarge-ubuntu2404-v1,1,1,4da543ee-7b30-47b3-a058-f6720f4deb05,clifft-0.1.0-paper-anchor--q10-seed44-t16,278,historical-anchor,clifft-0.1.0-paper-anchor,Clifft,0.1.0,0.1.0,427a499a4fd835d5a6324f4b1fbcd906c28639a1,clifft,10,10,44,16,16,"0,1,2,3,4,5,6,7,8,9,10,11,12,13,14,15",success,0.002444051999191288,0.002332669999304926,0.00011138199988636188,34721792,,,Intel(R) Xeon(R) 6975P-C,c8i.8xlarge,ami-0f8a61b66d1accaee,f9811930-82aa-4e3e-a686-48611cf5212d
qv-multicore-v1-2026082,qv-multicore-v1,aws-c8i-8xlarge-ubuntu2404-v1,1,1,4da543ee-7b30-47b3-a058-f6720f4deb05,clifft-0.1.0-paper-anchor--q12-seed42-t16,279,historical-anchor,clifft-0.1.0-paper-anchor,Clifft,0.1.0,0.1.0,427a499a4fd835d5a6324f4b1fbcd906c28639a1,clifft,12,12,42,16,16,"0,1,2,3,4,5,6,7,8,9,10,11,12,13,14,15",success,0.0035869840012310306,0.003264593000494642,0.0003223910007363884,35155968,,,Intel(R) Xeon(R) 6975P-C,c8i.8xlarge,ami-0f8a61b66d1accaee,f9811930-82aa-4e3e-a686-48611cf5212d
qv-multicore-v1-2026082,qv-multicore-v1,aws-c8i-8xlarge-ubuntu2404-v1,1,1,4da543ee-7b30-47b3-a058-f6720f4deb05,clifft-0.1.0-paper-anchor--q12-seed43-t16,280,historical-anchor,clifft-0.1.0-paper-anchor,Clifft,0.1.0,0.1.0,427a499a4fd835d5a6324f4b1fbcd906c28639a1,clifft,12,12,43,16,16,"0,1,2,3,4,5,6,7,8,9,10,11,12,13,14,15",success,0.0036828430002060486,0.003267828999014455,0.0004150140011915937,35106816,,,Intel(R) Xeon(R) 6975P-C,c8i.8xlarge,ami-0f8a61b66d1accaee,f9811930-82aa-4e3e-a686-48611cf5212d
qv-multicore-v1-2026082,qv-multicore-v1,aws-c8i-8xlarge-ubuntu2404-v1,1,1,4da543ee-7b30-47b3-a058-f6720f4deb05,clifft-0.1.0-paper-anchor--q12-seed44-t16,281,historical-anchor,clifft-0.1.0-paper-anchor,Clifft,0.1.0,0.1.0,427a499a4fd835d5a6324f4b1fbcd906c28639a1,clifft,12,12,44,16,16,"0,1,2,3,4,5,6,7,8,9,10,11,12,13,14,15",success,0.003612055001212866,0.0033053880015359027,0.0003066669996769633,35241984,,,Intel(R) Xeon(R) 6975P-C,c8i.8xlarge,ami-0f8a61b66d1accaee,f9811930-82aa-4e3e-a686-48611cf5212d
qv-multicore-v1-2026082,qv-multicore-v1,aws-c8i-8xlarge-ubuntu2404-v1,1,1,4da543ee-7b30-47b3-a058-f6720f4deb05,clifft-0.1.0-paper-anchor--q14-seed42-t16,282,historical-anchor,clifft-0.1.0-paper-anchor,Clifft,0.1.0,0.1.0,427a499a4fd835d5a6324f4b1fbcd906c28639a1,clifft,14,14,42,16,16,"0,1,2,3,4,5,6,7,8,9,10,11,12,13,14,15",success,0.006339238998407382,0.004762096999911591,0.0015771419984957902,35827712,,,Intel(R) Xeon(R) 6975P-C,c8i.8xlarge,ami-0f8a61b66d1accaee,f9811930-82aa-4e3e-a686-48611cf5212d
qv-multicore-v1-2026082,qv-multicore-v1,aws-c8i-8xlarge-ubuntu2404-v1,1,1,4da543ee-7b30-47b3-a058-f6720f4deb05,clifft-0.1.0-paper-anchor--q14-seed43-t16,283,historical-anchor,clifft-0.1.0-paper-anchor,Clifft,0.1.0,0.1.0,427a499a4fd835d5a6324f4b1fbcd906c28639a1,clifft,14,14,43,16,16,"0,1,2,3,4,5,6,7,8,9,10,11,12,13,14,15",success,0.005871584000487928,0.004490417000852176,0.0013811669996357523,35622912,,,Intel(R) Xeon(R) 6975P-C,c8i.8xlarge,ami-0f8a61b66d1accaee,f9811930-82aa-4e3e-a686-48611cf5212d
qv-multicore-v1-2026082,qv-multicore-v1,aws-c8i-8xlarge-ubuntu2404-v1,1,1,4da543ee-7b30-47b3-a058-f6720f4deb05,clifft-0.1.0-paper-anchor--q14-seed44-t16,284,historical-anchor,clifft-0.1.0-paper-anchor,Clifft,0.1.0,0.1.0,427a499a4fd835d5a6324f4b1fbcd906c28639a1,clifft,14,14,44,16,16,"0,1,2,3,4,5,6,7,8,9,10,11,12,13,14,15",success,0.006134792001830647,0.0045067160008329665,0.0016280760009976802,35549184,,,Intel(R) Xeon(R) 6975P-C,c8i.8xlarge,ami-0f8a61b66d1accaee,f9811930-82aa-4e3e-a686-48611cf5212d
qv-multicore-v1-2026082,qv-multicore-v1,aws-c8i-8xlarge-ubuntu2404-v1,1,1,4da543ee-7b30-47b3-a058-f6720f4deb05,clifft-0.1.0-paper-anchor--q16-seed42-t16,285,historical-anchor,clifft-0.1.0-paper-anchor,Clifft,0.1.0,0.1.0,427a499a4fd835d5a6324f4b1fbcd906c28639a1,clifft,16,16,42,16,16,"0,1,2,3,4,5,6,7,8,9,10,11,12,13,14,15",success,0.012201077999634435,0.005861427000127151,0.006339650999507285,36560896,,,Intel(R) Xeon(R) 6975P-C,c8i.8xlarge,ami-0f8a61b66d1accaee,f9811930-82aa-4e3e-a686-48611cf5212d
qv-multicore-v1-2026082,qv-multicore-v1,aws-c8i-8xlarge-ubuntu2404-v1,1,1,4da543ee-7b30-47b3-a058-f6720f4deb05,clifft-0.1.0-paper-anchor--q16-seed43-t16,286,historical-anchor,clifft-0.1.0-paper-anchor,Clifft,0.1.0,0.1.0,427a499a4fd835d5a6324f4b1fbcd906c28639a1,clifft,16,16,43,16,16,"0,1,2,3,4,5,6,7,8,9,10,11,12,13,14,15",success,0.012564262999148923,0.005970768999759457,0.006593493999389466,36769792,,,Intel(R) Xeon(R) 6975P-C,c8i.8xlarge,ami-0f8a61b66d1accaee,f9811930-82aa-4e3e-a686-48611cf5212d
qv-multicore-v1-2026082,qv-multicore-v1,aws-c8i-8xlarge-ubuntu2404-v1,1,1,4da543ee-7b30-47b3-a058-f6720f4deb05,clifft-0.1.0-paper-anchor--q16-seed44-t16,287,historical-anchor,clifft-0.1.0-paper-anchor,Clifft,0.1.0,0.1.0,427a499a4fd835d5a6324f4b1fbcd906c28639a1,clifft,16,16,44,16,16,"0,1,2,3,4,5,6,7,8,9,10,11,12,13,14,15",success,0.01382620300137205,0.005825124000693904,0.008001079000678146,37257216,,,Intel(R) Xeon(R) 6975P-C,c8i.8xlarge,ami-0f8a61b66d1accaee,f9811930-82aa-4e3e-a686-48611cf5212d
qv-multicore-v1-2026082,qv-multicore-v1,aws-c8i-8xlarge-ubuntu2404-v1,1,1,4da543ee-7b30-47b3-a058-f6720f4deb05,clifft-0.1.0-paper-anchor--q18-seed42-t16,288,historical-anchor,clifft-0.1.0-paper-anchor,Clifft,0.1.0,0.1.0,427a499a4fd835d5a6324f4b1fbcd906c28639a1,clifft,18,18,42,16,16,"0,1,2,3,4,5,6,7,8,9,10,11,12,13,14,15",success,0.01793289899978845,0.007602143999974942,0.010330754999813507,41054208,,,Intel(R) Xeon(R) 6975P-C,c8i.8xlarge,ami-0f8a61b66d1accaee,f9811930-82aa-4e3e-a686-48611cf5212d
qv-multicore-v1-2026082,qv-multicore-v1,aws-c8i-8xlarge-ubuntu2404-v1,1,1,4da543ee-7b30-47b3-a058-f6720f4deb05,clifft-0.8.0-anchor--q18-seed42-t1,289,historical-anchor,clifft-0.8.0-anchor,Clifft,0.8.0,,859272faaea971d4599b3c8e323dcb79079aa8ac,clifft,18,18,42,1,,0,error,,,,42205184,TypeError,"sample(): incompatible function arguments. The following argument types are supported:
    1. sample(program: clifft._clifft_core.Program, shots: int, seed: int | None = None) -> object

Invoked with types: clifft._clifft_core.Program, kwargs = { shots: int, threads: int }",Intel(R) Xeon(R) 6975P-C,c8i.8xlarge,ami-0f8a61b66d1accaee,f9811930-82aa-4e3e-a686-48611cf5212d
qv-multicore-v1-2026082,qv-multicore-v1,aws-c8i-8xlarge-ubuntu2404-v1,1,1,4da543ee-7b30-47b3-a058-f6720f4deb05,clifft-0.8.0-anchor--q18-seed42-t16,290,historical-anchor,clifft-0.8.0-anchor,Clifft,0.8.0,,859272faaea971d4599b3c8e323dcb79079aa8ac,clifft,18,18,42,16,,"0,1,2,3,4,5,6,7,8,9,10,11,12,13,14,15",error,,,,42455040,TypeError,"sample(): incompatible function arguments. The following argument types are supported:
    1. sample(program: clifft._clifft_core.Program, shots: int, seed: int | None = None) -> object

Invoked with types: clifft._clifft_core.Program, kwargs = { shots: int, threads: int }",Intel(R) Xeon(R) 6975P-C,c8i.8xlarge,ami-0f8a61b66d1accaee,f9811930-82aa-4e3e-a686-48611cf5212d
qv-multicore-v1-2026082,qv-multicore-v1,aws-c8i-8xlarge-ubuntu2404-v1,1,1,4da543ee-7b30-47b3-a058-f6720f4deb05,clifft-0.8.0-anchor--q18-seed43-t16,291,historical-anchor,clifft-0.8.0-anchor,Clifft,0.8.0,,859272faaea971d4599b3c8e323dcb79079aa8ac,clifft,18,18,43,16,,"0,1,2,3,4,5,6,7,8,9,10,11,12,13,14,15",error,,,,42889216,TypeError,"sample(): incompatible function arguments. The following argument types are supported:
    1. sample(program: clifft._clifft_core.Program, shots: int, seed: int | None = None) -> object

Invoked with types: clifft._clifft_core.Program, kwargs = { shots: int, threads: int }",Intel(R) Xeon(R) 6975P-C,c8i.8xlarge,ami-0f8a61b66d1accaee,f9811930-82aa-4e3e-a686-48611cf5212d
qv-multicore-v1-2026082,qv-multicore-v1,aws-c8i-8xlarge-ubuntu2404-v1,1,1,4da543ee-7b30-47b3-a058-f6720f4deb05,clifft-0.8.0-anchor--q18-seed43-t1,292,historical-anchor,clifft-0.8.0-anchor,Clifft,0.8.0,,859272faaea971d4599b3c8e323dcb79079aa8ac,clifft,18,18,43,1,,0,error,,,,42721280,TypeError,"sample(): incompatible function arguments. The following argument types are supported:
    1. sample(program: clifft._clifft_core.Program, shots: int, seed: int | None = None) -> object

Invoked with types: clifft._clifft_core.Program, kwargs = { shots: int, threads: int }",Intel(R) Xeon(R) 6975P-C,c8i.8xlarge,ami-0f8a61b66d1accaee,f9811930-82aa-4e3e-a686-48611cf5212d
qv-multicore-v1-2026082,qv-multicore-v1,aws-c8i-8xlarge-ubuntu2404-v1,1,1,4da543ee-7b30-47b3-a058-f6720f4deb05,clifft-0.1.0-paper-anchor--q18-seed43-t16,293,historical-anchor,clifft-0.1.0-paper-anchor,Clifft,0.1.0,0.1.0,427a499a4fd835d5a6324f4b1fbcd906c28639a1,clifft,18,18,43,16,16,"0,1,2,3,4,5,6,7,8,9,10,11,12,13,14,15",success,0.01837973599867837,0.007493169998269877,0.010886566000408493,40394752,,,Intel(R) Xeon(R) 6975P-C,c8i.8xlarge,ami-0f8a61b66d1accaee,f9811930-82aa-4e3e-a686-48611cf5212d
qv-multicore-v1-2026082,qv-multicore-v1,aws-c8i-8xlarge-ubuntu2404-v1,1,1,4da543ee-7b30-47b3-a058-f6720f4deb05,clifft-0.1.0-paper-anchor--q18-seed44-t16,294,historical-anchor,clifft-0.1.0-paper-anchor,Clifft,0.1.0,0.1.0,427a499a4fd835d5a6324f4b1fbcd906c28639a1,clifft,18,18,44,16,16,"0,1,2,3,4,5,6,7,8,9,10,11,12,13,14,15",success,0.017753606000042055,0.007488711000405601,0.010264894999636454,41082880,,,Intel(R) Xeon(R) 6975P-C,c8i.8xlarge,ami-0f8a61b66d1accaee,f9811930-82aa-4e3e-a686-48611cf5212d
qv-multicore-v1-2026082,qv-multicore-v1,aws-c8i-8xlarge-ubuntu2404-v1,1,1,4da543ee-7b30-47b3-a058-f6720f4deb05,clifft-0.8.0-anchor--q18-seed44-t1,295,historical-anchor,clifft-0.8.0-anchor,Clifft,0.8.0,,859272faaea971d4599b3c8e323dcb79079aa8ac,clifft,18,18,44,1,,0,error,,,,42721280,TypeError,"sample(): incompatible function arguments. The following argument types are supported:
    1. sample(program: clifft._clifft_core.Program, shots: int, seed: int | None = None) -> object

Invoked with types: clifft._clifft_core.Program, kwargs = { shots: int, threads: int }",Intel(R) Xeon(R) 6975P-C,c8i.8xlarge,ami-0f8a61b66d1accaee,f9811930-82aa-4e3e-a686-48611cf5212d
qv-multicore-v1-2026082,qv-multicore-v1,aws-c8i-8xlarge-ubuntu2404-v1,1,1,4da543ee-7b30-47b3-a058-f6720f4deb05,clifft-0.8.0-anchor--q18-seed44-t16,296,historical-anchor,clifft-0.8.0-anchor,Clifft,0.8.0,,859272faaea971d4599b3c8e323dcb79079aa8ac,clifft,18,18,44,16,,"0,1,2,3,4,5,6,7,8,9,10,11,12,13,14,15",error,,,,42680320,TypeError,"sample(): incompatible function arguments. The following argument types are supported:
    1. sample(program: clifft._clifft_core.Program, shots: int, seed: int | None = None) -> object

Invoked with types: clifft._clifft_core.Program, kwargs = { shots: int, threads: int }",Intel(R) Xeon(R) 6975P-C,c8i.8xlarge,ami-0f8a61b66d1accaee,f9811930-82aa-4e3e-a686-48611cf5212d
qv-multicore-v1-2026082,qv-multicore-v1,aws-c8i-8xlarge-ubuntu2404-v1,1,1,4da543ee-7b30-47b3-a058-f6720f4deb05,clifft-0.8.0-anchor--q20-seed42-t16,297,historical-anchor,clifft-0.8.0-anchor,Clifft,0.8.0,,859272faaea971d4599b3c8e323dcb79079aa8ac,clifft,20,20,42,16,,"0,1,2,3,4,5,6,7,8,9,10,11,12,13,14,15",error,,,,45281280,TypeError,"sample(): incompatible function arguments. The following argument types are supported:
    1. sample(program: clifft._clifft_core.Program, shots: int, seed: int | None = None) -> object

Invoked with types: clifft._clifft_core.Program, kwargs = { shots: int, threads: int }",Intel(R) Xeon(R) 6975P-C,c8i.8xlarge,ami-0f8a61b66d1accaee,f9811930-82aa-4e3e-a686-48611cf5212d
qv-multicore-v1-2026082,qv-multicore-v1,aws-c8i-8xlarge-ubuntu2404-v1,1,1,4da543ee-7b30-47b3-a058-f6720f4deb05,clifft-0.8.0-anchor--q20-seed42-t1,298,historical-anchor,clifft-0.8.0-anchor,Clifft,0.8.0,,859272faaea971d4599b3c8e323dcb79079aa8ac,clifft,20,20,42,1,,0,error,,,,44843008,TypeError,"sample(): incompatible function arguments. The following argument types are supported:
    1. sample(program: clifft._clifft_core.Program, shots: int, seed: int | None = None) -> object

Invoked with types: clifft._clifft_core.Program, kwargs = { shots: int, threads: int }",Intel(R) Xeon(R) 6975P-C,c8i.8xlarge,ami-0f8a61b66d1accaee,f9811930-82aa-4e3e-a686-48611cf5212d
qv-multicore-v1-2026082,qv-multicore-v1,aws-c8i-8xlarge-ubuntu2404-v1,1,1,4da543ee-7b30-47b3-a058-f6720f4deb05,clifft-0.1.0-paper-anchor--q20-seed42-t16,299,historical-anchor,clifft-0.1.0-paper-anchor,Clifft,0.1.0,0.1.0,427a499a4fd835d5a6324f4b1fbcd906c28639a1,clifft,20,20,42,16,16,"0,1,2,3,4,5,6,7,8,9,10,11,12,13,14,15",success,0.03470012499928998,0.009513248000075691,0.02518687699921429,54329344,,,Intel(R) Xeon(R) 6975P-C,c8i.8xlarge,ami-0f8a61b66d1accaee,f9811930-82aa-4e3e-a686-48611cf5212d
qv-multicore-v1-2026082,qv-multicore-v1,aws-c8i-8xlarge-ubuntu2404-v1,1,1,4da543ee-7b30-47b3-a058-f6720f4deb05,clifft-0.1.0-paper-anchor--q20-seed43-t16,300,historical-anchor,clifft-0.1.0-paper-anchor,Clifft,0.1.0,0.1.0,427a499a4fd835d5a6324f4b1fbcd906c28639a1,clifft,20,20,43,16,16,"0,1,2,3,4,5,6,7,8,9,10,11,12,13,14,15",success,0.04095806000077573,0.009498033999989275,0.031460026000786456,54722560,,,Intel(R) Xeon(R) 6975P-C,c8i.8xlarge,ami-0f8a61b66d1accaee,f9811930-82aa-4e3e-a686-48611cf5212d
qv-multicore-v1-2026082,qv-multicore-v1,aws-c8i-8xlarge-ubuntu2404-v1,1,1,4da543ee-7b30-47b3-a058-f6720f4deb05,clifft-0.8.0-anchor--q20-seed43-t1,301,historical-anchor,clifft-0.8.0-anchor,Clifft,0.8.0,,859272faaea971d4599b3c8e323dcb79079aa8ac,clifft,20,20,43,1,,0,error,,,,45629440,TypeError,"sample(): incompatible function arguments. The following argument types are supported:
    1. sample(program: clifft._clifft_core.Program, shots: int, seed: int | None = None) -> object

Invoked with types: clifft._clifft_core.Program, kwargs = { shots: int, threads: int }",Intel(R) Xeon(R) 6975P-C,c8i.8xlarge,ami-0f8a61b66d1accaee,f9811930-82aa-4e3e-a686-48611cf5212d
qv-multicore-v1-2026082,qv-multicore-v1,aws-c8i-8xlarge-ubuntu2404-v1,1,1,4da543ee-7b30-47b3-a058-f6720f4deb05,clifft-0.8.0-anchor--q20-seed43-t16,302,historical-anchor,clifft-0.8.0-anchor,Clifft,0.8.0,,859272faaea971d4599b3c8e323dcb79079aa8ac,clifft,20,20,43,16,,"0,1,2,3,4,5,6,7,8,9,10,11,12,13,14,15",error,,,,45871104,TypeError,"sample(): incompatible function arguments. The following argument types are supported:
    1. sample(program: clifft._clifft_core.Program, shots: int, seed: int | None = None) -> object

Invoked with types: clifft._clifft_core.Program, kwargs = { shots: int, threads: int }",Intel(R) Xeon(R) 6975P-C,c8i.8xlarge,ami-0f8a61b66d1accaee,f9811930-82aa-4e3e-a686-48611cf5212d
qv-multicore-v1-2026082,qv-multicore-v1,aws-c8i-8xlarge-ubuntu2404-v1,1,1,4da543ee-7b30-47b3-a058-f6720f4deb05,clifft-0.8.0-anchor--q20-seed44-t16,303,historical-anchor,clifft-0.8.0-anchor,Clifft,0.8.0,,859272faaea971d4599b3c8e323dcb79079aa8ac,clifft,20,20,44,16,,"0,1,2,3,4,5,6,7,8,9,10,11,12,13,14,15",error,,,,44756992,TypeError,"sample(): incompatible function arguments. The following argument types are supported:
    1. sample(program: clifft._clifft_core.Program, shots: int, seed: int | None = None) -> object

Invoked with types: clifft._clifft_core.Program, kwargs = { shots: int, threads: int }",Intel(R) Xeon(R) 6975P-C,c8i.8xlarge,ami-0f8a61b66d1accaee,f9811930-82aa-4e3e-a686-48611cf5212d
qv-multicore-v1-2026082,qv-multicore-v1,aws-c8i-8xlarge-ubuntu2404-v1,1,1,4da543ee-7b30-47b3-a058-f6720f4deb05,clifft-0.8.0-anchor--q20-seed44-t1,304,historical-anchor,clifft-0.8.0-anchor,Clifft,0.8.0,,859272faaea971d4599b3c8e323dcb79079aa8ac,clifft,20,20,44,1,,0,error,,,,44560384,TypeError,"sample(): incompatible function arguments. The following argument types are supported:
    1. sample(program: clifft._clifft_core.Program, shots: int, seed: int | None = None) -> object

Invoked with types: clifft._clifft_core.Program, kwargs = { shots: int, threads: int }",Intel(R) Xeon(R) 6975P-C,c8i.8xlarge,ami-0f8a61b66d1accaee,f9811930-82aa-4e3e-a686-48611cf5212d
qv-multicore-v1-2026082,qv-multicore-v1,aws-c8i-8xlarge-ubuntu2404-v1,1,1,4da543ee-7b30-47b3-a058-f6720f4deb05,clifft-0.1.0-paper-anchor--q20-seed44-t16,305,historical-anchor,clifft-0.1.0-paper-anchor,Clifft,0.1.0,0.1.0,427a499a4fd835d5a6324f4b1fbcd906c28639a1,clifft,20,20,44,16,16,"0,1,2,3,4,5,6,7,8,9,10,11,12,13,14,15",success,0.03744049399938376,0.009548713000185671,0.02789178099919809,54362112,,,Intel(R) Xeon(R) 6975P-C,c8i.8xlarge,ami-0f8a61b66d1accaee,f9811930-82aa-4e3e-a686-48611cf5212d
qv-multicore-v1-2026082,qv-multicore-v1,aws-c8i-8xlarge-ubuntu2404-v1,1,1,4da543ee-7b30-47b3-a058-f6720f4deb05,clifft-0.1.0-paper-anchor--q22-seed42-t16,306,historical-anchor,clifft-0.1.0-paper-anchor,Clifft,0.1.0,0.1.0,427a499a4fd835d5a6324f4b1fbcd906c28639a1,clifft,22,22,42,16,16,"0,1,2,3,4,5,6,7,8,9,10,11,12,13,14,15",success,0.13650718299868458,0.011574354999538627,0.12493282799914596,105508864,,,Intel(R) Xeon(R) 6975P-C,c8i.8xlarge,ami-0f8a61b66d1accaee,f9811930-82aa-4e3e-a686-48611cf5212d
qv-multicore-v1-2026082,qv-multicore-v1,aws-c8i-8xlarge-ubuntu2404-v1,1,1,4da543ee-7b30-47b3-a058-f6720f4deb05,clifft-0.8.0-anchor--q22-seed42-t1,307,historical-anchor,clifft-0.8.0-anchor,Clifft,0.8.0,,859272faaea971d4599b3c8e323dcb79079aa8ac,clifft,22,22,42,1,,0,error,,,,48754688,TypeError,"sample(): incompatible function arguments. The following argument types are supported:
    1. sample(program: clifft._clifft_core.Program, shots: int, seed: int | None = None) -> object

Invoked with types: clifft._clifft_core.Program, kwargs = { shots: int, threads: int }",Intel(R) Xeon(R) 6975P-C,c8i.8xlarge,ami-0f8a61b66d1accaee,f9811930-82aa-4e3e-a686-48611cf5212d
qv-multicore-v1-2026082,qv-multicore-v1,aws-c8i-8xlarge-ubuntu2404-v1,1,1,4da543ee-7b30-47b3-a058-f6720f4deb05,clifft-0.8.0-anchor--q22-seed42-t16,308,historical-anchor,clifft-0.8.0-anchor,Clifft,0.8.0,,859272faaea971d4599b3c8e323dcb79079aa8ac,clifft,22,22,42,16,,"0,1,2,3,4,5,6,7,8,9,10,11,12,13,14,15",error,,,,49012736,TypeError,"sample(): incompatible function arguments. The following argument types are supported:
    1. sample(program: clifft._clifft_core.Program, shots: int, seed: int | None = None) -> object

Invoked with types: clifft._clifft_core.Program, kwargs = { shots: int, threads: int }",Intel(R) Xeon(R) 6975P-C,c8i.8xlarge,ami-0f8a61b66d1accaee,f9811930-82aa-4e3e-a686-48611cf5212d
qv-multicore-v1-2026082,qv-multicore-v1,aws-c8i-8xlarge-ubuntu2404-v1,1,1,4da543ee-7b30-47b3-a058-f6720f4deb05,clifft-0.8.0-anchor--q22-seed43-t16,309,historical-anchor,clifft-0.8.0-anchor,Clifft,0.8.0,,859272faaea971d4599b3c8e323dcb79079aa8ac,clifft,22,22,43,16,,"0,1,2,3,4,5,6,7,8,9,10,11,12,13,14,15",error,,,,50241536,TypeError,"sample(): incompatible function arguments. The following argument types are supported:
    1. sample(program: clifft._clifft_core.Program, shots: int, seed: int | None = None) -> object

Invoked with types: clifft._clifft_core.Program, kwargs = { shots: int, threads: int }",Intel(R) Xeon(R) 6975P-C,c8i.8xlarge,ami-0f8a61b66d1accaee,f9811930-82aa-4e3e-a686-48611cf5212d
qv-multicore-v1-2026082,qv-multicore-v1,aws-c8i-8xlarge-ubuntu2404-v1,1,1,4da543ee-7b30-47b3-a058-f6720f4deb05,clifft-0.8.0-anchor--q22-seed43-t1,310,historical-anchor,clifft-0.8.0-anchor,Clifft,0.8.0,,859272faaea971d4599b3c8e323dcb79079aa8ac,clifft,22,22,43,1,,0,error,,,,50094080,TypeError,"sample(): incompatible function arguments. The following argument types are supported:
    1. sample(program: clifft._clifft_core.Program, shots: int, seed: int | None = None) -> object

Invoked with types: clifft._clifft_core.Program, kwargs = { shots: int, threads: int }",Intel(R) Xeon(R) 6975P-C,c8i.8xlarge,ami-0f8a61b66d1accaee,f9811930-82aa-4e3e-a686-48611cf5212d
qv-multicore-v1-2026082,qv-multicore-v1,aws-c8i-8xlarge-ubuntu2404-v1,1,1,4da543ee-7b30-47b3-a058-f6720f4deb05,clifft-0.1.0-paper-anchor--q22-seed43-t16,311,historical-anchor,clifft-0.1.0-paper-anchor,Clifft,0.1.0,0.1.0,427a499a4fd835d5a6324f4b1fbcd906c28639a1,clifft,22,22,43,16,16,"0,1,2,3,4,5,6,7,8,9,10,11,12,13,14,15",success,0.12392359499972372,0.011645888000202831,0.11227770699952089,105832448,,,Intel(R) Xeon(R) 6975P-C,c8i.8xlarge,ami-0f8a61b66d1accaee,f9811930-82aa-4e3e-a686-48611cf5212d
qv-multicore-v1-2026082,qv-multicore-v1,aws-c8i-8xlarge-ubuntu2404-v1,1,1,4da543ee-7b30-47b3-a058-f6720f4deb05,clifft-0.1.0-paper-anchor--q22-seed44-t16,312,historical-anchor,clifft-0.1.0-paper-anchor,Clifft,0.1.0,0.1.0,427a499a4fd835d5a6324f4b1fbcd906c28639a1,clifft,22,22,44,16,16,"0,1,2,3,4,5,6,7,8,9,10,11,12,13,14,15",success,0.1325011179997091,0.0117117789995973,0.1207893390001118,105594880,,,Intel(R) Xeon(R) 6975P-C,c8i.8xlarge,ami-0f8a61b66d1accaee,f9811930-82aa-4e3e-a686-48611cf5212d
qv-multicore-v1-2026082,qv-multicore-v1,aws-c8i-8xlarge-ubuntu2404-v1,1,1,4da543ee-7b30-47b3-a058-f6720f4deb05,clifft-0.8.0-anchor--q22-seed44-t1,313,historical-anchor,clifft-0.8.0-anchor,Clifft,0.8.0,,859272faaea971d4599b3c8e323dcb79079aa8ac,clifft,22,22,44,1,,0,error,,,,48779264,TypeError,"sample(): incompatible function arguments. The following argument types are supported:
    1. sample(program: clifft._clifft_core.Program, shots: int, seed: int | None = None) -> object

Invoked with types: clifft._clifft_core.Program, kwargs = { shots: int, threads: int }",Intel(R) Xeon(R) 6975P-C,c8i.8xlarge,ami-0f8a61b66d1accaee,f9811930-82aa-4e3e-a686-48611cf5212d
qv-multicore-v1-2026082,qv-multicore-v1,aws-c8i-8xlarge-ubuntu2404-v1,1,1,4da543ee-7b30-47b3-a058-f6720f4deb05,clifft-0.8.0-anchor--q22-seed44-t16,314,historical-anchor,clifft-0.8.0-anchor,Clifft,0.8.0,,859272faaea971d4599b3c8e323dcb79079aa8ac,clifft,22,22,44,16,,"0,1,2,3,4,5,6,7,8,9,10,11,12,13,14,15",error,,,,49041408,TypeError,"sample(): incompatible function arguments. The following argument types are supported:
    1. sample(program: clifft._clifft_core.Program, shots: int, seed: int | None = None) -> object

Invoked with types: clifft._clifft_core.Program, kwargs = { shots: int, threads: int }",Intel(R) Xeon(R) 6975P-C,c8i.8xlarge,ami-0f8a61b66d1accaee,f9811930-82aa-4e3e-a686-48611cf5212d
qv-multicore-v1-2026082,qv-multicore-v1,aws-c8i-8xlarge-ubuntu2404-v1,1,1,4da543ee-7b30-47b3-a058-f6720f4deb05,clifft-0.8.0-anchor--q24-seed42-t16,315,historical-anchor,clifft-0.8.0-anchor,Clifft,0.8.0,,859272faaea971d4599b3c8e323dcb79079aa8ac,clifft,24,24,42,16,,"0,1,2,3,4,5,6,7,8,9,10,11,12,13,14,15",error,,,,52563968,TypeError,"sample(): incompatible function arguments. The following argument types are supported:
    1. sample(program: clifft._clifft_core.Program, shots: int, seed: int | None = None) -> object

Invoked with types: clifft._clifft_core.Program, kwargs = { shots: int, threads: int }",Intel(R) Xeon(R) 6975P-C,c8i.8xlarge,ami-0f8a61b66d1accaee,f9811930-82aa-4e3e-a686-48611cf5212d
qv-multicore-v1-2026082,qv-multicore-v1,aws-c8i-8xlarge-ubuntu2404-v1,1,1,4da543ee-7b30-47b3-a058-f6720f4deb05,clifft-0.8.0-anchor--q24-seed42-t1,316,historical-anchor,clifft-0.8.0-anchor,Clifft,0.8.0,,859272faaea971d4599b3c8e323dcb79079aa8ac,clifft,24,24,42,1,,0,error,,,,52396032,TypeError,"sample(): incompatible function arguments. The following argument types are supported:
    1. sample(program: clifft._clifft_core.Program, shots: int, seed: int | None = None) -> object

Invoked with types: clifft._clifft_core.Program, kwargs = { shots: int, threads: int }",Intel(R) Xeon(R) 6975P-C,c8i.8xlarge,ami-0f8a61b66d1accaee,f9811930-82aa-4e3e-a686-48611cf5212d
qv-multicore-v1-2026082,qv-multicore-v1,aws-c8i-8xlarge-ubuntu2404-v1,1,1,4da543ee-7b30-47b3-a058-f6720f4deb05,clifft-0.1.0-paper-anchor--q24-seed42-t16,317,historical-anchor,clifft-0.1.0-paper-anchor,Clifft,0.1.0,0.1.0,427a499a4fd835d5a6324f4b1fbcd906c28639a1,clifft,24,24,42,16,16,"0,1,2,3,4,5,6,7,8,9,10,11,12,13,14,15",success,0.9608316969988664,0.013948621999588795,0.9468830749992776,307830784,,,Intel(R) Xeon(R) 6975P-C,c8i.8xlarge,ami-0f8a61b66d1accaee,f9811930-82aa-4e3e-a686-48611cf5212d
qv-multicore-v1-2026082,qv-multicore-v1,aws-c8i-8xlarge-ubuntu2404-v1,1,1,4da543ee-7b30-47b3-a058-f6720f4deb05,clifft-0.1.0-paper-anchor--q24-seed43-t16,318,historical-anchor,clifft-0.1.0-paper-anchor,Clifft,0.1.0,0.1.0,427a499a4fd835d5a6324f4b1fbcd906c28639a1,clifft,24,24,43,16,16,"0,1,2,3,4,5,6,7,8,9,10,11,12,13,14,15",success,0.9070818050004164,0.014366417000928777,0.8927153879994876,307834880,,,Intel(R) Xeon(R) 6975P-C,c8i.8xlarge,ami-0f8a61b66d1accaee,f9811930-82aa-4e3e-a686-48611cf5212d
qv-multicore-v1-2026082,qv-multicore-v1,aws-c8i-8xlarge-ubuntu2404-v1,1,1,4da543ee-7b30-47b3-a058-f6720f4deb05,clifft-0.8.0-anchor--q24-seed43-t1,319,historical-anchor,clifft-0.8.0-anchor,Clifft,0.8.0,,859272faaea971d4599b3c8e323dcb79079aa8ac,clifft,24,24,43,1,,0,error,,,,51888128,TypeError,"sample(): incompatible function arguments. The following argument types are supported:
    1. sample(program: clifft._clifft_core.Program, shots: int, seed: int | None = None) -> object

Invoked with types: clifft._clifft_core.Program, kwargs = { shots: int, threads: int }",Intel(R) Xeon(R) 6975P-C,c8i.8xlarge,ami-0f8a61b66d1accaee,f9811930-82aa-4e3e-a686-48611cf5212d
qv-multicore-v1-2026082,qv-multicore-v1,aws-c8i-8xlarge-ubuntu2404-v1,1,1,4da543ee-7b30-47b3-a058-f6720f4deb05,clifft-0.8.0-anchor--q24-seed43-t16,320,historical-anchor,clifft-0.8.0-anchor,Clifft,0.8.0,,859272faaea971d4599b3c8e323dcb79079aa8ac,clifft,24,24,43,16,,"0,1,2,3,4,5,6,7,8,9,10,11,12,13,14,15",error,,,,52051968,TypeError,"sample(): incompatible function arguments. The following argument types are supported:
    1. sample(program: clifft._clifft_core.Program, shots: int, seed: int | None = None) -> object

Invoked with types: clifft._clifft_core.Program, kwargs = { shots: int, threads: int }",Intel(R) Xeon(R) 6975P-C,c8i.8xlarge,ami-0f8a61b66d1accaee,f9811930-82aa-4e3e-a686-48611cf5212d
qv-multicore-v1-2026082,qv-multicore-v1,aws-c8i-8xlarge-ubuntu2404-v1,1,1,4da543ee-7b30-47b3-a058-f6720f4deb05,clifft-0.8.0-anchor--q24-seed44-t16,321,historical-anchor,clifft-0.8.0-anchor,Clifft,0.8.0,,859272faaea971d4599b3c8e323dcb79079aa8ac,clifft,24,24,44,16,,"0,1,2,3,4,5,6,7,8,9,10,11,12,13,14,15",error,,,,51240960,TypeError,"sample(): incompatible function arguments. The following argument types are supported:
    1. sample(program: clifft._clifft_core.Program, shots: int, seed: int | None = None) -> object

Invoked with types: clifft._clifft_core.Program, kwargs = { shots: int, threads: int }",Intel(R) Xeon(R) 6975P-C,c8i.8xlarge,ami-0f8a61b66d1accaee,f9811930-82aa-4e3e-a686-48611cf5212d
qv-multicore-v1-2026082,qv-multicore-v1,aws-c8i-8xlarge-ubuntu2404-v1,1,1,4da543ee-7b30-47b3-a058-f6720f4deb05,clifft-0.8.0-anchor--q24-seed44-t1,322,historical-anchor,clifft-0.8.0-anchor,Clifft,0.8.0,,859272faaea971d4599b3c8e323dcb79079aa8ac,clifft,24,24,44,1,,0,error,,,,51109888,TypeError,"sample(): incompatible function arguments. The following argument types are supported:
    1. sample(program: clifft._clifft_core.Program, shots: int, seed: int | None = None) -> object

Invoked with types: clifft._clifft_core.Program, kwargs = { shots: int, threads: int }",Intel(R) Xeon(R) 6975P-C,c8i.8xlarge,ami-0f8a61b66d1accaee,f9811930-82aa-4e3e-a686-48611cf5212d
qv-multicore-v1-2026082,qv-multicore-v1,aws-c8i-8xlarge-ubuntu2404-v1,1,1,4da543ee-7b30-47b3-a058-f6720f4deb05,clifft-0.1.0-paper-anchor--q24-seed44-t16,323,historical-anchor,clifft-0.1.0-paper-anchor,Clifft,0.1.0,0.1.0,427a499a4fd835d5a6324f4b1fbcd906c28639a1,clifft,24,24,44,16,16,"0,1,2,3,4,5,6,7,8,9,10,11,12,13,14,15",success,0.9235747270013235,0.014157544001136557,0.9094171830001869,307798016,,,Intel(R) Xeon(R) 6975P-C,c8i.8xlarge,ami-0f8a61b66d1accaee,f9811930-82aa-4e3e-a686-48611cf5212d
qv-multicore-v1-2026082,qv-multicore-v1,aws-c8i-8xlarge-ubuntu2404-v1,1,1,4da543ee-7b30-47b3-a058-f6720f4deb05,clifft-0.1.0-paper-anchor--q26-seed42-t16,324,historical-anchor,clifft-0.1.0-paper-anchor,Clifft,0.1.0,0.1.0,427a499a4fd835d5a6324f4b1fbcd906c28639a1,clifft,26,26,42,16,16,"0,1,2,3,4,5,6,7,8,9,10,11,12,13,14,15",success,6.778501698001492,0.01659843500056013,6.7619032630009315,1113690112,,,Intel(R) Xeon(R) 6975P-C,c8i.8xlarge,ami-0f8a61b66d1accaee,f9811930-82aa-4e3e-a686-48611cf5212d
qv-multicore-v1-2026082,qv-multicore-v1,aws-c8i-8xlarge-ubuntu2404-v1,1,1,4da543ee-7b30-47b3-a058-f6720f4deb05,clifft-0.8.0-anchor--q26-seed42-t1,325,historical-anchor,clifft-0.8.0-anchor,Clifft,0.8.0,,859272faaea971d4599b3c8e323dcb79079aa8ac,clifft,26,26,42,1,,0,error,,,,55480320,TypeError,"sample(): incompatible function arguments. The following argument types are supported:
    1. sample(program: clifft._clifft_core.Program, shots: int, seed: int | None = None) -> object

Invoked with types: clifft._clifft_core.Program, kwargs = { shots: int, threads: int }",Intel(R) Xeon(R) 6975P-C,c8i.8xlarge,ami-0f8a61b66d1accaee,f9811930-82aa-4e3e-a686-48611cf5212d
qv-multicore-v1-2026082,qv-multicore-v1,aws-c8i-8xlarge-ubuntu2404-v1,1,1,4da543ee-7b30-47b3-a058-f6720f4deb05,clifft-0.8.0-anchor--q26-seed42-t16,326,historical-anchor,clifft-0.8.0-anchor,Clifft,0.8.0,,859272faaea971d4599b3c8e323dcb79079aa8ac,clifft,26,26,42,16,,"0,1,2,3,4,5,6,7,8,9,10,11,12,13,14,15",error,,,,55521280,TypeError,"sample(): incompatible function arguments. The following argument types are supported:
    1. sample(program: clifft._clifft_core.Program, shots: int, seed: int | None = None) -> object

Invoked with types: clifft._clifft_core.Program, kwargs = { shots: int, threads: int }",Intel(R) Xeon(R) 6975P-C,c8i.8xlarge,ami-0f8a61b66d1accaee,f9811930-82aa-4e3e-a686-48611cf5212d
qv-multicore-v1-2026082,qv-multicore-v1,aws-c8i-8xlarge-ubuntu2404-v1,1,1,4da543ee-7b30-47b3-a058-f6720f4deb05,clifft-0.8.0-anchor--q26-seed43-t16,327,historical-anchor,clifft-0.8.0-anchor,Clifft,0.8.0,,859272faaea971d4599b3c8e323dcb79079aa8ac,clifft,26,26,43,16,,"0,1,2,3,4,5,6,7,8,9,10,11,12,13,14,15",error,,,,53391360,TypeError,"sample(): incompatible function arguments. The following argument types are supported:
    1. sample(program: clifft._clifft_core.Program, shots: int, seed: int | None = None) -> object

Invoked with types: clifft._clifft_core.Program, kwargs = { shots: int, threads: int }",Intel(R) Xeon(R) 6975P-C,c8i.8xlarge,ami-0f8a61b66d1accaee,f9811930-82aa-4e3e-a686-48611cf5212d
qv-multicore-v1-2026082,qv-multicore-v1,aws-c8i-8xlarge-ubuntu2404-v1,1,1,4da543ee-7b30-47b3-a058-f6720f4deb05,clifft-0.8.0-anchor--q26-seed43-t1,328,historical-anchor,clifft-0.8.0-anchor,Clifft,0.8.0,,859272faaea971d4599b3c8e323dcb79079aa8ac,clifft,26,26,43,1,,0,error,,,,53137408,TypeError,"sample(): incompatible function arguments. The following argument types are supported:
    1. sample(program: clifft._clifft_core.Program, shots: int, seed: int | None = None) -> object

Invoked with types: clifft._clifft_core.Program, kwargs = { shots: int, threads: int }",Intel(R) Xeon(R) 6975P-C,c8i.8xlarge,ami-0f8a61b66d1accaee,f9811930-82aa-4e3e-a686-48611cf5212d
qv-multicore-v1-2026082,qv-multicore-v1,aws-c8i-8xlarge-ubuntu2404-v1,1,1,4da543ee-7b30-47b3-a058-f6720f4deb05,clifft-0.1.0-paper-anchor--q26-seed43-t16,329,historical-anchor,clifft-0.1.0-paper-anchor,Clifft,0.1.0,0.1.0,427a499a4fd835d5a6324f4b1fbcd906c28639a1,clifft,26,26,43,16,16,"0,1,2,3,4,5,6,7,8,9,10,11,12,13,14,15",success,6.300864773000285,0.016714457000489347,6.284150315999796,1114071040,,,Intel(R) Xeon(R) 6975P-C,c8i.8xlarge,ami-0f8a61b66d1accaee,f9811930-82aa-4e3e-a686-48611cf5212d
qv-multicore-v1-2026082,qv-multicore-v1,aws-c8i-8xlarge-ubuntu2404-v1,1,1,4da543ee-7b30-47b3-a058-f6720f4deb05,clifft-0.1.0-paper-anchor--q26-seed44-t16,330,historical-anchor,clifft-0.1.0-paper-anchor,Clifft,0.1.0,0.1.0,427a499a4fd835d5a6324f4b1fbcd906c28639a1,clifft,26,26,44,16,16,"0,1,2,3,4,5,6,7,8,9,10,11,12,13,14,15",success,6.524041474000114,0.016730026000004727,6.5073114480001095,1114009600,,,Intel(R) Xeon(R) 6975P-C,c8i.8xlarge,ami-0f8a61b66d1accaee,f9811930-82aa-4e3e-a686-48611cf5212d
qv-multicore-v1-2026082,qv-multicore-v1,aws-c8i-8xlarge-ubuntu2404-v1,1,1,4da543ee-7b30-47b3-a058-f6720f4deb05,clifft-0.8.0-anchor--q26-seed44-t1,331,historical-anchor,clifft-0.8.0-anchor,Clifft,0.8.0,,859272faaea971d4599b3c8e323dcb79079aa8ac,clifft,26,26,44,1,,0,error,,,,54435840,TypeError,"sample(): incompatible function arguments. The following argument types are supported:
    1. sample(program: clifft._clifft_core.Program, shots: int, seed: int | None = None) -> object

Invoked with types: clifft._clifft_core.Program, kwargs = { shots: int, threads: int }",Intel(R) Xeon(R) 6975P-C,c8i.8xlarge,ami-0f8a61b66d1accaee,f9811930-82aa-4e3e-a686-48611cf5212d
qv-multicore-v1-2026082,qv-multicore-v1,aws-c8i-8xlarge-ubuntu2404-v1,1,1,4da543ee-7b30-47b3-a058-f6720f4deb05,clifft-0.8.0-anchor--q26-seed44-t16,332,historical-anchor,clifft-0.8.0-anchor,Clifft,0.8.0,,859272faaea971d4599b3c8e323dcb79079aa8ac,clifft,26,26,44,16,,"0,1,2,3,4,5,6,7,8,9,10,11,12,13,14,15",error,,,,54632448,TypeError,"sample(): incompatible function arguments. The following argument types are supported:
    1. sample(program: clifft._clifft_core.Program, shots: int, seed: int | None = None) -> object

Invoked with types: clifft._clifft_core.Program, kwargs = { shots: int, threads: int }",Intel(R) Xeon(R) 6975P-C,c8i.8xlarge,ami-0f8a61b66d1accaee,f9811930-82aa-4e3e-a686-48611cf5212d
qv-multicore-v1-2026082,qv-multicore-v1,aws-c8i-8xlarge-ubuntu2404-v1,1,1,4da543ee-7b30-47b3-a058-f6720f4deb05,clifft-0.8.0-anchor--q28-seed42-t16,333,historical-anchor,clifft-0.8.0-anchor,Clifft,0.8.0,,859272faaea971d4599b3c8e323dcb79079aa8ac,clifft,28,28,42,16,,"0,1,2,3,4,5,6,7,8,9,10,11,12,13,14,15",error,,,,57823232,TypeError,"sample(): incompatible function arguments. The following argument types are supported:
    1. sample(program: clifft._clifft_core.Program, shots: int, seed: int | None = None) -> object

Invoked with types: clifft._clifft_core.Program, kwargs = { shots: int, threads: int }",Intel(R) Xeon(R) 6975P-C,c8i.8xlarge,ami-0f8a61b66d1accaee,f9811930-82aa-4e3e-a686-48611cf5212d
qv-multicore-v1-2026082,qv-multicore-v1,aws-c8i-8xlarge-ubuntu2404-v1,1,1,4da543ee-7b30-47b3-a058-f6720f4deb05,clifft-0.8.0-anchor--q28-seed42-t1,334,historical-anchor,clifft-0.8.0-anchor,Clifft,0.8.0,,859272faaea971d4599b3c8e323dcb79079aa8ac,clifft,28,28,42,1,,0,error,,,,57573376,TypeError,"sample(): incompatible function arguments. The following argument types are supported:
    1. sample(program: clifft._clifft_core.Program, shots: int, seed: int | None = None) -> object

Invoked with types: clifft._clifft_core.Program, kwargs = { shots: int, threads: int }",Intel(R) Xeon(R) 6975P-C,c8i.8xlarge,ami-0f8a61b66d1accaee,f9811930-82aa-4e3e-a686-48611cf5212d
qv-multicore-v1-2026082,qv-multicore-v1,aws-c8i-8xlarge-ubuntu2404-v1,1,1,4da543ee-7b30-47b3-a058-f6720f4deb05,clifft-0.1.0-paper-anchor--q28-seed42-t16,335,historical-anchor,clifft-0.1.0-paper-anchor,Clifft,0.1.0,0.1.0,427a499a4fd835d5a6324f4b1fbcd906c28639a1,clifft,28,28,42,16,16,"0,1,2,3,4,5,6,7,8,9,10,11,12,13,14,15",success,35.14689427200028,0.020006787000966142,35.126887484999315,4336799744,,,Intel(R) Xeon(R) 6975P-C,c8i.8xlarge,ami-0f8a61b66d1accaee,f9811930-82aa-4e3e-a686-48611cf5212d
qv-multicore-v1-2026082,qv-multicore-v1,aws-c8i-8xlarge-ubuntu2404-v1,1,1,4da543ee-7b30-47b3-a058-f6720f4deb05,clifft-0.1.0-paper-anchor--q28-seed43-t16,336,historical-anchor,clifft-0.1.0-paper-anchor,Clifft,0.1.0,0.1.0,427a499a4fd835d5a6324f4b1fbcd906c28639a1,clifft,28,28,43,16,16,"0,1,2,3,4,5,6,7,8,9,10,11,12,13,14,15",success,34.524557691000155,0.020298318999266485,34.50425937200089,4336709632,,,Intel(R) Xeon(R) 6975P-C,c8i.8xlarge,ami-0f8a61b66d1accaee,f9811930-82aa-4e3e-a686-48611cf5212d
qv-multicore-v1-2026082,qv-multicore-v1,aws-c8i-8xlarge-ubuntu2404-v1,1,1,4da543ee-7b30-47b3-a058-f6720f4deb05,clifft-0.8.0-anchor--q28-seed43-t1,337,historical-anchor,clifft-0.8.0-anchor,Clifft,0.8.0,,859272faaea971d4599b3c8e323dcb79079aa8ac,clifft,28,28,43,1,,0,error,,,,58372096,TypeError,"sample(): incompatible function arguments. The following argument types are supported:
    1. sample(program: clifft._clifft_core.Program, shots: int, seed: int | None = None) -> object

Invoked with types: clifft._clifft_core.Program, kwargs = { shots: int, threads: int }",Intel(R) Xeon(R) 6975P-C,c8i.8xlarge,ami-0f8a61b66d1accaee,f9811930-82aa-4e3e-a686-48611cf5212d
qv-multicore-v1-2026082,qv-multicore-v1,aws-c8i-8xlarge-ubuntu2404-v1,1,1,4da543ee-7b30-47b3-a058-f6720f4deb05,clifft-0.8.0-anchor--q28-seed43-t16,338,historical-anchor,clifft-0.8.0-anchor,Clifft,0.8.0,,859272faaea971d4599b3c8e323dcb79079aa8ac,clifft,28,28,43,16,,"0,1,2,3,4,5,6,7,8,9,10,11,12,13,14,15",error,,,,58781696,TypeError,"sample(): incompatible function arguments. The following argument types are supported:
    1. sample(program: clifft._clifft_core.Program, shots: int, seed: int | None = None) -> object

Invoked with types: clifft._clifft_core.Program, kwargs = { shots: int, threads: int }",Intel(R) Xeon(R) 6975P-C,c8i.8xlarge,ami-0f8a61b66d1accaee,f9811930-82aa-4e3e-a686-48611cf5212d
qv-multicore-v1-2026082,qv-multicore-v1,aws-c8i-8xlarge-ubuntu2404-v1,1,1,4da543ee-7b30-47b3-a058-f6720f4deb05,clifft-0.8.0-anchor--q28-seed44-t16,339,historical-anchor,clifft-0.8.0-anchor,Clifft,0.8.0,,859272faaea971d4599b3c8e323dcb79079aa8ac,clifft,28,28,44,16,,"0,1,2,3,4,5,6,7,8,9,10,11,12,13,14,15",error,,,,59338752,TypeError,"sample(): incompatible function arguments. The following argument types are supported:
    1. sample(program: clifft._clifft_core.Program, shots: int, seed: int | None = None) -> object

Invoked with types: clifft._clifft_core.Program, kwargs = { shots: int, threads: int }",Intel(R) Xeon(R) 6975P-C,c8i.8xlarge,ami-0f8a61b66d1accaee,f9811930-82aa-4e3e-a686-48611cf5212d
qv-multicore-v1-2026082,qv-multicore-v1,aws-c8i-8xlarge-ubuntu2404-v1,1,1,4da543ee-7b30-47b3-a058-f6720f4deb05,clifft-0.8.0-anchor--q28-seed44-t1,340,historical-anchor,clifft-0.8.0-anchor,Clifft,0.8.0,,859272faaea971d4599b3c8e323dcb79079aa8ac,clifft,28,28,44,1,,0,error,,,,58859520,TypeError,"sample(): incompatible function arguments. The following argument types are supported:
    1. sample(program: clifft._clifft_core.Program, shots: int, seed: int | None = None) -> object

Invoked with types: clifft._clifft_core.Program, kwargs = { shots: int, threads: int }",Intel(R) Xeon(R) 6975P-C,c8i.8xlarge,ami-0f8a61b66d1accaee,f9811930-82aa-4e3e-a686-48611cf5212d
qv-multicore-v1-2026082,qv-multicore-v1,aws-c8i-8xlarge-ubuntu2404-v1,1,1,4da543ee-7b30-47b3-a058-f6720f4deb05,clifft-0.1.0-paper-anchor--q28-seed44-t16,341,historical-anchor,clifft-0.1.0-paper-anchor,Clifft,0.1.0,0.1.0,427a499a4fd835d5a6324f4b1fbcd906c28639a1,clifft,28,28,44,16,16,"0,1,2,3,4,5,6,7,8,9,10,11,12,13,14,15",success,33.81369351000103,0.019858254001519526,33.79383525599951,4336635904,,,Intel(R) Xeon(R) 6975P-C,c8i.8xlarge,ami-0f8a61b66d1accaee,f9811930-82aa-4e3e-a686-48611cf5212d
