execution_id,campaign_id,hardware_epoch,campaign_run_id,result_id,placement,replica,case_id,pair_id,workload_id,workload_family,implementation_id,simulator_name,simulator_version,adapter,mode,batch_enabled,batch_size_effective,shots_per_call,cpu_model,instance_type,image_id,boot_id,repetition,sequence_index,started_at,duration_seconds,api_calls,attempted_shots,accepted_shots,discarded_shots,logical_errors,throughput_attempted_shots_per_second
current-tools-v1-20260824-r1,current-tools-v1,aws-m7a-xlarge-ubuntu2404-v1,clifft-0.8.0,87f86b53-a447-479c-8572-adf64b362431,1,1,msc-d3-inject-cultivate-p1e-3--clifft-0.8.0,,msc-d3-inject-cultivate-p1e-3,magic-state-cultivation,clifft-0.8.0,Clifft,0.8.0,clifft,throughput,false,1,100000,AMD EPYC 9R14,m7a.xlarge,ami-0f8a61b66d1accaee,1b278a28-9935-4699-80c1-f2b5a60ada49,0,0,2026-08-24T19:07:25.342643Z,30.011726630000126,333,33300000,22873152,10426848,24,1109566.284224143
current-tools-v1-20260824-r1,current-tools-v1,aws-m7a-xlarge-ubuntu2404-v1,clifft-0.8.0,87f86b53-a447-479c-8572-adf64b362431,1,1,msc-d3-inject-cultivate-p1e-3--clifft-0.8.0,,msc-d3-inject-cultivate-p1e-3,magic-state-cultivation,clifft-0.8.0,Clifft,0.8.0,clifft,throughput,false,1,100000,AMD EPYC 9R14,m7a.xlarge,ami-0f8a61b66d1accaee,1b278a28-9935-4699-80c1-f2b5a60ada49,1,1,2026-08-24T19:07:55.357398Z,30.009542423000028,333,33300000,22864569,10435431,19,1109647.0426179536
current-tools-v1-20260824-r1,current-tools-v1,aws-m7a-xlarge-ubuntu2404-v1,clifft-0.8.0,87f86b53-a447-479c-8572-adf64b362431,1,1,msc-d3-inject-cultivate-p1e-3--clifft-0.8.0,,msc-d3-inject-cultivate-p1e-3,magic-state-cultivation,clifft-0.8.0,Clifft,0.8.0,clifft,throughput,false,1,100000,AMD EPYC 9R14,m7a.xlarge,ami-0f8a61b66d1accaee,1b278a28-9935-4699-80c1-f2b5a60ada49,2,2,2026-08-24T19:08:25.369873Z,30.00877070500036,333,33300000,22865078,10434922,29,1109675.5787617527
current-tools-v1-20260824-r1,current-tools-v1,aws-m7a-xlarge-ubuntu2404-v1,clifft-0.8.0,87f86b53-a447-479c-8572-adf64b362431,1,1,msc-d3-inject-cultivate-p1e-3--clifft-0.8.0,,msc-d3-inject-cultivate-p1e-3,magic-state-cultivation,clifft-0.8.0,Clifft,0.8.0,clifft,throughput,false,1,100000,AMD EPYC 9R14,m7a.xlarge,ami-0f8a61b66d1accaee,1b278a28-9935-4699-80c1-f2b5a60ada49,3,3,2026-08-24T19:08:55.382244Z,30.04385266899982,326,32600000,22392820,10207180,21,1085080.5440687602
current-tools-v1-20260824-r1,current-tools-v1,aws-m7a-xlarge-ubuntu2404-v1,clifft-0.8.0,87f86b53-a447-479c-8572-adf64b362431,1,1,msc-d3-inject-cultivate-p1e-3--clifft-0.8.0,,msc-d3-inject-cultivate-p1e-3,magic-state-cultivation,clifft-0.8.0,Clifft,0.8.0,clifft,throughput,false,1,100000,AMD EPYC 9R14,m7a.xlarge,ami-0f8a61b66d1accaee,1b278a28-9935-4699-80c1-f2b5a60ada49,4,4,2026-08-24T19:09:25.429837Z,30.066987469999816,329,32900000,22592613,10307387,25,1094223.3581873442
current-tools-v1-20260824-r1,current-tools-v1,aws-m7a-xlarge-ubuntu2404-v1,clifft-0.8.0,87f86b53-a447-479c-8572-adf64b362431,1,1,msc-d5-inject-cultivate-p1e-3--clifft-0.8.0,,msc-d5-inject-cultivate-p1e-3,magic-state-cultivation,clifft-0.8.0,Clifft,0.8.0,clifft,throughput,false,1,20000,AMD EPYC 9R14,m7a.xlarge,ami-0f8a61b66d1accaee,1b278a28-9935-4699-80c1-f2b5a60ada49,0,5,2026-08-24T19:09:55.613327Z,30.12088884400029,206,4120000,593078,3526922,0,136782.15212499126
current-tools-v1-20260824-r1,current-tools-v1,aws-m7a-xlarge-ubuntu2404-v1,clifft-0.8.0,87f86b53-a447-479c-8572-adf64b362431,1,1,msc-d5-inject-cultivate-p1e-3--clifft-0.8.0,,msc-d5-inject-cultivate-p1e-3,magic-state-cultivation,clifft-0.8.0,Clifft,0.8.0,clifft,throughput,false,1,20000,AMD EPYC 9R14,m7a.xlarge,ami-0f8a61b66d1accaee,1b278a28-9935-4699-80c1-f2b5a60ada49,1,6,2026-08-24T19:10:25.737533Z,30.133334636999535,206,4120000,591928,3528072,0,136725.65780161662
current-tools-v1-20260824-r1,current-tools-v1,aws-m7a-xlarge-ubuntu2404-v1,clifft-0.8.0,87f86b53-a447-479c-8572-adf64b362431,1,1,msc-d5-inject-cultivate-p1e-3--clifft-0.8.0,,msc-d5-inject-cultivate-p1e-3,magic-state-cultivation,clifft-0.8.0,Clifft,0.8.0,clifft,throughput,false,1,20000,AMD EPYC 9R14,m7a.xlarge,ami-0f8a61b66d1accaee,1b278a28-9935-4699-80c1-f2b5a60ada49,2,7,2026-08-24T19:10:55.873991Z,30.000289521999946,205,4100000,590688,3509312,0,136665.3477458399
current-tools-v1-20260824-r1,current-tools-v1,aws-m7a-xlarge-ubuntu2404-v1,clifft-0.8.0,87f86b53-a447-479c-8572-adf64b362431,1,1,msc-d5-inject-cultivate-p1e-3--clifft-0.8.0,,msc-d5-inject-cultivate-p1e-3,magic-state-cultivation,clifft-0.8.0,Clifft,0.8.0,clifft,throughput,false,1,20000,AMD EPYC 9R14,m7a.xlarge,ami-0f8a61b66d1accaee,1b278a28-9935-4699-80c1-f2b5a60ada49,3,8,2026-08-24T19:11:25.876642Z,30.118089816999657,206,4120000,592847,3527153,0,136794.8639848512
current-tools-v1-20260824-r1,current-tools-v1,aws-m7a-xlarge-ubuntu2404-v1,clifft-0.8.0,87f86b53-a447-479c-8572-adf64b362431,1,1,msc-d5-inject-cultivate-p1e-3--clifft-0.8.0,,msc-d5-inject-cultivate-p1e-3,magic-state-cultivation,clifft-0.8.0,Clifft,0.8.0,clifft,throughput,false,1,20000,AMD EPYC 9R14,m7a.xlarge,ami-0f8a61b66d1accaee,1b278a28-9935-4699-80c1-f2b5a60ada49,4,9,2026-08-24T19:11:55.997205Z,30.06216928600037,205,4100000,588897,3511103,0,136384.0367271608
current-tools-v1-20260824-r1,current-tools-v1,aws-m7a-xlarge-ubuntu2404-v1,clifft-0.8.0,87f86b53-a447-479c-8572-adf64b362431,1,1,distillation-color-code-85q-p5e-2--clifft-0.8.0,,distillation-color-code-85q-p5e-2,magic-state-distillation,clifft-0.8.0,Clifft,0.8.0,clifft,throughput,false,1,100000,AMD EPYC 9R14,m7a.xlarge,ami-0f8a61b66d1accaee,1b278a28-9935-4699-80c1-f2b5a60ada49,0,10,2026-08-24T19:12:26.181244Z,30.102844897999717,164,16400000,1308792,15091208,551647,544799.0067241037
current-tools-v1-20260824-r1,current-tools-v1,aws-m7a-xlarge-ubuntu2404-v1,clifft-0.8.0,87f86b53-a447-479c-8572-adf64b362431,1,1,distillation-color-code-85q-p5e-2--clifft-0.8.0,,distillation-color-code-85q-p5e-2,magic-state-distillation,clifft-0.8.0,Clifft,0.8.0,clifft,throughput,false,1,100000,AMD EPYC 9R14,m7a.xlarge,ami-0f8a61b66d1accaee,1b278a28-9935-4699-80c1-f2b5a60ada49,1,11,2026-08-24T19:12:56.286441Z,30.12027931399996,164,16400000,1307205,15092795,552356,544483.6626191993
current-tools-v1-20260824-r1,current-tools-v1,aws-m7a-xlarge-ubuntu2404-v1,clifft-0.8.0,87f86b53-a447-479c-8572-adf64b362431,1,1,distillation-color-code-85q-p5e-2--clifft-0.8.0,,distillation-color-code-85q-p5e-2,magic-state-distillation,clifft-0.8.0,Clifft,0.8.0,clifft,throughput,false,1,100000,AMD EPYC 9R14,m7a.xlarge,ami-0f8a61b66d1accaee,1b278a28-9935-4699-80c1-f2b5a60ada49,2,12,2026-08-24T19:13:26.409874Z,30.130071352000186,164,16400000,1308783,15091217,551357,544306.7096789761
current-tools-v1-20260824-r1,current-tools-v1,aws-m7a-xlarge-ubuntu2404-v1,clifft-0.8.0,87f86b53-a447-479c-8572-adf64b362431,1,1,distillation-color-code-85q-p5e-2--clifft-0.8.0,,distillation-color-code-85q-p5e-2,magic-state-distillation,clifft-0.8.0,Clifft,0.8.0,clifft,throughput,false,1,100000,AMD EPYC 9R14,m7a.xlarge,ami-0f8a61b66d1accaee,1b278a28-9935-4699-80c1-f2b5a60ada49,3,13,2026-08-24T19:13:56.543159Z,30.073795859999905,164,16400000,1308059,15091941,551945,545325.2418266581
current-tools-v1-20260824-r1,current-tools-v1,aws-m7a-xlarge-ubuntu2404-v1,clifft-0.8.0,87f86b53-a447-479c-8572-adf64b362431,1,1,distillation-color-code-85q-p5e-2--clifft-0.8.0,,distillation-color-code-85q-p5e-2,magic-state-distillation,clifft-0.8.0,Clifft,0.8.0,clifft,throughput,false,1,100000,AMD EPYC 9R14,m7a.xlarge,ami-0f8a61b66d1accaee,1b278a28-9935-4699-80c1-f2b5a60ada49,4,14,2026-08-24T19:14:26.620169Z,30.076222007998922,164,16400000,1308306,15091694,552797,545281.2522675999
current-tools-v1-20260824-r1,current-tools-v1,aws-m7a-xlarge-ubuntu2404-v1,clifft-0.8.0,87f86b53-a447-479c-8572-adf64b362431,1,1,surface-code-d7-r7-p1e-3--clifft-0.8.0,,surface-code-d7-r7-p1e-3,surface-code-memory,clifft-0.8.0,Clifft,0.8.0,clifft,throughput,false,1,100000,AMD EPYC 9R14,m7a.xlarge,ami-0f8a61b66d1accaee,1b278a28-9935-4699-80c1-f2b5a60ada49,0,15,2026-08-24T19:14:56.814048Z,30.01712409600043,134,13400000,1178815,12221185,0,446411.8533522489
current-tools-v1-20260824-r1,current-tools-v1,aws-m7a-xlarge-ubuntu2404-v1,clifft-0.8.0,87f86b53-a447-479c-8572-adf64b362431,1,1,surface-code-d7-r7-p1e-3--clifft-0.8.0,,surface-code-d7-r7-p1e-3,surface-code-memory,clifft-0.8.0,Clifft,0.8.0,clifft,throughput,false,1,100000,AMD EPYC 9R14,m7a.xlarge,ami-0f8a61b66d1accaee,1b278a28-9935-4699-80c1-f2b5a60ada49,1,16,2026-08-24T19:15:26.834546Z,30.220095801000298,135,13500000,1188679,12311321,0,446722.6076613941
current-tools-v1-20260824-r1,current-tools-v1,aws-m7a-xlarge-ubuntu2404-v1,clifft-0.8.0,87f86b53-a447-479c-8572-adf64b362431,1,1,surface-code-d7-r7-p1e-3--clifft-0.8.0,,surface-code-d7-r7-p1e-3,surface-code-memory,clifft-0.8.0,Clifft,0.8.0,clifft,throughput,false,1,100000,AMD EPYC 9R14,m7a.xlarge,ami-0f8a61b66d1accaee,1b278a28-9935-4699-80c1-f2b5a60ada49,2,17,2026-08-24T19:15:57.057770Z,30.012110104000612,134,13400000,1176650,12223350,0,446486.4334285439
current-tools-v1-20260824-r1,current-tools-v1,aws-m7a-xlarge-ubuntu2404-v1,clifft-0.8.0,87f86b53-a447-479c-8572-adf64b362431,1,1,surface-code-d7-r7-p1e-3--clifft-0.8.0,,surface-code-d7-r7-p1e-3,surface-code-memory,clifft-0.8.0,Clifft,0.8.0,clifft,throughput,false,1,100000,AMD EPYC 9R14,m7a.xlarge,ami-0f8a61b66d1accaee,1b278a28-9935-4699-80c1-f2b5a60ada49,3,18,2026-08-24T19:16:27.072245Z,30.22324587599985,135,13500000,1185351,12314649,0,446676.0471521787
current-tools-v1-20260824-r1,current-tools-v1,aws-m7a-xlarge-ubuntu2404-v1,clifft-0.8.0,87f86b53-a447-479c-8572-adf64b362431,1,1,surface-code-d7-r7-p1e-3--clifft-0.8.0,,surface-code-d7-r7-p1e-3,surface-code-memory,clifft-0.8.0,Clifft,0.8.0,clifft,throughput,false,1,100000,AMD EPYC 9R14,m7a.xlarge,ami-0f8a61b66d1accaee,1b278a28-9935-4699-80c1-f2b5a60ada49,4,19,2026-08-24T19:16:57.298568Z,30.00549251300049,134,13400000,1178343,12221657,0,446584.90422025824
current-tools-v1-20260824-r1,current-tools-v1,aws-m7a-xlarge-ubuntu2404-v1,clifft-0.8.0,87f86b53-a447-479c-8572-adf64b362431,1,1,coherent-surface-d3-r1-p1e-3-rz2e-2--clifft-0.8.0,,coherent-surface-d3-r1-p1e-3-rz2e-2,coherent-noise-surface-code,clifft-0.8.0,Clifft,0.8.0,clifft,throughput,false,1,100000,AMD EPYC 9R14,m7a.xlarge,ami-0f8a61b66d1accaee,1b278a28-9935-4699-80c1-f2b5a60ada49,0,20,2026-08-24T19:17:27.424002Z,30.024127965000844,412,41200000,40142279,1057721,1,1372229.6963304607
current-tools-v1-20260824-r1,current-tools-v1,aws-m7a-xlarge-ubuntu2404-v1,clifft-0.8.0,87f86b53-a447-479c-8572-adf64b362431,1,1,coherent-surface-d3-r1-p1e-3-rz2e-2--clifft-0.8.0,,coherent-surface-d3-r1-p1e-3-rz2e-2,coherent-noise-surface-code,clifft-0.8.0,Clifft,0.8.0,clifft,throughput,false,1,100000,AMD EPYC 9R14,m7a.xlarge,ami-0f8a61b66d1accaee,1b278a28-9935-4699-80c1-f2b5a60ada49,1,21,2026-08-24T19:17:57.451822Z,30.05218389600134,412,41200000,40142479,1057521,0,1370948.6186620188
current-tools-v1-20260824-r1,current-tools-v1,aws-m7a-xlarge-ubuntu2404-v1,clifft-0.8.0,87f86b53-a447-479c-8572-adf64b362431,1,1,coherent-surface-d3-r1-p1e-3-rz2e-2--clifft-0.8.0,,coherent-surface-d3-r1-p1e-3-rz2e-2,coherent-noise-surface-code,clifft-0.8.0,Clifft,0.8.0,clifft,throughput,false,1,100000,AMD EPYC 9R14,m7a.xlarge,ami-0f8a61b66d1accaee,1b278a28-9935-4699-80c1-f2b5a60ada49,2,22,2026-08-24T19:18:27.508203Z,30.024367536001364,412,41200000,40139724,1060276,0,1372218.74700935
current-tools-v1-20260824-r1,current-tools-v1,aws-m7a-xlarge-ubuntu2404-v1,clifft-0.8.0,87f86b53-a447-479c-8572-adf64b362431,1,1,coherent-surface-d3-r1-p1e-3-rz2e-2--clifft-0.8.0,,coherent-surface-d3-r1-p1e-3-rz2e-2,coherent-noise-surface-code,clifft-0.8.0,Clifft,0.8.0,clifft,throughput,false,1,100000,AMD EPYC 9R14,m7a.xlarge,ami-0f8a61b66d1accaee,1b278a28-9935-4699-80c1-f2b5a60ada49,3,23,2026-08-24T19:18:57.536879Z,30.0586061740006,412,41200000,40144814,1055186,1,1370655.7037776497
current-tools-v1-20260824-r1,current-tools-v1,aws-m7a-xlarge-ubuntu2404-v1,clifft-0.8.0,87f86b53-a447-479c-8572-adf64b362431,1,1,coherent-surface-d3-r1-p1e-3-rz2e-2--clifft-0.8.0,,coherent-surface-d3-r1-p1e-3-rz2e-2,coherent-noise-surface-code,clifft-0.8.0,Clifft,0.8.0,clifft,throughput,false,1,100000,AMD EPYC 9R14,m7a.xlarge,ami-0f8a61b66d1accaee,1b278a28-9935-4699-80c1-f2b5a60ada49,4,24,2026-08-24T19:19:27.599809Z,30.00224854499868,411,41100000,40046409,1053591,0,1369897.32414077
current-tools-v1-20260824-r1,current-tools-v1,aws-m7a-xlarge-ubuntu2404-v1,clifft-0.8.0,87f86b53-a447-479c-8572-adf64b362431,1,1,coherent-surface-d3-r3-p1e-3-rz2e-2--clifft-0.8.0,,coherent-surface-d3-r3-p1e-3-rz2e-2,coherent-noise-surface-code,clifft-0.8.0,Clifft,0.8.0,clifft,throughput,false,1,100000,AMD EPYC 9R14,m7a.xlarge,ami-0f8a61b66d1accaee,1b278a28-9935-4699-80c1-f2b5a60ada49,0,25,2026-08-24T19:19:57.708266Z,30.26594984300084,98,9800000,3659226,6140774,0,323796.21491596114
current-tools-v1-20260824-r1,current-tools-v1,aws-m7a-xlarge-ubuntu2404-v1,clifft-0.8.0,87f86b53-a447-479c-8572-adf64b362431,1,1,coherent-surface-d3-r3-p1e-3-rz2e-2--clifft-0.8.0,,coherent-surface-d3-r3-p1e-3-rz2e-2,coherent-noise-surface-code,clifft-0.8.0,Clifft,0.8.0,clifft,throughput,false,1,100000,AMD EPYC 9R14,m7a.xlarge,ami-0f8a61b66d1accaee,1b278a28-9935-4699-80c1-f2b5a60ada49,1,26,2026-08-24T19:20:27.977341Z,30.25908654500006,98,9800000,3655805,6144195,0,323869.65764567436
current-tools-v1-20260824-r1,current-tools-v1,aws-m7a-xlarge-ubuntu2404-v1,clifft-0.8.0,87f86b53-a447-479c-8572-adf64b362431,1,1,coherent-surface-d3-r3-p1e-3-rz2e-2--clifft-0.8.0,,coherent-surface-d3-r3-p1e-3-rz2e-2,coherent-noise-surface-code,clifft-0.8.0,Clifft,0.8.0,clifft,throughput,false,1,100000,AMD EPYC 9R14,m7a.xlarge,ami-0f8a61b66d1accaee,1b278a28-9935-4699-80c1-f2b5a60ada49,2,27,2026-08-24T19:20:58.239331Z,30.2629472110018,98,9800000,3657505,6142495,0,323828.34135986946
current-tools-v1-20260824-r1,current-tools-v1,aws-m7a-xlarge-ubuntu2404-v1,clifft-0.8.0,87f86b53-a447-479c-8572-adf64b362431,1,1,coherent-surface-d3-r3-p1e-3-rz2e-2--clifft-0.8.0,,coherent-surface-d3-r3-p1e-3-rz2e-2,coherent-noise-surface-code,clifft-0.8.0,Clifft,0.8.0,clifft,throughput,false,1,100000,AMD EPYC 9R14,m7a.xlarge,ami-0f8a61b66d1accaee,1b278a28-9935-4699-80c1-f2b5a60ada49,3,28,2026-08-24T19:21:28.505319Z,30.258267525000974,98,9800000,3656457,6143543,0,323878.42403411644
current-tools-v1-20260824-r1,current-tools-v1,aws-m7a-xlarge-ubuntu2404-v1,clifft-0.8.0,87f86b53-a447-479c-8572-adf64b362431,1,1,coherent-surface-d3-r3-p1e-3-rz2e-2--clifft-0.8.0,,coherent-surface-d3-r3-p1e-3-rz2e-2,coherent-noise-surface-code,clifft-0.8.0,Clifft,0.8.0,clifft,throughput,false,1,100000,AMD EPYC 9R14,m7a.xlarge,ami-0f8a61b66d1accaee,1b278a28-9935-4699-80c1-f2b5a60ada49,4,29,2026-08-24T19:21:58.766860Z,30.26560547499946,98,9800000,3659452,6140548,0,323799.8991328679
current-tools-v1-20260824-r1,current-tools-v1,aws-m7a-xlarge-ubuntu2404-v1,clifft-0.8.0,87f86b53-a447-479c-8572-adf64b362431,1,1,coherent-surface-d5-r1-p1e-3-rz2e-2--clifft-0.8.0,,coherent-surface-d5-r1-p1e-3-rz2e-2,coherent-noise-surface-code,clifft-0.8.0,Clifft,0.8.0,clifft,throughput,false,1,10000,AMD EPYC 9R14,m7a.xlarge,ami-0f8a61b66d1accaee,1b278a28-9935-4699-80c1-f2b5a60ada49,0,30,2026-08-24T19:22:29.137867Z,30.310869777999528,44,440000,408435,31565,0,14516.244608703517
current-tools-v1-20260824-r1,current-tools-v1,aws-m7a-xlarge-ubuntu2404-v1,clifft-0.8.0,87f86b53-a447-479c-8572-adf64b362431,1,1,coherent-surface-d5-r1-p1e-3-rz2e-2--clifft-0.8.0,,coherent-surface-d5-r1-p1e-3-rz2e-2,coherent-noise-surface-code,clifft-0.8.0,Clifft,0.8.0,clifft,throughput,false,1,10000,AMD EPYC 9R14,m7a.xlarge,ami-0f8a61b66d1accaee,1b278a28-9935-4699-80c1-f2b5a60ada49,1,31,2026-08-24T19:22:59.450922Z,30.31884967200017,44,440000,408983,31017,0,14512.423946161302
current-tools-v1-20260824-r1,current-tools-v1,aws-m7a-xlarge-ubuntu2404-v1,clifft-0.8.0,87f86b53-a447-479c-8572-adf64b362431,1,1,coherent-surface-d5-r1-p1e-3-rz2e-2--clifft-0.8.0,,coherent-surface-d5-r1-p1e-3-rz2e-2,coherent-noise-surface-code,clifft-0.8.0,Clifft,0.8.0,clifft,throughput,false,1,10000,AMD EPYC 9R14,m7a.xlarge,ami-0f8a61b66d1accaee,1b278a28-9935-4699-80c1-f2b5a60ada49,2,32,2026-08-24T19:23:29.772703Z,30.30926843899897,44,440000,408764,31236,0,14517.011549967056
current-tools-v1-20260824-r1,current-tools-v1,aws-m7a-xlarge-ubuntu2404-v1,clifft-0.8.0,87f86b53-a447-479c-8572-adf64b362431,1,1,coherent-surface-d5-r1-p1e-3-rz2e-2--clifft-0.8.0,,coherent-surface-d5-r1-p1e-3-rz2e-2,coherent-noise-surface-code,clifft-0.8.0,Clifft,0.8.0,clifft,throughput,false,1,10000,AMD EPYC 9R14,m7a.xlarge,ami-0f8a61b66d1accaee,1b278a28-9935-4699-80c1-f2b5a60ada49,3,33,2026-08-24T19:24:00.084794Z,30.31441185599965,44,440000,408597,31403,0,14514.54846262893
current-tools-v1-20260824-r1,current-tools-v1,aws-m7a-xlarge-ubuntu2404-v1,clifft-0.8.0,87f86b53-a447-479c-8572-adf64b362431,1,1,coherent-surface-d5-r1-p1e-3-rz2e-2--clifft-0.8.0,,coherent-surface-d5-r1-p1e-3-rz2e-2,coherent-noise-surface-code,clifft-0.8.0,Clifft,0.8.0,clifft,throughput,false,1,10000,AMD EPYC 9R14,m7a.xlarge,ami-0f8a61b66d1accaee,1b278a28-9935-4699-80c1-f2b5a60ada49,4,34,2026-08-24T19:24:30.402093Z,30.312425430999383,44,440000,408498,31502,0,14515.499625774864
current-tools-v1-20260824-r1,current-tools-v1,aws-m7a-xlarge-ubuntu2404-v1,clifft-0.8.0,87f86b53-a447-479c-8572-adf64b362431,1,1,coherent-surface-d5-r5-p1e-3-rz2e-2--clifft-0.8.0,,coherent-surface-d5-r5-p1e-3-rz2e-2,coherent-noise-surface-code,clifft-0.8.0,Clifft,0.8.0,clifft,throughput,false,1,1,AMD EPYC 9R14,m7a.xlarge,ami-0f8a61b66d1accaee,1b278a28-9935-4699-80c1-f2b5a60ada49,0,35,2026-08-24T19:25:02.370418Z,30.253422653002644,195,195,1,194,0,6.445551706218149
current-tools-v1-20260824-r1,current-tools-v1,aws-m7a-xlarge-ubuntu2404-v1,clifft-0.8.0,87f86b53-a447-479c-8572-adf64b362431,1,1,coherent-surface-d5-r5-p1e-3-rz2e-2--clifft-0.8.0,,coherent-surface-d5-r5-p1e-3-rz2e-2,coherent-noise-surface-code,clifft-0.8.0,Clifft,0.8.0,clifft,throughput,false,1,1,AMD EPYC 9R14,m7a.xlarge,ami-0f8a61b66d1accaee,1b278a28-9935-4699-80c1-f2b5a60ada49,1,36,2026-08-24T19:25:32.626901Z,30.143246527997917,193,193,3,190,0,6.402760891091676
current-tools-v1-20260824-r1,current-tools-v1,aws-m7a-xlarge-ubuntu2404-v1,clifft-0.8.0,87f86b53-a447-479c-8572-adf64b362431,1,1,coherent-surface-d5-r5-p1e-3-rz2e-2--clifft-0.8.0,,coherent-surface-d5-r5-p1e-3-rz2e-2,coherent-noise-surface-code,clifft-0.8.0,Clifft,0.8.0,clifft,throughput,false,1,1,AMD EPYC 9R14,m7a.xlarge,ami-0f8a61b66d1accaee,1b278a28-9935-4699-80c1-f2b5a60ada49,2,37,2026-08-24T19:26:02.773988Z,30.060693212996966,178,178,3,175,0,5.921353800418693
current-tools-v1-20260824-r1,current-tools-v1,aws-m7a-xlarge-ubuntu2404-v1,clifft-0.8.0,87f86b53-a447-479c-8572-adf64b362431,1,1,coherent-surface-d5-r5-p1e-3-rz2e-2--clifft-0.8.0,,coherent-surface-d5-r5-p1e-3-rz2e-2,coherent-noise-surface-code,clifft-0.8.0,Clifft,0.8.0,clifft,throughput,false,1,1,AMD EPYC 9R14,m7a.xlarge,ami-0f8a61b66d1accaee,1b278a28-9935-4699-80c1-f2b5a60ada49,3,38,2026-08-24T19:26:32.838367Z,30.131089453000186,194,194,0,194,0,6.438532543027023
current-tools-v1-20260824-r1,current-tools-v1,aws-m7a-xlarge-ubuntu2404-v1,clifft-0.8.0,87f86b53-a447-479c-8572-adf64b362431,1,1,coherent-surface-d5-r5-p1e-3-rz2e-2--clifft-0.8.0,,coherent-surface-d5-r5-p1e-3-rz2e-2,coherent-noise-surface-code,clifft-0.8.0,Clifft,0.8.0,clifft,throughput,false,1,1,AMD EPYC 9R14,m7a.xlarge,ami-0f8a61b66d1accaee,1b278a28-9935-4699-80c1-f2b5a60ada49,4,39,2026-08-24T19:27:02.973315Z,30.07105163400024,191,191,2,189,0,6.351623558919478
current-tools-v1-20260824-r1,current-tools-v1,aws-m7a-xlarge-ubuntu2404-v1,clifft-0.8.0,422f6ad8-61f5-464d-9444-249b3b7d1869,2,1,msc-d3-inject-cultivate-p1e-3--clifft-0.8.0,,msc-d3-inject-cultivate-p1e-3,magic-state-cultivation,clifft-0.8.0,Clifft,0.8.0,clifft,throughput,false,1,100000,AMD EPYC 9R14,m7a.xlarge,ami-0f8a61b66d1accaee,8d0d29ac-0568-47e1-ac63-2f8ea1b47b4f,0,0,2026-08-24T21:16:36.113986Z,30.058969509,332,33200000,22804803,10395197,24,1104495.6145306157
current-tools-v1-20260824-r1,current-tools-v1,aws-m7a-xlarge-ubuntu2404-v1,clifft-0.8.0,422f6ad8-61f5-464d-9444-249b3b7d1869,2,1,msc-d3-inject-cultivate-p1e-3--clifft-0.8.0,,msc-d3-inject-cultivate-p1e-3,magic-state-cultivation,clifft-0.8.0,Clifft,0.8.0,clifft,throughput,false,1,100000,AMD EPYC 9R14,m7a.xlarge,ami-0f8a61b66d1accaee,8d0d29ac-0568-47e1-ac63-2f8ea1b47b4f,1,1,2026-08-24T21:17:06.175840Z,30.018950509000014,332,33200000,22795780,10404220,19,1105968.0447538055
current-tools-v1-20260824-r1,current-tools-v1,aws-m7a-xlarge-ubuntu2404-v1,clifft-0.8.0,422f6ad8-61f5-464d-9444-249b3b7d1869,2,1,msc-d3-inject-cultivate-p1e-3--clifft-0.8.0,,msc-d3-inject-cultivate-p1e-3,magic-state-cultivation,clifft-0.8.0,Clifft,0.8.0,clifft,throughput,false,1,100000,AMD EPYC 9R14,m7a.xlarge,ami-0f8a61b66d1accaee,8d0d29ac-0568-47e1-ac63-2f8ea1b47b4f,2,2,2026-08-24T21:17:36.197570Z,30.034593391999906,332,33200000,22796238,10403762,29,1105392.0246792233
current-tools-v1-20260824-r1,current-tools-v1,aws-m7a-xlarge-ubuntu2404-v1,clifft-0.8.0,422f6ad8-61f5-464d-9444-249b3b7d1869,2,1,msc-d3-inject-cultivate-p1e-3--clifft-0.8.0,,msc-d3-inject-cultivate-p1e-3,magic-state-cultivation,clifft-0.8.0,Clifft,0.8.0,clifft,throughput,false,1,100000,AMD EPYC 9R14,m7a.xlarge,ami-0f8a61b66d1accaee,8d0d29ac-0568-47e1-ac63-2f8ea1b47b4f,3,3,2026-08-24T21:18:06.235592Z,30.04769499299998,332,33200000,22805503,10394497,21,1104910.0441060252
current-tools-v1-20260824-r1,current-tools-v1,aws-m7a-xlarge-ubuntu2404-v1,clifft-0.8.0,422f6ad8-61f5-464d-9444-249b3b7d1869,2,1,msc-d3-inject-cultivate-p1e-3--clifft-0.8.0,,msc-d3-inject-cultivate-p1e-3,magic-state-cultivation,clifft-0.8.0,Clifft,0.8.0,clifft,throughput,false,1,100000,AMD EPYC 9R14,m7a.xlarge,ami-0f8a61b66d1accaee,8d0d29ac-0568-47e1-ac63-2f8ea1b47b4f,4,4,2026-08-24T21:18:36.286787Z,30.037243308000086,332,33200000,22798805,10401195,25,1105294.5058762282
current-tools-v1-20260824-r1,current-tools-v1,aws-m7a-xlarge-ubuntu2404-v1,clifft-0.8.0,422f6ad8-61f5-464d-9444-249b3b7d1869,2,1,msc-d5-inject-cultivate-p1e-3--clifft-0.8.0,,msc-d5-inject-cultivate-p1e-3,magic-state-cultivation,clifft-0.8.0,Clifft,0.8.0,clifft,throughput,false,1,20000,AMD EPYC 9R14,m7a.xlarge,ami-0f8a61b66d1accaee,8d0d29ac-0568-47e1-ac63-2f8ea1b47b4f,0,5,2026-08-24T21:19:06.458077Z,30.048158219999976,188,3760000,541278,3218722,0,125132.4614464175
current-tools-v1-20260824-r1,current-tools-v1,aws-m7a-xlarge-ubuntu2404-v1,clifft-0.8.0,422f6ad8-61f5-464d-9444-249b3b7d1869,2,1,msc-d5-inject-cultivate-p1e-3--clifft-0.8.0,,msc-d5-inject-cultivate-p1e-3,magic-state-cultivation,clifft-0.8.0,Clifft,0.8.0,clifft,throughput,false,1,20000,AMD EPYC 9R14,m7a.xlarge,ami-0f8a61b66d1accaee,8d0d29ac-0568-47e1-ac63-2f8ea1b47b4f,1,6,2026-08-24T21:19:36.509206Z,30.068485429000162,188,3760000,540212,3219788,0,125047.86810357902
current-tools-v1-20260824-r1,current-tools-v1,aws-m7a-xlarge-ubuntu2404-v1,clifft-0.8.0,422f6ad8-61f5-464d-9444-249b3b7d1869,2,1,msc-d5-inject-cultivate-p1e-3--clifft-0.8.0,,msc-d5-inject-cultivate-p1e-3,magic-state-cultivation,clifft-0.8.0,Clifft,0.8.0,clifft,throughput,false,1,20000,AMD EPYC 9R14,m7a.xlarge,ami-0f8a61b66d1accaee,8d0d29ac-0568-47e1-ac63-2f8ea1b47b4f,2,7,2026-08-24T21:20:06.580617Z,30.089956633999805,188,3760000,541837,3218163,0,124958.63805105757
current-tools-v1-20260824-r1,current-tools-v1,aws-m7a-xlarge-ubuntu2404-v1,clifft-0.8.0,422f6ad8-61f5-464d-9444-249b3b7d1869,2,1,msc-d5-inject-cultivate-p1e-3--clifft-0.8.0,,msc-d5-inject-cultivate-p1e-3,magic-state-cultivation,clifft-0.8.0,Clifft,0.8.0,clifft,throughput,false,1,20000,AMD EPYC 9R14,m7a.xlarge,ami-0f8a61b66d1accaee,8d0d29ac-0568-47e1-ac63-2f8ea1b47b4f,3,8,2026-08-24T21:20:36.673583Z,30.0731138029995,188,3760000,541242,3218758,0,125028.62273027998
current-tools-v1-20260824-r1,current-tools-v1,aws-m7a-xlarge-ubuntu2404-v1,clifft-0.8.0,422f6ad8-61f5-464d-9444-249b3b7d1869,2,1,msc-d5-inject-cultivate-p1e-3--clifft-0.8.0,,msc-d5-inject-cultivate-p1e-3,magic-state-cultivation,clifft-0.8.0,Clifft,0.8.0,clifft,throughput,false,1,20000,AMD EPYC 9R14,m7a.xlarge,ami-0f8a61b66d1accaee,8d0d29ac-0568-47e1-ac63-2f8ea1b47b4f,4,9,2026-08-24T21:21:06.749811Z,30.027194787999974,188,3760000,540262,3219738,0,125219.82244917001
current-tools-v1-20260824-r1,current-tools-v1,aws-m7a-xlarge-ubuntu2404-v1,clifft-0.8.0,422f6ad8-61f5-464d-9444-249b3b7d1869,2,1,distillation-color-code-85q-p5e-2--clifft-0.8.0,,distillation-color-code-85q-p5e-2,magic-state-distillation,clifft-0.8.0,Clifft,0.8.0,clifft,throughput,false,1,100000,AMD EPYC 9R14,m7a.xlarge,ami-0f8a61b66d1accaee,8d0d29ac-0568-47e1-ac63-2f8ea1b47b4f,0,10,2026-08-24T21:21:36.900132Z,30.09787565600061,164,16400000,1308792,15091208,551647,544888.9545375716
current-tools-v1-20260824-r1,current-tools-v1,aws-m7a-xlarge-ubuntu2404-v1,clifft-0.8.0,422f6ad8-61f5-464d-9444-249b3b7d1869,2,1,distillation-color-code-85q-p5e-2--clifft-0.8.0,,distillation-color-code-85q-p5e-2,magic-state-distillation,clifft-0.8.0,Clifft,0.8.0,clifft,throughput,false,1,100000,AMD EPYC 9R14,m7a.xlarge,ami-0f8a61b66d1accaee,8d0d29ac-0568-47e1-ac63-2f8ea1b47b4f,1,11,2026-08-24T21:22:07.000239Z,30.097773071000063,164,16400000,1307205,15092795,552356,544890.811732573
current-tools-v1-20260824-r1,current-tools-v1,aws-m7a-xlarge-ubuntu2404-v1,clifft-0.8.0,422f6ad8-61f5-464d-9444-249b3b7d1869,2,1,distillation-color-code-85q-p5e-2--clifft-0.8.0,,distillation-color-code-85q-p5e-2,magic-state-distillation,clifft-0.8.0,Clifft,0.8.0,clifft,throughput,false,1,100000,AMD EPYC 9R14,m7a.xlarge,ami-0f8a61b66d1accaee,8d0d29ac-0568-47e1-ac63-2f8ea1b47b4f,2,12,2026-08-24T21:22:37.100152Z,30.11688283300009,164,16400000,1308783,15091217,551357,544545.0676598563
current-tools-v1-20260824-r1,current-tools-v1,aws-m7a-xlarge-ubuntu2404-v1,clifft-0.8.0,422f6ad8-61f5-464d-9444-249b3b7d1869,2,1,distillation-color-code-85q-p5e-2--clifft-0.8.0,,distillation-color-code-85q-p5e-2,magic-state-distillation,clifft-0.8.0,Clifft,0.8.0,clifft,throughput,false,1,100000,AMD EPYC 9R14,m7a.xlarge,ami-0f8a61b66d1accaee,8d0d29ac-0568-47e1-ac63-2f8ea1b47b4f,3,13,2026-08-24T21:23:07.219984Z,30.103974549999975,164,16400000,1308059,15091941,551945,544778.563134947
current-tools-v1-20260824-r1,current-tools-v1,aws-m7a-xlarge-ubuntu2404-v1,clifft-0.8.0,422f6ad8-61f5-464d-9444-249b3b7d1869,2,1,distillation-color-code-85q-p5e-2--clifft-0.8.0,,distillation-color-code-85q-p5e-2,magic-state-distillation,clifft-0.8.0,Clifft,0.8.0,clifft,throughput,false,1,100000,AMD EPYC 9R14,m7a.xlarge,ami-0f8a61b66d1accaee,8d0d29ac-0568-47e1-ac63-2f8ea1b47b4f,4,14,2026-08-24T21:23:37.327057Z,30.105995561999862,164,16400000,1308306,15091694,552797,544741.9922130152
current-tools-v1-20260824-r1,current-tools-v1,aws-m7a-xlarge-ubuntu2404-v1,clifft-0.8.0,422f6ad8-61f5-464d-9444-249b3b7d1869,2,1,surface-code-d7-r7-p1e-3--clifft-0.8.0,,surface-code-d7-r7-p1e-3,surface-code-memory,clifft-0.8.0,Clifft,0.8.0,clifft,throughput,false,1,100000,AMD EPYC 9R14,m7a.xlarge,ami-0f8a61b66d1accaee,8d0d29ac-0568-47e1-ac63-2f8ea1b47b4f,0,15,2026-08-24T21:24:07.567553Z,30.211286480000126,141,14100000,1240376,12859624,0,466712.9951362449
current-tools-v1-20260824-r1,current-tools-v1,aws-m7a-xlarge-ubuntu2404-v1,clifft-0.8.0,422f6ad8-61f5-464d-9444-249b3b7d1869,2,1,surface-code-d7-r7-p1e-3--clifft-0.8.0,,surface-code-d7-r7-p1e-3,surface-code-memory,clifft-0.8.0,Clifft,0.8.0,clifft,throughput,false,1,100000,AMD EPYC 9R14,m7a.xlarge,ami-0f8a61b66d1accaee,8d0d29ac-0568-47e1-ac63-2f8ea1b47b4f,1,16,2026-08-24T21:24:37.781802Z,30.212386256999764,141,14100000,1241244,12858756,0,466696.00607046514
current-tools-v1-20260824-r1,current-tools-v1,aws-m7a-xlarge-ubuntu2404-v1,clifft-0.8.0,422f6ad8-61f5-464d-9444-249b3b7d1869,2,1,surface-code-d7-r7-p1e-3--clifft-0.8.0,,surface-code-d7-r7-p1e-3,surface-code-memory,clifft-0.8.0,Clifft,0.8.0,clifft,throughput,false,1,100000,AMD EPYC 9R14,m7a.xlarge,ami-0f8a61b66d1accaee,8d0d29ac-0568-47e1-ac63-2f8ea1b47b4f,2,17,2026-08-24T21:25:07.997198Z,30.20900187799998,141,14100000,1237802,12862198,0,466748.2910207792
current-tools-v1-20260824-r1,current-tools-v1,aws-m7a-xlarge-ubuntu2404-v1,clifft-0.8.0,422f6ad8-61f5-464d-9444-249b3b7d1869,2,1,surface-code-d7-r7-p1e-3--clifft-0.8.0,,surface-code-d7-r7-p1e-3,surface-code-memory,clifft-0.8.0,Clifft,0.8.0,clifft,throughput,false,1,100000,AMD EPYC 9R14,m7a.xlarge,ami-0f8a61b66d1accaee,8d0d29ac-0568-47e1-ac63-2f8ea1b47b4f,3,18,2026-08-24T21:25:38.209344Z,30.00596866900014,140,14000000,1229190,12770810,0,466573.83917299507
current-tools-v1-20260824-r1,current-tools-v1,aws-m7a-xlarge-ubuntu2404-v1,clifft-0.8.0,422f6ad8-61f5-464d-9444-249b3b7d1869,2,1,surface-code-d7-r7-p1e-3--clifft-0.8.0,,surface-code-d7-r7-p1e-3,surface-code-memory,clifft-0.8.0,Clifft,0.8.0,clifft,throughput,false,1,100000,AMD EPYC 9R14,m7a.xlarge,ami-0f8a61b66d1accaee,8d0d29ac-0568-47e1-ac63-2f8ea1b47b4f,4,19,2026-08-24T21:26:08.218304Z,30.008883348999916,140,14000000,1230934,12769066,0,466528.5221439793
current-tools-v1-20260824-r1,current-tools-v1,aws-m7a-xlarge-ubuntu2404-v1,clifft-0.8.0,422f6ad8-61f5-464d-9444-249b3b7d1869,2,1,coherent-surface-d3-r1-p1e-3-rz2e-2--clifft-0.8.0,,coherent-surface-d3-r1-p1e-3-rz2e-2,coherent-noise-surface-code,clifft-0.8.0,Clifft,0.8.0,clifft,throughput,false,1,100000,AMD EPYC 9R14,m7a.xlarge,ami-0f8a61b66d1accaee,8d0d29ac-0568-47e1-ac63-2f8ea1b47b4f,0,20,2026-08-24T21:26:38.333969Z,30.048597894001546,415,41500000,40434658,1065342,1,1381096.0546776275
current-tools-v1-20260824-r1,current-tools-v1,aws-m7a-xlarge-ubuntu2404-v1,clifft-0.8.0,422f6ad8-61f5-464d-9444-249b3b7d1869,2,1,coherent-surface-d3-r1-p1e-3-rz2e-2--clifft-0.8.0,,coherent-surface-d3-r1-p1e-3-rz2e-2,coherent-noise-surface-code,clifft-0.8.0,Clifft,0.8.0,clifft,throughput,false,1,100000,AMD EPYC 9R14,m7a.xlarge,ami-0f8a61b66d1accaee,8d0d29ac-0568-47e1-ac63-2f8ea1b47b4f,1,21,2026-08-24T21:27:08.386827Z,30.03314887000056,415,41500000,40434817,1065183,0,1381806.4892107742
current-tools-v1-20260824-r1,current-tools-v1,aws-m7a-xlarge-ubuntu2404-v1,clifft-0.8.0,422f6ad8-61f5-464d-9444-249b3b7d1869,2,1,coherent-surface-d3-r1-p1e-3-rz2e-2--clifft-0.8.0,,coherent-surface-d3-r1-p1e-3-rz2e-2,coherent-noise-surface-code,clifft-0.8.0,Clifft,0.8.0,clifft,throughput,false,1,100000,AMD EPYC 9R14,m7a.xlarge,ami-0f8a61b66d1accaee,8d0d29ac-0568-47e1-ac63-2f8ea1b47b4f,2,22,2026-08-24T21:27:38.423434Z,30.003278320996515,414,41400000,40334588,1065412,0,1379849.2137116888
current-tools-v1-20260824-r1,current-tools-v1,aws-m7a-xlarge-ubuntu2404-v1,clifft-0.8.0,422f6ad8-61f5-464d-9444-249b3b7d1869,2,1,coherent-surface-d3-r1-p1e-3-rz2e-2--clifft-0.8.0,,coherent-surface-d3-r1-p1e-3-rz2e-2,coherent-noise-surface-code,clifft-0.8.0,Clifft,0.8.0,clifft,throughput,false,1,100000,AMD EPYC 9R14,m7a.xlarge,ami-0f8a61b66d1accaee,8d0d29ac-0568-47e1-ac63-2f8ea1b47b4f,3,23,2026-08-24T21:28:08.430247Z,30.02071100199953,414,41400000,40339665,1060335,1,1379047.9511708617
current-tools-v1-20260824-r1,current-tools-v1,aws-m7a-xlarge-ubuntu2404-v1,clifft-0.8.0,422f6ad8-61f5-464d-9444-249b3b7d1869,2,1,coherent-surface-d3-r1-p1e-3-rz2e-2--clifft-0.8.0,,coherent-surface-d3-r1-p1e-3-rz2e-2,coherent-noise-surface-code,clifft-0.8.0,Clifft,0.8.0,clifft,throughput,false,1,100000,AMD EPYC 9R14,m7a.xlarge,ami-0f8a61b66d1accaee,8d0d29ac-0568-47e1-ac63-2f8ea1b47b4f,4,24,2026-08-24T21:28:38.455209Z,30.048640729999534,415,41500000,40436098,1063902,0,1381094.0858488758
current-tools-v1-20260824-r1,current-tools-v1,aws-m7a-xlarge-ubuntu2404-v1,clifft-0.8.0,422f6ad8-61f5-464d-9444-249b3b7d1869,2,1,coherent-surface-d3-r3-p1e-3-rz2e-2--clifft-0.8.0,,coherent-surface-d3-r3-p1e-3-rz2e-2,coherent-noise-surface-code,clifft-0.8.0,Clifft,0.8.0,clifft,throughput,false,1,100000,AMD EPYC 9R14,m7a.xlarge,ami-0f8a61b66d1accaee,8d0d29ac-0568-47e1-ac63-2f8ea1b47b4f,0,25,2026-08-24T21:29:08.612791Z,30.086209166000003,98,9800000,3659226,6140774,0,325730.6344554315
current-tools-v1-20260824-r1,current-tools-v1,aws-m7a-xlarge-ubuntu2404-v1,clifft-0.8.0,422f6ad8-61f5-464d-9444-249b3b7d1869,2,1,coherent-surface-d3-r3-p1e-3-rz2e-2--clifft-0.8.0,,coherent-surface-d3-r3-p1e-3-rz2e-2,coherent-noise-surface-code,clifft-0.8.0,Clifft,0.8.0,clifft,throughput,false,1,100000,AMD EPYC 9R14,m7a.xlarge,ami-0f8a61b66d1accaee,8d0d29ac-0568-47e1-ac63-2f8ea1b47b4f,1,26,2026-08-24T21:29:38.702200Z,30.281772923999256,99,9900000,3693260,6206740,0,326929.3388087571
current-tools-v1-20260824-r1,current-tools-v1,aws-m7a-xlarge-ubuntu2404-v1,clifft-0.8.0,422f6ad8-61f5-464d-9444-249b3b7d1869,2,1,coherent-surface-d3-r3-p1e-3-rz2e-2--clifft-0.8.0,,coherent-surface-d3-r3-p1e-3-rz2e-2,coherent-noise-surface-code,clifft-0.8.0,Clifft,0.8.0,clifft,throughput,false,1,100000,AMD EPYC 9R14,m7a.xlarge,ami-0f8a61b66d1accaee,8d0d29ac-0568-47e1-ac63-2f8ea1b47b4f,2,27,2026-08-24T21:30:08.986874Z,30.066711773000065,98,9800000,3657505,6142495,0,325941.86135114415
current-tools-v1-20260824-r1,current-tools-v1,aws-m7a-xlarge-ubuntu2404-v1,clifft-0.8.0,422f6ad8-61f5-464d-9444-249b3b7d1869,2,1,coherent-surface-d3-r3-p1e-3-rz2e-2--clifft-0.8.0,,coherent-surface-d3-r3-p1e-3-rz2e-2,coherent-noise-surface-code,clifft-0.8.0,Clifft,0.8.0,clifft,throughput,false,1,100000,AMD EPYC 9R14,m7a.xlarge,ami-0f8a61b66d1accaee,8d0d29ac-0568-47e1-ac63-2f8ea1b47b4f,3,28,2026-08-24T21:30:39.056595Z,30.273051062000263,99,9900000,3693747,6206253,0,327023.5292678117
current-tools-v1-20260824-r1,current-tools-v1,aws-m7a-xlarge-ubuntu2404-v1,clifft-0.8.0,422f6ad8-61f5-464d-9444-249b3b7d1869,2,1,coherent-surface-d3-r3-p1e-3-rz2e-2--clifft-0.8.0,,coherent-surface-d3-r3-p1e-3-rz2e-2,coherent-noise-surface-code,clifft-0.8.0,Clifft,0.8.0,clifft,throughput,false,1,100000,AMD EPYC 9R14,m7a.xlarge,ami-0f8a61b66d1accaee,8d0d29ac-0568-47e1-ac63-2f8ea1b47b4f,4,29,2026-08-24T21:31:09.333040Z,30.283972440000753,99,9900000,3696682,6203318,0,326905.5940271406
current-tools-v1-20260824-r1,current-tools-v1,aws-m7a-xlarge-ubuntu2404-v1,clifft-0.8.0,422f6ad8-61f5-464d-9444-249b3b7d1869,2,1,coherent-surface-d5-r1-p1e-3-rz2e-2--clifft-0.8.0,,coherent-surface-d5-r1-p1e-3-rz2e-2,coherent-noise-surface-code,clifft-0.8.0,Clifft,0.8.0,clifft,throughput,false,1,10000,AMD EPYC 9R14,m7a.xlarge,ami-0f8a61b66d1accaee,8d0d29ac-0568-47e1-ac63-2f8ea1b47b4f,0,30,2026-08-24T21:31:39.724095Z,30.340711921999855,44,440000,408435,31565,0,14501.966899496476
current-tools-v1-20260824-r1,current-tools-v1,aws-m7a-xlarge-ubuntu2404-v1,clifft-0.8.0,422f6ad8-61f5-464d-9444-249b3b7d1869,2,1,coherent-surface-d5-r1-p1e-3-rz2e-2--clifft-0.8.0,,coherent-surface-d5-r1-p1e-3-rz2e-2,coherent-noise-surface-code,clifft-0.8.0,Clifft,0.8.0,clifft,throughput,false,1,10000,AMD EPYC 9R14,m7a.xlarge,ami-0f8a61b66d1accaee,8d0d29ac-0568-47e1-ac63-2f8ea1b47b4f,1,31,2026-08-24T21:32:10.066845Z,30.327825808000284,44,440000,408983,31017,0,14508.12869954993
current-tools-v1-20260824-r1,current-tools-v1,aws-m7a-xlarge-ubuntu2404-v1,clifft-0.8.0,422f6ad8-61f5-464d-9444-249b3b7d1869,2,1,coherent-surface-d5-r1-p1e-3-rz2e-2--clifft-0.8.0,,coherent-surface-d5-r1-p1e-3-rz2e-2,coherent-noise-surface-code,clifft-0.8.0,Clifft,0.8.0,clifft,throughput,false,1,10000,AMD EPYC 9R14,m7a.xlarge,ami-0f8a61b66d1accaee,8d0d29ac-0568-47e1-ac63-2f8ea1b47b4f,2,32,2026-08-24T21:32:40.396703Z,30.329528499000048,44,440000,408764,31236,0,14507.314217380816
current-tools-v1-20260824-r1,current-tools-v1,aws-m7a-xlarge-ubuntu2404-v1,clifft-0.8.0,422f6ad8-61f5-464d-9444-249b3b7d1869,2,1,coherent-surface-d5-r1-p1e-3-rz2e-2--clifft-0.8.0,,coherent-surface-d5-r1-p1e-3-rz2e-2,coherent-noise-surface-code,clifft-0.8.0,Clifft,0.8.0,clifft,throughput,false,1,10000,AMD EPYC 9R14,m7a.xlarge,ami-0f8a61b66d1accaee,8d0d29ac-0568-47e1-ac63-2f8ea1b47b4f,3,33,2026-08-24T21:33:10.729370Z,30.330282781999927,44,440000,408597,31403,0,14506.953435367448
current-tools-v1-20260824-r1,current-tools-v1,aws-m7a-xlarge-ubuntu2404-v1,clifft-0.8.0,422f6ad8-61f5-464d-9444-249b3b7d1869,2,1,coherent-surface-d5-r1-p1e-3-rz2e-2--clifft-0.8.0,,coherent-surface-d5-r1-p1e-3-rz2e-2,coherent-noise-surface-code,clifft-0.8.0,Clifft,0.8.0,clifft,throughput,false,1,10000,AMD EPYC 9R14,m7a.xlarge,ami-0f8a61b66d1accaee,8d0d29ac-0568-47e1-ac63-2f8ea1b47b4f,4,34,2026-08-24T21:33:41.061696Z,30.32908651200023,44,440000,408498,31502,0,14507.525633055462
current-tools-v1-20260824-r1,current-tools-v1,aws-m7a-xlarge-ubuntu2404-v1,clifft-0.8.0,422f6ad8-61f5-464d-9444-249b3b7d1869,2,1,coherent-surface-d5-r5-p1e-3-rz2e-2--clifft-0.8.0,,coherent-surface-d5-r5-p1e-3-rz2e-2,coherent-noise-surface-code,clifft-0.8.0,Clifft,0.8.0,clifft,throughput,false,1,1,AMD EPYC 9R14,m7a.xlarge,ami-0f8a61b66d1accaee,8d0d29ac-0568-47e1-ac63-2f8ea1b47b4f,0,35,2026-08-24T21:34:13.043992Z,30.05302425099967,193,193,1,192,0,6.421982639353846
current-tools-v1-20260824-r1,current-tools-v1,aws-m7a-xlarge-ubuntu2404-v1,clifft-0.8.0,422f6ad8-61f5-464d-9444-249b3b7d1869,2,1,coherent-surface-d5-r5-p1e-3-rz2e-2--clifft-0.8.0,,coherent-surface-d5-r5-p1e-3-rz2e-2,coherent-noise-surface-code,clifft-0.8.0,Clifft,0.8.0,clifft,throughput,false,1,1,AMD EPYC 9R14,m7a.xlarge,ami-0f8a61b66d1accaee,8d0d29ac-0568-47e1-ac63-2f8ea1b47b4f,1,36,2026-08-24T21:34:43.100019Z,30.21877609400076,192,192,3,189,0,6.353665661466587
current-tools-v1-20260824-r1,current-tools-v1,aws-m7a-xlarge-ubuntu2404-v1,clifft-0.8.0,422f6ad8-61f5-464d-9444-249b3b7d1869,2,1,coherent-surface-d5-r5-p1e-3-rz2e-2--clifft-0.8.0,,coherent-surface-d5-r5-p1e-3-rz2e-2,coherent-noise-surface-code,clifft-0.8.0,Clifft,0.8.0,clifft,throughput,false,1,1,AMD EPYC 9R14,m7a.xlarge,ami-0f8a61b66d1accaee,8d0d29ac-0568-47e1-ac63-2f8ea1b47b4f,2,37,2026-08-24T21:35:13.321763Z,30.026348660997883,176,176,3,173,0,5.861518561149982
current-tools-v1-20260824-r1,current-tools-v1,aws-m7a-xlarge-ubuntu2404-v1,clifft-0.8.0,422f6ad8-61f5-464d-9444-249b3b7d1869,2,1,coherent-surface-d5-r5-p1e-3-rz2e-2--clifft-0.8.0,,coherent-surface-d5-r5-p1e-3-rz2e-2,coherent-noise-surface-code,clifft-0.8.0,Clifft,0.8.0,clifft,throughput,false,1,1,AMD EPYC 9R14,m7a.xlarge,ami-0f8a61b66d1accaee,8d0d29ac-0568-47e1-ac63-2f8ea1b47b4f,3,38,2026-08-24T21:35:43.351093Z,30.06143992199827,192,192,0,192,0,6.386919605254797
current-tools-v1-20260824-r1,current-tools-v1,aws-m7a-xlarge-ubuntu2404-v1,clifft-0.8.0,422f6ad8-61f5-464d-9444-249b3b7d1869,2,1,coherent-surface-d5-r5-p1e-3-rz2e-2--clifft-0.8.0,,coherent-surface-d5-r5-p1e-3-rz2e-2,coherent-noise-surface-code,clifft-0.8.0,Clifft,0.8.0,clifft,throughput,false,1,1,AMD EPYC 9R14,m7a.xlarge,ami-0f8a61b66d1accaee,8d0d29ac-0568-47e1-ac63-2f8ea1b47b4f,4,39,2026-08-24T21:36:13.416766Z,30.047795593000046,188,188,2,186,0,6.256698579372545
current-tools-v1-20260824-r1,current-tools-v1,aws-m7a-xlarge-ubuntu2404-v1,clifft-0.8.0,058afb4b-0779-47fb-92a3-ff819325b33d,3,1,msc-d3-inject-cultivate-p1e-3--clifft-0.8.0,,msc-d3-inject-cultivate-p1e-3,magic-state-cultivation,clifft-0.8.0,Clifft,0.8.0,clifft,throughput,false,1,100000,AMD EPYC 9R14,m7a.xlarge,ami-0f8a61b66d1accaee,272f026d-612e-4e7c-8486-8e6f2662eff6,0,0,2026-08-25T10:46:38.947206Z,30.04000235600003,331,33100000,22735929,10364071,24,1101864.0946740399
current-tools-v1-20260824-r1,current-tools-v1,aws-m7a-xlarge-ubuntu2404-v1,clifft-0.8.0,058afb4b-0779-47fb-92a3-ff819325b33d,3,1,msc-d3-inject-cultivate-p1e-3--clifft-0.8.0,,msc-d3-inject-cultivate-p1e-3,magic-state-cultivation,clifft-0.8.0,Clifft,0.8.0,clifft,throughput,false,1,100000,AMD EPYC 9R14,m7a.xlarge,ami-0f8a61b66d1accaee,272f026d-612e-4e7c-8486-8e6f2662eff6,1,1,2026-08-25T10:47:08.989925Z,30.005414241999915,330,33000000,22658309,10341691,19,1099801.513615114
current-tools-v1-20260824-r1,current-tools-v1,aws-m7a-xlarge-ubuntu2404-v1,clifft-0.8.0,058afb4b-0779-47fb-92a3-ff819325b33d,3,1,msc-d3-inject-cultivate-p1e-3--clifft-0.8.0,,msc-d3-inject-cultivate-p1e-3,magic-state-cultivation,clifft-0.8.0,Clifft,0.8.0,clifft,throughput,false,1,100000,AMD EPYC 9R14,m7a.xlarge,ami-0f8a61b66d1accaee,272f026d-612e-4e7c-8486-8e6f2662eff6,2,2,2026-08-25T10:47:38.998003Z,30.017078616999953,328,32800000,22520977,10279023,28,1092711.2667594494
current-tools-v1-20260824-r1,current-tools-v1,aws-m7a-xlarge-ubuntu2404-v1,clifft-0.8.0,058afb4b-0779-47fb-92a3-ff819325b33d,3,1,msc-d3-inject-cultivate-p1e-3--clifft-0.8.0,,msc-d3-inject-cultivate-p1e-3,magic-state-cultivation,clifft-0.8.0,Clifft,0.8.0,clifft,throughput,false,1,100000,AMD EPYC 9R14,m7a.xlarge,ami-0f8a61b66d1accaee,272f026d-612e-4e7c-8486-8e6f2662eff6,3,3,2026-08-25T10:48:09.017821Z,30.011300230999893,329,32900000,22599092,10300908,21,1096253.7359849624
current-tools-v1-20260824-r1,current-tools-v1,aws-m7a-xlarge-ubuntu2404-v1,clifft-0.8.0,058afb4b-0779-47fb-92a3-ff819325b33d,3,1,msc-d3-inject-cultivate-p1e-3--clifft-0.8.0,,msc-d3-inject-cultivate-p1e-3,magic-state-cultivation,clifft-0.8.0,Clifft,0.8.0,clifft,throughput,false,1,100000,AMD EPYC 9R14,m7a.xlarge,ami-0f8a61b66d1accaee,272f026d-612e-4e7c-8486-8e6f2662eff6,4,4,2026-08-25T10:48:39.032481Z,30.027639848999854,330,33000000,22661357,10338643,25,1098987.471740945
current-tools-v1-20260824-r1,current-tools-v1,aws-m7a-xlarge-ubuntu2404-v1,clifft-0.8.0,058afb4b-0779-47fb-92a3-ff819325b33d,3,1,msc-d5-inject-cultivate-p1e-3--clifft-0.8.0,,msc-d5-inject-cultivate-p1e-3,magic-state-cultivation,clifft-0.8.0,Clifft,0.8.0,clifft,throughput,false,1,20000,AMD EPYC 9R14,m7a.xlarge,ami-0f8a61b66d1accaee,272f026d-612e-4e7c-8486-8e6f2662eff6,0,5,2026-08-25T10:49:09.192028Z,30.143596719000072,206,4120000,593078,3526922,0,136679.11093711943
current-tools-v1-20260824-r1,current-tools-v1,aws-m7a-xlarge-ubuntu2404-v1,clifft-0.8.0,058afb4b-0779-47fb-92a3-ff819325b33d,3,1,msc-d5-inject-cultivate-p1e-3--clifft-0.8.0,,msc-d5-inject-cultivate-p1e-3,magic-state-cultivation,clifft-0.8.0,Clifft,0.8.0,clifft,throughput,false,1,20000,AMD EPYC 9R14,m7a.xlarge,ami-0f8a61b66d1accaee,272f026d-612e-4e7c-8486-8e6f2662eff6,1,6,2026-08-25T10:49:39.338878Z,30.12671167700003,206,4120000,591928,3528072,0,136755.71513320445
current-tools-v1-20260824-r1,current-tools-v1,aws-m7a-xlarge-ubuntu2404-v1,clifft-0.8.0,058afb4b-0779-47fb-92a3-ff819325b33d,3,1,msc-d5-inject-cultivate-p1e-3--clifft-0.8.0,,msc-d5-inject-cultivate-p1e-3,magic-state-cultivation,clifft-0.8.0,Clifft,0.8.0,clifft,throughput,false,1,20000,AMD EPYC 9R14,m7a.xlarge,ami-0f8a61b66d1accaee,272f026d-612e-4e7c-8486-8e6f2662eff6,2,7,2026-08-25T10:50:09.468600Z,30.141750041999984,206,4120000,593569,3526431,0,136687.48477640242
current-tools-v1-20260824-r1,current-tools-v1,aws-m7a-xlarge-ubuntu2404-v1,clifft-0.8.0,058afb4b-0779-47fb-92a3-ff819325b33d,3,1,msc-d5-inject-cultivate-p1e-3--clifft-0.8.0,,msc-d5-inject-cultivate-p1e-3,magic-state-cultivation,clifft-0.8.0,Clifft,0.8.0,clifft,throughput,false,1,20000,AMD EPYC 9R14,m7a.xlarge,ami-0f8a61b66d1accaee,272f026d-612e-4e7c-8486-8e6f2662eff6,3,8,2026-08-25T10:50:39.613393Z,30.129752246999544,206,4120000,592847,3527153,0,136741.91431196677
current-tools-v1-20260824-r1,current-tools-v1,aws-m7a-xlarge-ubuntu2404-v1,clifft-0.8.0,058afb4b-0779-47fb-92a3-ff819325b33d,3,1,msc-d5-inject-cultivate-p1e-3--clifft-0.8.0,,msc-d5-inject-cultivate-p1e-3,magic-state-cultivation,clifft-0.8.0,Clifft,0.8.0,clifft,throughput,false,1,20000,AMD EPYC 9R14,m7a.xlarge,ami-0f8a61b66d1accaee,272f026d-612e-4e7c-8486-8e6f2662eff6,4,9,2026-08-25T10:51:09.745569Z,30.025477626000168,205,4100000,588897,3511103,0,136550.70041082907
current-tools-v1-20260824-r1,current-tools-v1,aws-m7a-xlarge-ubuntu2404-v1,clifft-0.8.0,058afb4b-0779-47fb-92a3-ff819325b33d,3,1,distillation-color-code-85q-p5e-2--clifft-0.8.0,,distillation-color-code-85q-p5e-2,magic-state-distillation,clifft-0.8.0,Clifft,0.8.0,clifft,throughput,false,1,100000,AMD EPYC 9R14,m7a.xlarge,ami-0f8a61b66d1accaee,272f026d-612e-4e7c-8486-8e6f2662eff6,0,10,2026-08-25T10:51:39.876386Z,30.01143972899979,162,16200000,1292821,14907179,545004,539794.1633685132
current-tools-v1-20260824-r1,current-tools-v1,aws-m7a-xlarge-ubuntu2404-v1,clifft-0.8.0,058afb4b-0779-47fb-92a3-ff819325b33d,3,1,distillation-color-code-85q-p5e-2--clifft-0.8.0,,distillation-color-code-85q-p5e-2,magic-state-distillation,clifft-0.8.0,Clifft,0.8.0,clifft,throughput,false,1,100000,AMD EPYC 9R14,m7a.xlarge,ami-0f8a61b66d1accaee,272f026d-612e-4e7c-8486-8e6f2662eff6,1,11,2026-08-25T10:52:09.890252Z,30.022275867999724,162,16200000,1291312,14908688,545697,539599.331883674
current-tools-v1-20260824-r1,current-tools-v1,aws-m7a-xlarge-ubuntu2404-v1,clifft-0.8.0,058afb4b-0779-47fb-92a3-ff819325b33d,3,1,distillation-color-code-85q-p5e-2--clifft-0.8.0,,distillation-color-code-85q-p5e-2,magic-state-distillation,clifft-0.8.0,Clifft,0.8.0,clifft,throughput,false,1,100000,AMD EPYC 9R14,m7a.xlarge,ami-0f8a61b66d1accaee,272f026d-612e-4e7c-8486-8e6f2662eff6,2,12,2026-08-25T10:52:39.915463Z,30.028708336000136,162,16200000,1292840,14907160,544692,539483.7439803734
current-tools-v1-20260824-r1,current-tools-v1,aws-m7a-xlarge-ubuntu2404-v1,clifft-0.8.0,058afb4b-0779-47fb-92a3-ff819325b33d,3,1,distillation-color-code-85q-p5e-2--clifft-0.8.0,,distillation-color-code-85q-p5e-2,magic-state-distillation,clifft-0.8.0,Clifft,0.8.0,clifft,throughput,false,1,100000,AMD EPYC 9R14,m7a.xlarge,ami-0f8a61b66d1accaee,272f026d-612e-4e7c-8486-8e6f2662eff6,3,13,2026-08-25T10:53:09.947227Z,30.173289664999686,163,16300000,1300088,14999912,548580,540212.8896441683
current-tools-v1-20260824-r1,current-tools-v1,aws-m7a-xlarge-ubuntu2404-v1,clifft-0.8.0,058afb4b-0779-47fb-92a3-ff819325b33d,3,1,distillation-color-code-85q-p5e-2--clifft-0.8.0,,distillation-color-code-85q-p5e-2,magic-state-distillation,clifft-0.8.0,Clifft,0.8.0,clifft,throughput,false,1,100000,AMD EPYC 9R14,m7a.xlarge,ami-0f8a61b66d1accaee,272f026d-612e-4e7c-8486-8e6f2662eff6,4,14,2026-08-25T10:53:40.123438Z,30.01427964600009,162,16200000,1292385,14907615,546036,539743.0886587652
current-tools-v1-20260824-r1,current-tools-v1,aws-m7a-xlarge-ubuntu2404-v1,clifft-0.8.0,058afb4b-0779-47fb-92a3-ff819325b33d,3,1,surface-code-d7-r7-p1e-3--clifft-0.8.0,,surface-code-d7-r7-p1e-3,surface-code-memory,clifft-0.8.0,Clifft,0.8.0,clifft,throughput,false,1,100000,AMD EPYC 9R14,m7a.xlarge,ami-0f8a61b66d1accaee,272f026d-612e-4e7c-8486-8e6f2662eff6,0,15,2026-08-25T10:54:10.255249Z,30.19067082199973,141,14100000,1240376,12859624,0,467031.68946234306
current-tools-v1-20260824-r1,current-tools-v1,aws-m7a-xlarge-ubuntu2404-v1,clifft-0.8.0,058afb4b-0779-47fb-92a3-ff819325b33d,3,1,surface-code-d7-r7-p1e-3--clifft-0.8.0,,surface-code-d7-r7-p1e-3,surface-code-memory,clifft-0.8.0,Clifft,0.8.0,clifft,throughput,false,1,100000,AMD EPYC 9R14,m7a.xlarge,ami-0f8a61b66d1accaee,272f026d-612e-4e7c-8486-8e6f2662eff6,1,16,2026-08-25T10:54:40.448940Z,30.196774699000116,141,14100000,1241244,12858756,0,466937.28520837304
current-tools-v1-20260824-r1,current-tools-v1,aws-m7a-xlarge-ubuntu2404-v1,clifft-0.8.0,058afb4b-0779-47fb-92a3-ff819325b33d,3,1,surface-code-d7-r7-p1e-3--clifft-0.8.0,,surface-code-d7-r7-p1e-3,surface-code-memory,clifft-0.8.0,Clifft,0.8.0,clifft,throughput,false,1,100000,AMD EPYC 9R14,m7a.xlarge,ami-0f8a61b66d1accaee,272f026d-612e-4e7c-8486-8e6f2662eff6,2,17,2026-08-25T10:55:10.647870Z,30.193642024999576,141,14100000,1237802,12862198,0,466985.7312451924
current-tools-v1-20260824-r1,current-tools-v1,aws-m7a-xlarge-ubuntu2404-v1,clifft-0.8.0,058afb4b-0779-47fb-92a3-ff819325b33d,3,1,surface-code-d7-r7-p1e-3--clifft-0.8.0,,surface-code-d7-r7-p1e-3,surface-code-memory,clifft-0.8.0,Clifft,0.8.0,clifft,throughput,false,1,100000,AMD EPYC 9R14,m7a.xlarge,ami-0f8a61b66d1accaee,272f026d-612e-4e7c-8486-8e6f2662eff6,3,18,2026-08-25T10:55:40.844265Z,30.195483401999695,141,14100000,1238029,12861971,0,466957.25358270726
current-tools-v1-20260824-r1,current-tools-v1,aws-m7a-xlarge-ubuntu2404-v1,clifft-0.8.0,058afb4b-0779-47fb-92a3-ff819325b33d,3,1,surface-code-d7-r7-p1e-3--clifft-0.8.0,,surface-code-d7-r7-p1e-3,surface-code-memory,clifft-0.8.0,Clifft,0.8.0,clifft,throughput,false,1,100000,AMD EPYC 9R14,m7a.xlarge,ami-0f8a61b66d1accaee,272f026d-612e-4e7c-8486-8e6f2662eff6,4,19,2026-08-25T10:56:11.042681Z,30.181577450000532,141,14100000,1239721,12860279,0,467172.4008911851
current-tools-v1-20260824-r1,current-tools-v1,aws-m7a-xlarge-ubuntu2404-v1,clifft-0.8.0,058afb4b-0779-47fb-92a3-ff819325b33d,3,1,coherent-surface-d3-r1-p1e-3-rz2e-2--clifft-0.8.0,,coherent-surface-d3-r1-p1e-3-rz2e-2,coherent-noise-surface-code,clifft-0.8.0,Clifft,0.8.0,clifft,throughput,false,1,100000,AMD EPYC 9R14,m7a.xlarge,ami-0f8a61b66d1accaee,272f026d-612e-4e7c-8486-8e6f2662eff6,0,20,2026-08-25T10:56:41.327617Z,30.03841123799907,412,41200000,40142279,1057721,1,1371577.2007236301
current-tools-v1-20260824-r1,current-tools-v1,aws-m7a-xlarge-ubuntu2404-v1,clifft-0.8.0,058afb4b-0779-47fb-92a3-ff819325b33d,3,1,coherent-surface-d3-r1-p1e-3-rz2e-2--clifft-0.8.0,,coherent-surface-d3-r1-p1e-3-rz2e-2,coherent-noise-surface-code,clifft-0.8.0,Clifft,0.8.0,clifft,throughput,false,1,100000,AMD EPYC 9R14,m7a.xlarge,ami-0f8a61b66d1accaee,272f026d-612e-4e7c-8486-8e6f2662eff6,1,21,2026-08-25T10:57:11.370211Z,30.03831154499892,412,41200000,40142479,1057521,0,1371581.7527985987
current-tools-v1-20260824-r1,current-tools-v1,aws-m7a-xlarge-ubuntu2404-v1,clifft-0.8.0,058afb4b-0779-47fb-92a3-ff819325b33d,3,1,coherent-surface-d3-r1-p1e-3-rz2e-2--clifft-0.8.0,,coherent-surface-d3-r1-p1e-3-rz2e-2,coherent-noise-surface-code,clifft-0.8.0,Clifft,0.8.0,clifft,throughput,false,1,100000,AMD EPYC 9R14,m7a.xlarge,ami-0f8a61b66d1accaee,272f026d-612e-4e7c-8486-8e6f2662eff6,2,22,2026-08-25T10:57:41.412518Z,30.055366973999867,412,41200000,40139724,1060276,0,1370803.4254128747
current-tools-v1-20260824-r1,current-tools-v1,aws-m7a-xlarge-ubuntu2404-v1,clifft-0.8.0,058afb4b-0779-47fb-92a3-ff819325b33d,3,1,coherent-surface-d3-r1-p1e-3-rz2e-2--clifft-0.8.0,,coherent-surface-d3-r1-p1e-3-rz2e-2,coherent-noise-surface-code,clifft-0.8.0,Clifft,0.8.0,clifft,throughput,false,1,100000,AMD EPYC 9R14,m7a.xlarge,ami-0f8a61b66d1accaee,272f026d-612e-4e7c-8486-8e6f2662eff6,3,23,2026-08-25T10:58:11.472046Z,30.05287634199999,412,41200000,40144814,1055186,1,1370917.0307409642
current-tools-v1-20260824-r1,current-tools-v1,aws-m7a-xlarge-ubuntu2404-v1,clifft-0.8.0,058afb4b-0779-47fb-92a3-ff819325b33d,3,1,coherent-surface-d3-r1-p1e-3-rz2e-2--clifft-0.8.0,,coherent-surface-d3-r1-p1e-3-rz2e-2,coherent-noise-surface-code,clifft-0.8.0,Clifft,0.8.0,clifft,throughput,false,1,100000,AMD EPYC 9R14,m7a.xlarge,ami-0f8a61b66d1accaee,272f026d-612e-4e7c-8486-8e6f2662eff6,4,24,2026-08-25T10:58:41.529026Z,30.05238717199927,412,41200000,40143794,1056206,0,1370939.3454902412
current-tools-v1-20260824-r1,current-tools-v1,aws-m7a-xlarge-ubuntu2404-v1,clifft-0.8.0,058afb4b-0779-47fb-92a3-ff819325b33d,3,1,coherent-surface-d3-r3-p1e-3-rz2e-2--clifft-0.8.0,,coherent-surface-d3-r3-p1e-3-rz2e-2,coherent-noise-surface-code,clifft-0.8.0,Clifft,0.8.0,clifft,throughput,false,1,100000,AMD EPYC 9R14,m7a.xlarge,ami-0f8a61b66d1accaee,272f026d-612e-4e7c-8486-8e6f2662eff6,0,25,2026-08-25T10:59:11.687320Z,30.156391218000294,97,9700000,3621785,6078215,0,321656.5248102395
current-tools-v1-20260824-r1,current-tools-v1,aws-m7a-xlarge-ubuntu2404-v1,clifft-0.8.0,058afb4b-0779-47fb-92a3-ff819325b33d,3,1,coherent-surface-d3-r3-p1e-3-rz2e-2--clifft-0.8.0,,coherent-surface-d3-r3-p1e-3-rz2e-2,coherent-noise-surface-code,clifft-0.8.0,Clifft,0.8.0,clifft,throughput,false,1,100000,AMD EPYC 9R14,m7a.xlarge,ami-0f8a61b66d1accaee,272f026d-612e-4e7c-8486-8e6f2662eff6,1,26,2026-08-25T10:59:41.846597Z,30.135980649000658,97,9700000,3618612,6081388,0,321874.3771101294
current-tools-v1-20260824-r1,current-tools-v1,aws-m7a-xlarge-ubuntu2404-v1,clifft-0.8.0,058afb4b-0779-47fb-92a3-ff819325b33d,3,1,coherent-surface-d3-r3-p1e-3-rz2e-2--clifft-0.8.0,,coherent-surface-d3-r3-p1e-3-rz2e-2,coherent-noise-surface-code,clifft-0.8.0,Clifft,0.8.0,clifft,throughput,false,1,100000,AMD EPYC 9R14,m7a.xlarge,ami-0f8a61b66d1accaee,272f026d-612e-4e7c-8486-8e6f2662eff6,2,27,2026-08-25T11:00:11.985422Z,30.127209271000083,97,9700000,3620075,6079925,0,321968.0891365218
current-tools-v1-20260824-r1,current-tools-v1,aws-m7a-xlarge-ubuntu2404-v1,clifft-0.8.0,058afb4b-0779-47fb-92a3-ff819325b33d,3,1,coherent-surface-d3-r3-p1e-3-rz2e-2--clifft-0.8.0,,coherent-surface-d3-r3-p1e-3-rz2e-2,coherent-noise-surface-code,clifft-0.8.0,Clifft,0.8.0,clifft,throughput,false,1,100000,AMD EPYC 9R14,m7a.xlarge,ami-0f8a61b66d1accaee,272f026d-612e-4e7c-8486-8e6f2662eff6,3,28,2026-08-25T11:00:42.114909Z,30.12030032400014,97,9700000,3619201,6080799,0,322041.9416691854
current-tools-v1-20260824-r1,current-tools-v1,aws-m7a-xlarge-ubuntu2404-v1,clifft-0.8.0,058afb4b-0779-47fb-92a3-ff819325b33d,3,1,coherent-surface-d3-r3-p1e-3-rz2e-2--clifft-0.8.0,,coherent-surface-d3-r3-p1e-3-rz2e-2,coherent-noise-surface-code,clifft-0.8.0,Clifft,0.8.0,clifft,throughput,false,1,100000,AMD EPYC 9R14,m7a.xlarge,ami-0f8a61b66d1accaee,272f026d-612e-4e7c-8486-8e6f2662eff6,4,29,2026-08-25T11:01:12.237554Z,30.122109077999767,97,9700000,3621949,6078051,0,322022.60389145766
current-tools-v1-20260824-r1,current-tools-v1,aws-m7a-xlarge-ubuntu2404-v1,clifft-0.8.0,058afb4b-0779-47fb-92a3-ff819325b33d,3,1,coherent-surface-d5-r1-p1e-3-rz2e-2--clifft-0.8.0,,coherent-surface-d5-r1-p1e-3-rz2e-2,coherent-noise-surface-code,clifft-0.8.0,Clifft,0.8.0,clifft,throughput,false,1,10000,AMD EPYC 9R14,m7a.xlarge,ami-0f8a61b66d1accaee,272f026d-612e-4e7c-8486-8e6f2662eff6,0,30,2026-08-25T11:01:42.466190Z,30.331063411999935,44,440000,408435,31565,0,14506.580070183823
current-tools-v1-20260824-r1,current-tools-v1,aws-m7a-xlarge-ubuntu2404-v1,clifft-0.8.0,058afb4b-0779-47fb-92a3-ff819325b33d,3,1,coherent-surface-d5-r1-p1e-3-rz2e-2--clifft-0.8.0,,coherent-surface-d5-r1-p1e-3-rz2e-2,coherent-noise-surface-code,clifft-0.8.0,Clifft,0.8.0,clifft,throughput,false,1,10000,AMD EPYC 9R14,m7a.xlarge,ami-0f8a61b66d1accaee,272f026d-612e-4e7c-8486-8e6f2662eff6,1,31,2026-08-25T11:02:12.799957Z,30.330512887999703,44,440000,408983,31017,0,14506.843376660683
current-tools-v1-20260824-r1,current-tools-v1,aws-m7a-xlarge-ubuntu2404-v1,clifft-0.8.0,058afb4b-0779-47fb-92a3-ff819325b33d,3,1,coherent-surface-d5-r1-p1e-3-rz2e-2--clifft-0.8.0,,coherent-surface-d5-r1-p1e-3-rz2e-2,coherent-noise-surface-code,clifft-0.8.0,Clifft,0.8.0,clifft,throughput,false,1,10000,AMD EPYC 9R14,m7a.xlarge,ami-0f8a61b66d1accaee,272f026d-612e-4e7c-8486-8e6f2662eff6,2,32,2026-08-25T11:02:43.133206Z,30.327611573000127,44,440000,408764,31236,0,14508.23118533081
current-tools-v1-20260824-r1,current-tools-v1,aws-m7a-xlarge-ubuntu2404-v1,clifft-0.8.0,058afb4b-0779-47fb-92a3-ff819325b33d,3,1,coherent-surface-d5-r1-p1e-3-rz2e-2--clifft-0.8.0,,coherent-surface-d5-r1-p1e-3-rz2e-2,coherent-noise-surface-code,clifft-0.8.0,Clifft,0.8.0,clifft,throughput,false,1,10000,AMD EPYC 9R14,m7a.xlarge,ami-0f8a61b66d1accaee,272f026d-612e-4e7c-8486-8e6f2662eff6,3,33,2026-08-25T11:03:13.463598Z,30.332713504999674,44,440000,408597,31403,0,14505.790915391588
current-tools-v1-20260824-r1,current-tools-v1,aws-m7a-xlarge-ubuntu2404-v1,clifft-0.8.0,058afb4b-0779-47fb-92a3-ff819325b33d,3,1,coherent-surface-d5-r1-p1e-3-rz2e-2--clifft-0.8.0,,coherent-surface-d5-r1-p1e-3-rz2e-2,coherent-noise-surface-code,clifft-0.8.0,Clifft,0.8.0,clifft,throughput,false,1,10000,AMD EPYC 9R14,m7a.xlarge,ami-0f8a61b66d1accaee,272f026d-612e-4e7c-8486-8e6f2662eff6,4,34,2026-08-25T11:03:43.798386Z,30.334046429000182,44,440000,408498,31502,0,14505.15350894129
current-tools-v1-20260824-r1,current-tools-v1,aws-m7a-xlarge-ubuntu2404-v1,clifft-0.8.0,058afb4b-0779-47fb-92a3-ff819325b33d,3,1,coherent-surface-d5-r5-p1e-3-rz2e-2--clifft-0.8.0,,coherent-surface-d5-r5-p1e-3-rz2e-2,coherent-noise-surface-code,clifft-0.8.0,Clifft,0.8.0,clifft,throughput,false,1,1,AMD EPYC 9R14,m7a.xlarge,ami-0f8a61b66d1accaee,272f026d-612e-4e7c-8486-8e6f2662eff6,0,35,2026-08-25T11:04:15.791346Z,30.046286920999137,191,191,1,190,0,6.3568586861397325
current-tools-v1-20260824-r1,current-tools-v1,aws-m7a-xlarge-ubuntu2404-v1,clifft-0.8.0,058afb4b-0779-47fb-92a3-ff819325b33d,3,1,coherent-surface-d5-r5-p1e-3-rz2e-2--clifft-0.8.0,,coherent-surface-d5-r5-p1e-3-rz2e-2,coherent-noise-surface-code,clifft-0.8.0,Clifft,0.8.0,clifft,throughput,false,1,1,AMD EPYC 9R14,m7a.xlarge,ami-0f8a61b66d1accaee,272f026d-612e-4e7c-8486-8e6f2662eff6,1,36,2026-08-25T11:04:45.840693Z,30.317417596000496,192,192,3,189,0,6.332993217249771
current-tools-v1-20260824-r1,current-tools-v1,aws-m7a-xlarge-ubuntu2404-v1,clifft-0.8.0,058afb4b-0779-47fb-92a3-ff819325b33d,3,1,coherent-surface-d5-r5-p1e-3-rz2e-2--clifft-0.8.0,,coherent-surface-d5-r5-p1e-3-rz2e-2,coherent-noise-surface-code,clifft-0.8.0,Clifft,0.8.0,clifft,throughput,false,1,1,AMD EPYC 9R14,m7a.xlarge,ami-0f8a61b66d1accaee,272f026d-612e-4e7c-8486-8e6f2662eff6,2,37,2026-08-25T11:05:16.161744Z,30.114395142998546,176,176,3,173,0,5.844381039840316
current-tools-v1-20260824-r1,current-tools-v1,aws-m7a-xlarge-ubuntu2404-v1,clifft-0.8.0,058afb4b-0779-47fb-92a3-ff819325b33d,3,1,coherent-surface-d5-r5-p1e-3-rz2e-2--clifft-0.8.0,,coherent-surface-d5-r5-p1e-3-rz2e-2,coherent-noise-surface-code,clifft-0.8.0,Clifft,0.8.0,clifft,throughput,false,1,1,AMD EPYC 9R14,m7a.xlarge,ami-0f8a61b66d1accaee,272f026d-612e-4e7c-8486-8e6f2662eff6,3,38,2026-08-25T11:05:46.279129Z,30.092314573000294,191,191,0,191,0,6.347135563024148
current-tools-v1-20260824-r1,current-tools-v1,aws-m7a-xlarge-ubuntu2404-v1,clifft-0.8.0,058afb4b-0779-47fb-92a3-ff819325b33d,3,1,coherent-surface-d5-r5-p1e-3-rz2e-2--clifft-0.8.0,,coherent-surface-d5-r5-p1e-3-rz2e-2,coherent-noise-surface-code,clifft-0.8.0,Clifft,0.8.0,clifft,throughput,false,1,1,AMD EPYC 9R14,m7a.xlarge,ami-0f8a61b66d1accaee,272f026d-612e-4e7c-8486-8e6f2662eff6,4,39,2026-08-25T11:06:16.375163Z,30.09974204100149,185,185,2,183,0,6.146232075610326
current-tools-v1-20260824-r1,current-tools-v1,aws-m7a-xlarge-ubuntu2404-v1,clifft-0.9.0,6420ed1c-51bd-48bc-aeba-9677e05cfef0,1,1,msc-d3-inject-cultivate-p1e-3--clifft-0.9.0,,msc-d3-inject-cultivate-p1e-3,magic-state-cultivation,clifft-0.9.0,Clifft,0.9.0,clifft,throughput,false,1,100000,AMD EPYC 9R14,m7a.xlarge,ami-0f8a61b66d1accaee,1b278a28-9935-4699-80c1-f2b5a60ada49,0,0,2026-08-24T19:27:33.363883Z,30.03260521599782,358,35800000,24586644,11213356,20,1192037.7783586353
current-tools-v1-20260824-r1,current-tools-v1,aws-m7a-xlarge-ubuntu2404-v1,clifft-0.9.0,6420ed1c-51bd-48bc-aeba-9677e05cfef0,1,1,msc-d3-inject-cultivate-p1e-3--clifft-0.9.0,,msc-d3-inject-cultivate-p1e-3,magic-state-cultivation,clifft-0.9.0,Clifft,0.9.0,clifft,throughput,false,1,100000,AMD EPYC 9R14,m7a.xlarge,ami-0f8a61b66d1accaee,1b278a28-9935-4699-80c1-f2b5a60ada49,1,1,2026-08-24T19:28:03.400497Z,30.05369254400125,359,35900000,24654446,11245554,26,1194528.7570716722
current-tools-v1-20260824-r1,current-tools-v1,aws-m7a-xlarge-ubuntu2404-v1,clifft-0.9.0,6420ed1c-51bd-48bc-aeba-9677e05cfef0,1,1,msc-d3-inject-cultivate-p1e-3--clifft-0.9.0,,msc-d3-inject-cultivate-p1e-3,magic-state-cultivation,clifft-0.9.0,Clifft,0.9.0,clifft,throughput,false,1,100000,AMD EPYC 9R14,m7a.xlarge,ami-0f8a61b66d1accaee,1b278a28-9935-4699-80c1-f2b5a60ada49,2,2,2026-08-24T19:28:33.458255Z,30.073789475002513,358,35800000,24586158,11213842,23,1190405.3537967717
current-tools-v1-20260824-r1,current-tools-v1,aws-m7a-xlarge-ubuntu2404-v1,clifft-0.9.0,6420ed1c-51bd-48bc-aeba-9677e05cfef0,1,1,msc-d3-inject-cultivate-p1e-3--clifft-0.9.0,,msc-d3-inject-cultivate-p1e-3,magic-state-cultivation,clifft-0.9.0,Clifft,0.9.0,clifft,throughput,false,1,100000,AMD EPYC 9R14,m7a.xlarge,ami-0f8a61b66d1accaee,1b278a28-9935-4699-80c1-f2b5a60ada49,3,3,2026-08-24T19:29:03.536069Z,30.026728504000175,357,35700000,24518109,11181891,31,1188940.7131131196
current-tools-v1-20260824-r1,current-tools-v1,aws-m7a-xlarge-ubuntu2404-v1,clifft-0.9.0,6420ed1c-51bd-48bc-aeba-9677e05cfef0,1,1,msc-d3-inject-cultivate-p1e-3--clifft-0.9.0,,msc-d3-inject-cultivate-p1e-3,magic-state-cultivation,clifft-0.9.0,Clifft,0.9.0,clifft,throughput,false,1,100000,AMD EPYC 9R14,m7a.xlarge,ami-0f8a61b66d1accaee,1b278a28-9935-4699-80c1-f2b5a60ada49,4,4,2026-08-24T19:29:33.566961Z,30.022426737998558,357,35700000,24514067,11185933,25,1189111.0705856264
current-tools-v1-20260824-r1,current-tools-v1,aws-m7a-xlarge-ubuntu2404-v1,clifft-0.9.0,6420ed1c-51bd-48bc-aeba-9677e05cfef0,1,1,msc-d5-inject-cultivate-p1e-3--clifft-0.9.0,,msc-d5-inject-cultivate-p1e-3,magic-state-cultivation,clifft-0.9.0,Clifft,0.9.0,clifft,throughput,false,1,20000,AMD EPYC 9R14,m7a.xlarge,ami-0f8a61b66d1accaee,1b278a28-9935-4699-80c1-f2b5a60ada49,0,5,2026-08-24T19:30:03.706049Z,30.082981180999468,253,5060000,728055,4331945,0,168201.41493144026
current-tools-v1-20260824-r1,current-tools-v1,aws-m7a-xlarge-ubuntu2404-v1,clifft-0.9.0,6420ed1c-51bd-48bc-aeba-9677e05cfef0,1,1,msc-d5-inject-cultivate-p1e-3--clifft-0.9.0,,msc-d5-inject-cultivate-p1e-3,magic-state-cultivation,clifft-0.9.0,Clifft,0.9.0,clifft,throughput,false,1,20000,AMD EPYC 9R14,m7a.xlarge,ami-0f8a61b66d1accaee,1b278a28-9935-4699-80c1-f2b5a60ada49,1,6,2026-08-24T19:30:33.791705Z,30.092811596001184,253,5060000,728239,4331761,0,168146.46859625395
current-tools-v1-20260824-r1,current-tools-v1,aws-m7a-xlarge-ubuntu2404-v1,clifft-0.9.0,6420ed1c-51bd-48bc-aeba-9677e05cfef0,1,1,msc-d5-inject-cultivate-p1e-3--clifft-0.9.0,,msc-d5-inject-cultivate-p1e-3,magic-state-cultivation,clifft-0.9.0,Clifft,0.9.0,clifft,throughput,false,1,20000,AMD EPYC 9R14,m7a.xlarge,ami-0f8a61b66d1accaee,1b278a28-9935-4699-80c1-f2b5a60ada49,2,7,2026-08-24T19:31:03.887266Z,30.087283647999584,253,5060000,728435,4331565,0,168177.36221051065
current-tools-v1-20260824-r1,current-tools-v1,aws-m7a-xlarge-ubuntu2404-v1,clifft-0.9.0,6420ed1c-51bd-48bc-aeba-9677e05cfef0,1,1,msc-d5-inject-cultivate-p1e-3--clifft-0.9.0,,msc-d5-inject-cultivate-p1e-3,magic-state-cultivation,clifft-0.9.0,Clifft,0.9.0,clifft,throughput,false,1,20000,AMD EPYC 9R14,m7a.xlarge,ami-0f8a61b66d1accaee,1b278a28-9935-4699-80c1-f2b5a60ada49,3,8,2026-08-24T19:31:33.977123Z,30.013173054999015,251,5020000,723609,4296391,0,167259.88920934388
current-tools-v1-20260824-r1,current-tools-v1,aws-m7a-xlarge-ubuntu2404-v1,clifft-0.9.0,6420ed1c-51bd-48bc-aeba-9677e05cfef0,1,1,msc-d5-inject-cultivate-p1e-3--clifft-0.9.0,,msc-d5-inject-cultivate-p1e-3,magic-state-cultivation,clifft-0.9.0,Clifft,0.9.0,clifft,throughput,false,1,20000,AMD EPYC 9R14,m7a.xlarge,ami-0f8a61b66d1accaee,1b278a28-9935-4699-80c1-f2b5a60ada49,4,9,2026-08-24T19:32:03.993765Z,30.09862768800076,253,5060000,726848,4333152,0,168113.97690457627
current-tools-v1-20260824-r1,current-tools-v1,aws-m7a-xlarge-ubuntu2404-v1,clifft-0.9.0,6420ed1c-51bd-48bc-aeba-9677e05cfef0,1,1,distillation-color-code-85q-p5e-2--clifft-0.9.0,,distillation-color-code-85q-p5e-2,magic-state-distillation,clifft-0.9.0,Clifft,0.9.0,clifft,throughput,false,1,100000,AMD EPYC 9R14,m7a.xlarge,ami-0f8a61b66d1accaee,1b278a28-9935-4699-80c1-f2b5a60ada49,0,10,2026-08-24T19:32:34.214953Z,30.130400295998925,174,17400000,1387446,16012554,584916,577489.8384709008
current-tools-v1-20260824-r1,current-tools-v1,aws-m7a-xlarge-ubuntu2404-v1,clifft-0.9.0,6420ed1c-51bd-48bc-aeba-9677e05cfef0,1,1,distillation-color-code-85q-p5e-2--clifft-0.9.0,,distillation-color-code-85q-p5e-2,magic-state-distillation,clifft-0.9.0,Clifft,0.9.0,clifft,throughput,false,1,100000,AMD EPYC 9R14,m7a.xlarge,ami-0f8a61b66d1accaee,1b278a28-9935-4699-80c1-f2b5a60ada49,1,11,2026-08-24T19:33:04.348612Z,30.120956644998614,174,17400000,1389830,16010170,586446,577670.8955520227
current-tools-v1-20260824-r1,current-tools-v1,aws-m7a-xlarge-ubuntu2404-v1,clifft-0.9.0,6420ed1c-51bd-48bc-aeba-9677e05cfef0,1,1,distillation-color-code-85q-p5e-2--clifft-0.9.0,,distillation-color-code-85q-p5e-2,magic-state-distillation,clifft-0.9.0,Clifft,0.9.0,clifft,throughput,false,1,100000,AMD EPYC 9R14,m7a.xlarge,ami-0f8a61b66d1accaee,1b278a28-9935-4699-80c1-f2b5a60ada49,2,12,2026-08-24T19:33:34.472795Z,30.117057395000074,174,17400000,1386573,16013427,584816,577745.6864988637
current-tools-v1-20260824-r1,current-tools-v1,aws-m7a-xlarge-ubuntu2404-v1,clifft-0.9.0,6420ed1c-51bd-48bc-aeba-9677e05cfef0,1,1,distillation-color-code-85q-p5e-2--clifft-0.9.0,,distillation-color-code-85q-p5e-2,magic-state-distillation,clifft-0.9.0,Clifft,0.9.0,clifft,throughput,false,1,100000,AMD EPYC 9R14,m7a.xlarge,ami-0f8a61b66d1accaee,1b278a28-9935-4699-80c1-f2b5a60ada49,3,13,2026-08-24T19:34:04.593056Z,30.12563029099988,174,17400000,1388600,16011400,586018,577581.2765384133
current-tools-v1-20260824-r1,current-tools-v1,aws-m7a-xlarge-ubuntu2404-v1,clifft-0.9.0,6420ed1c-51bd-48bc-aeba-9677e05cfef0,1,1,distillation-color-code-85q-p5e-2--clifft-0.9.0,,distillation-color-code-85q-p5e-2,magic-state-distillation,clifft-0.9.0,Clifft,0.9.0,clifft,throughput,false,1,100000,AMD EPYC 9R14,m7a.xlarge,ami-0f8a61b66d1accaee,1b278a28-9935-4699-80c1-f2b5a60ada49,4,14,2026-08-24T19:34:34.721998Z,30.136108779000324,174,17400000,1388228,16011772,586122,577380.4484049646
current-tools-v1-20260824-r1,current-tools-v1,aws-m7a-xlarge-ubuntu2404-v1,clifft-0.9.0,6420ed1c-51bd-48bc-aeba-9677e05cfef0,1,1,surface-code-d7-r7-p1e-3--clifft-0.9.0,,surface-code-d7-r7-p1e-3,surface-code-memory,clifft-0.9.0,Clifft,0.9.0,clifft,throughput,false,1,100000,AMD EPYC 9R14,m7a.xlarge,ami-0f8a61b66d1accaee,1b278a28-9935-4699-80c1-f2b5a60ada49,0,15,2026-08-24T19:35:04.975911Z,30.100343778001616,146,14600000,1283509,13316491,0,485044.2941010591
current-tools-v1-20260824-r1,current-tools-v1,aws-m7a-xlarge-ubuntu2404-v1,clifft-0.9.0,6420ed1c-51bd-48bc-aeba-9677e05cfef0,1,1,surface-code-d7-r7-p1e-3--clifft-0.9.0,,surface-code-d7-r7-p1e-3,surface-code-memory,clifft-0.9.0,Clifft,0.9.0,clifft,throughput,false,1,100000,AMD EPYC 9R14,m7a.xlarge,ami-0f8a61b66d1accaee,1b278a28-9935-4699-80c1-f2b5a60ada49,1,16,2026-08-24T19:35:35.078717Z,30.110508266999886,146,14600000,1285281,13314719,0,484880.5563339199
current-tools-v1-20260824-r1,current-tools-v1,aws-m7a-xlarge-ubuntu2404-v1,clifft-0.9.0,6420ed1c-51bd-48bc-aeba-9677e05cfef0,1,1,surface-code-d7-r7-p1e-3--clifft-0.9.0,,surface-code-d7-r7-p1e-3,surface-code-memory,clifft-0.9.0,Clifft,0.9.0,clifft,throughput,false,1,100000,AMD EPYC 9R14,m7a.xlarge,ami-0f8a61b66d1accaee,1b278a28-9935-4699-80c1-f2b5a60ada49,2,17,2026-08-24T19:36:05.191490Z,30.109749389998115,146,14600000,1283329,13316671,0,484892.7771165655
current-tools-v1-20260824-r1,current-tools-v1,aws-m7a-xlarge-ubuntu2404-v1,clifft-0.9.0,6420ed1c-51bd-48bc-aeba-9677e05cfef0,1,1,surface-code-d7-r7-p1e-3--clifft-0.9.0,,surface-code-d7-r7-p1e-3,surface-code-memory,clifft-0.9.0,Clifft,0.9.0,clifft,throughput,false,1,100000,AMD EPYC 9R14,m7a.xlarge,ami-0f8a61b66d1accaee,1b278a28-9935-4699-80c1-f2b5a60ada49,3,18,2026-08-24T19:36:35.304463Z,30.10436562300174,146,14600000,1282921,13317079,0,484979.4937663336
current-tools-v1-20260824-r1,current-tools-v1,aws-m7a-xlarge-ubuntu2404-v1,clifft-0.9.0,6420ed1c-51bd-48bc-aeba-9677e05cfef0,1,1,surface-code-d7-r7-p1e-3--clifft-0.9.0,,surface-code-d7-r7-p1e-3,surface-code-memory,clifft-0.9.0,Clifft,0.9.0,clifft,throughput,false,1,100000,AMD EPYC 9R14,m7a.xlarge,ami-0f8a61b66d1accaee,1b278a28-9935-4699-80c1-f2b5a60ada49,4,19,2026-08-24T19:37:05.412007Z,30.10253432300101,146,14600000,1282818,13317182,0,485008.99769240705
current-tools-v1-20260824-r1,current-tools-v1,aws-m7a-xlarge-ubuntu2404-v1,clifft-0.9.0,6420ed1c-51bd-48bc-aeba-9677e05cfef0,1,1,coherent-surface-d3-r1-p1e-3-rz2e-2--clifft-0.9.0,,coherent-surface-d3-r1-p1e-3-rz2e-2,coherent-noise-surface-code,clifft-0.9.0,Clifft,0.9.0,clifft,throughput,false,1,100000,AMD EPYC 9R14,m7a.xlarge,ami-0f8a61b66d1accaee,1b278a28-9935-4699-80c1-f2b5a60ada49,0,20,2026-08-24T19:37:35.619043Z,30.005982811000194,565,56500000,55048011,1451989,0,1882957.8206412587
current-tools-v1-20260824-r1,current-tools-v1,aws-m7a-xlarge-ubuntu2404-v1,clifft-0.9.0,6420ed1c-51bd-48bc-aeba-9677e05cfef0,1,1,coherent-surface-d3-r1-p1e-3-rz2e-2--clifft-0.9.0,,coherent-surface-d3-r1-p1e-3-rz2e-2,coherent-noise-surface-code,clifft-0.9.0,Clifft,0.9.0,clifft,throughput,false,1,100000,AMD EPYC 9R14,m7a.xlarge,ami-0f8a61b66d1accaee,1b278a28-9935-4699-80c1-f2b5a60ada49,1,21,2026-08-24T19:38:05.629665Z,30.005841529999543,565,56500000,55049792,1450208,1,1882966.6864537646
current-tools-v1-20260824-r1,current-tools-v1,aws-m7a-xlarge-ubuntu2404-v1,clifft-0.9.0,6420ed1c-51bd-48bc-aeba-9677e05cfef0,1,1,coherent-surface-d3-r1-p1e-3-rz2e-2--clifft-0.9.0,,coherent-surface-d3-r1-p1e-3-rz2e-2,coherent-noise-surface-code,clifft-0.9.0,Clifft,0.9.0,clifft,throughput,false,1,100000,AMD EPYC 9R14,m7a.xlarge,ami-0f8a61b66d1accaee,1b278a28-9935-4699-80c1-f2b5a60ada49,2,22,2026-08-24T19:38:35.640333Z,30.028351183996847,562,56200000,54756815,1443185,2,1871564.630892919
current-tools-v1-20260824-r1,current-tools-v1,aws-m7a-xlarge-ubuntu2404-v1,clifft-0.9.0,6420ed1c-51bd-48bc-aeba-9677e05cfef0,1,1,coherent-surface-d3-r1-p1e-3-rz2e-2--clifft-0.9.0,,coherent-surface-d3-r1-p1e-3-rz2e-2,coherent-noise-surface-code,clifft-0.9.0,Clifft,0.9.0,clifft,throughput,false,1,100000,AMD EPYC 9R14,m7a.xlarge,ami-0f8a61b66d1accaee,1b278a28-9935-4699-80c1-f2b5a60ada49,3,23,2026-08-24T19:39:05.673387Z,30.046769931002245,561,56100000,54660321,1439679,0,1867089.2122123265
current-tools-v1-20260824-r1,current-tools-v1,aws-m7a-xlarge-ubuntu2404-v1,clifft-0.9.0,6420ed1c-51bd-48bc-aeba-9677e05cfef0,1,1,coherent-surface-d3-r1-p1e-3-rz2e-2--clifft-0.9.0,,coherent-surface-d3-r1-p1e-3-rz2e-2,coherent-noise-surface-code,clifft-0.9.0,Clifft,0.9.0,clifft,throughput,false,1,100000,AMD EPYC 9R14,m7a.xlarge,ami-0f8a61b66d1accaee,1b278a28-9935-4699-80c1-f2b5a60ada49,4,24,2026-08-24T19:39:35.725008Z,30.00240233699742,565,56500000,55048670,1451330,1,1883182.5320310136
current-tools-v1-20260824-r1,current-tools-v1,aws-m7a-xlarge-ubuntu2404-v1,clifft-0.9.0,6420ed1c-51bd-48bc-aeba-9677e05cfef0,1,1,coherent-surface-d3-r3-p1e-3-rz2e-2--clifft-0.9.0,,coherent-surface-d3-r3-p1e-3-rz2e-2,coherent-noise-surface-code,clifft-0.9.0,Clifft,0.9.0,clifft,throughput,false,1,100000,AMD EPYC 9R14,m7a.xlarge,ami-0f8a61b66d1accaee,1b278a28-9935-4699-80c1-f2b5a60ada49,0,25,2026-08-24T19:40:05.833395Z,30.053868232000013,139,13900000,5187068,8712932,0,462502.85962190724
current-tools-v1-20260824-r1,current-tools-v1,aws-m7a-xlarge-ubuntu2404-v1,clifft-0.9.0,6420ed1c-51bd-48bc-aeba-9677e05cfef0,1,1,coherent-surface-d3-r3-p1e-3-rz2e-2--clifft-0.9.0,,coherent-surface-d3-r3-p1e-3-rz2e-2,coherent-noise-surface-code,clifft-0.9.0,Clifft,0.9.0,clifft,throughput,false,1,100000,AMD EPYC 9R14,m7a.xlarge,ami-0f8a61b66d1accaee,1b278a28-9935-4699-80c1-f2b5a60ada49,1,26,2026-08-24T19:40:35.889837Z,30.062275453998154,139,13900000,5189819,8710181,0,462373.5159791891
current-tools-v1-20260824-r1,current-tools-v1,aws-m7a-xlarge-ubuntu2404-v1,clifft-0.9.0,6420ed1c-51bd-48bc-aeba-9677e05cfef0,1,1,coherent-surface-d3-r3-p1e-3-rz2e-2--clifft-0.9.0,,coherent-surface-d3-r3-p1e-3-rz2e-2,coherent-noise-surface-code,clifft-0.9.0,Clifft,0.9.0,clifft,throughput,false,1,100000,AMD EPYC 9R14,m7a.xlarge,ami-0f8a61b66d1accaee,1b278a28-9935-4699-80c1-f2b5a60ada49,2,27,2026-08-24T19:41:05.955472Z,30.057576503999826,139,13900000,5187823,8712177,1,462445.79958568176
current-tools-v1-20260824-r1,current-tools-v1,aws-m7a-xlarge-ubuntu2404-v1,clifft-0.9.0,6420ed1c-51bd-48bc-aeba-9677e05cfef0,1,1,coherent-surface-d3-r3-p1e-3-rz2e-2--clifft-0.9.0,,coherent-surface-d3-r3-p1e-3-rz2e-2,coherent-noise-surface-code,clifft-0.9.0,Clifft,0.9.0,clifft,throughput,false,1,100000,AMD EPYC 9R14,m7a.xlarge,ami-0f8a61b66d1accaee,1b278a28-9935-4699-80c1-f2b5a60ada49,3,28,2026-08-24T19:41:36.016917Z,30.073446881996006,139,13900000,5185235,8714765,0,462201.7574021912
current-tools-v1-20260824-r1,current-tools-v1,aws-m7a-xlarge-ubuntu2404-v1,clifft-0.9.0,6420ed1c-51bd-48bc-aeba-9677e05cfef0,1,1,coherent-surface-d3-r3-p1e-3-rz2e-2--clifft-0.9.0,,coherent-surface-d3-r3-p1e-3-rz2e-2,coherent-noise-surface-code,clifft-0.9.0,Clifft,0.9.0,clifft,throughput,false,1,100000,AMD EPYC 9R14,m7a.xlarge,ami-0f8a61b66d1accaee,1b278a28-9935-4699-80c1-f2b5a60ada49,4,29,2026-08-24T19:42:06.094009Z,30.05703364900046,139,13900000,5188070,8711930,1,462454.15174102655
current-tools-v1-20260824-r1,current-tools-v1,aws-m7a-xlarge-ubuntu2404-v1,clifft-0.9.0,6420ed1c-51bd-48bc-aeba-9677e05cfef0,1,1,coherent-surface-d5-r1-p1e-3-rz2e-2--clifft-0.9.0,,coherent-surface-d5-r1-p1e-3-rz2e-2,coherent-noise-surface-code,clifft-0.9.0,Clifft,0.9.0,clifft,throughput,false,1,10000,AMD EPYC 9R14,m7a.xlarge,ami-0f8a61b66d1accaee,1b278a28-9935-4699-80c1-f2b5a60ada49,0,30,2026-08-24T19:42:36.257729Z,30.005823517000408,44,440000,408533,31467,0,14663.820166465655
current-tools-v1-20260824-r1,current-tools-v1,aws-m7a-xlarge-ubuntu2404-v1,clifft-0.9.0,6420ed1c-51bd-48bc-aeba-9677e05cfef0,1,1,coherent-surface-d5-r1-p1e-3-rz2e-2--clifft-0.9.0,,coherent-surface-d5-r1-p1e-3-rz2e-2,coherent-noise-surface-code,clifft-0.9.0,Clifft,0.9.0,clifft,throughput,false,1,10000,AMD EPYC 9R14,m7a.xlarge,ami-0f8a61b66d1accaee,1b278a28-9935-4699-80c1-f2b5a60ada49,1,31,2026-08-24T19:43:06.266577Z,30.007708343999184,44,440000,408736,31264,0,14662.899110987573
current-tools-v1-20260824-r1,current-tools-v1,aws-m7a-xlarge-ubuntu2404-v1,clifft-0.9.0,6420ed1c-51bd-48bc-aeba-9677e05cfef0,1,1,coherent-surface-d5-r1-p1e-3-rz2e-2--clifft-0.9.0,,coherent-surface-d5-r1-p1e-3-rz2e-2,coherent-noise-surface-code,clifft-0.9.0,Clifft,0.9.0,clifft,throughput,false,1,10000,AMD EPYC 9R14,m7a.xlarge,ami-0f8a61b66d1accaee,1b278a28-9935-4699-80c1-f2b5a60ada49,2,32,2026-08-24T19:43:36.277104Z,30.010707528999774,44,440000,408704,31296,0,14661.433742434154
current-tools-v1-20260824-r1,current-tools-v1,aws-m7a-xlarge-ubuntu2404-v1,clifft-0.9.0,6420ed1c-51bd-48bc-aeba-9677e05cfef0,1,1,coherent-surface-d5-r1-p1e-3-rz2e-2--clifft-0.9.0,,coherent-surface-d5-r1-p1e-3-rz2e-2,coherent-noise-surface-code,clifft-0.9.0,Clifft,0.9.0,clifft,throughput,false,1,10000,AMD EPYC 9R14,m7a.xlarge,ami-0f8a61b66d1accaee,1b278a28-9935-4699-80c1-f2b5a60ada49,3,33,2026-08-24T19:44:06.290651Z,30.01113485300084,44,440000,408377,31623,0,14661.224980500996
current-tools-v1-20260824-r1,current-tools-v1,aws-m7a-xlarge-ubuntu2404-v1,clifft-0.9.0,6420ed1c-51bd-48bc-aeba-9677e05cfef0,1,1,coherent-surface-d5-r1-p1e-3-rz2e-2--clifft-0.9.0,,coherent-surface-d5-r1-p1e-3-rz2e-2,coherent-noise-surface-code,clifft-0.9.0,Clifft,0.9.0,clifft,throughput,false,1,10000,AMD EPYC 9R14,m7a.xlarge,ami-0f8a61b66d1accaee,1b278a28-9935-4699-80c1-f2b5a60ada49,4,34,2026-08-24T19:44:36.304636Z,30.00764659900142,44,440000,408355,31645,0,14662.929281986482
current-tools-v1-20260824-r1,current-tools-v1,aws-m7a-xlarge-ubuntu2404-v1,clifft-0.9.0,6420ed1c-51bd-48bc-aeba-9677e05cfef0,1,1,coherent-surface-d5-r5-p1e-3-rz2e-2--clifft-0.9.0,,coherent-surface-d5-r5-p1e-3-rz2e-2,coherent-noise-surface-code,clifft-0.9.0,Clifft,0.9.0,clifft,throughput,false,1,1,AMD EPYC 9R14,m7a.xlarge,ami-0f8a61b66d1accaee,1b278a28-9935-4699-80c1-f2b5a60ada49,0,35,2026-08-24T19:45:07.553374Z,30.193356870995558,200,200,1,199,0,6.623973639450625
current-tools-v1-20260824-r1,current-tools-v1,aws-m7a-xlarge-ubuntu2404-v1,clifft-0.9.0,6420ed1c-51bd-48bc-aeba-9677e05cfef0,1,1,coherent-surface-d5-r5-p1e-3-rz2e-2--clifft-0.9.0,,coherent-surface-d5-r5-p1e-3-rz2e-2,coherent-noise-surface-code,clifft-0.9.0,Clifft,0.9.0,clifft,throughput,false,1,1,AMD EPYC 9R14,m7a.xlarge,ami-0f8a61b66d1accaee,1b278a28-9935-4699-80c1-f2b5a60ada49,1,36,2026-08-24T19:45:37.749886Z,30.085431036998216,201,201,2,199,0,6.680974580447788
current-tools-v1-20260824-r1,current-tools-v1,aws-m7a-xlarge-ubuntu2404-v1,clifft-0.9.0,6420ed1c-51bd-48bc-aeba-9677e05cfef0,1,1,coherent-surface-d5-r5-p1e-3-rz2e-2--clifft-0.9.0,,coherent-surface-d5-r5-p1e-3-rz2e-2,coherent-noise-surface-code,clifft-0.9.0,Clifft,0.9.0,clifft,throughput,false,1,1,AMD EPYC 9R14,m7a.xlarge,ami-0f8a61b66d1accaee,1b278a28-9935-4699-80c1-f2b5a60ada49,2,37,2026-08-24T19:46:07.839042Z,30.202876324001863,213,213,1,212,0,7.052308452845316
current-tools-v1-20260824-r1,current-tools-v1,aws-m7a-xlarge-ubuntu2404-v1,clifft-0.9.0,6420ed1c-51bd-48bc-aeba-9677e05cfef0,1,1,coherent-surface-d5-r5-p1e-3-rz2e-2--clifft-0.9.0,,coherent-surface-d5-r5-p1e-3-rz2e-2,coherent-noise-surface-code,clifft-0.9.0,Clifft,0.9.0,clifft,throughput,false,1,1,AMD EPYC 9R14,m7a.xlarge,ami-0f8a61b66d1accaee,1b278a28-9935-4699-80c1-f2b5a60ada49,3,38,2026-08-24T19:46:38.045798Z,30.091867962001288,210,210,1,209,0,6.978629584084941
current-tools-v1-20260824-r1,current-tools-v1,aws-m7a-xlarge-ubuntu2404-v1,clifft-0.9.0,6420ed1c-51bd-48bc-aeba-9677e05cfef0,1,1,coherent-surface-d5-r5-p1e-3-rz2e-2--clifft-0.9.0,,coherent-surface-d5-r5-p1e-3-rz2e-2,coherent-noise-surface-code,clifft-0.9.0,Clifft,0.9.0,clifft,throughput,false,1,1,AMD EPYC 9R14,m7a.xlarge,ami-0f8a61b66d1accaee,1b278a28-9935-4699-80c1-f2b5a60ada49,4,39,2026-08-24T19:47:08.142046Z,30.090401379001378,215,215,2,213,0,7.145135662764472
current-tools-v1-20260824-r1,current-tools-v1,aws-m7a-xlarge-ubuntu2404-v1,clifft-0.9.0,532a90a9-0da3-4104-b7ba-16c2563ca346,2,1,msc-d3-inject-cultivate-p1e-3--clifft-0.9.0,,msc-d3-inject-cultivate-p1e-3,magic-state-cultivation,clifft-0.9.0,Clifft,0.9.0,clifft,throughput,false,1,100000,AMD EPYC 9R14,m7a.xlarge,ami-0f8a61b66d1accaee,8d0d29ac-0568-47e1-ac63-2f8ea1b47b4f,0,0,2026-08-24T21:36:43.958351Z,30.070634751001762,362,36200000,24861870,11338130,22,1203832.2536172618
current-tools-v1-20260824-r1,current-tools-v1,aws-m7a-xlarge-ubuntu2404-v1,clifft-0.9.0,532a90a9-0da3-4104-b7ba-16c2563ca346,2,1,msc-d3-inject-cultivate-p1e-3--clifft-0.9.0,,msc-d3-inject-cultivate-p1e-3,magic-state-cultivation,clifft-0.9.0,Clifft,0.9.0,clifft,throughput,false,1,100000,AMD EPYC 9R14,m7a.xlarge,ami-0f8a61b66d1accaee,8d0d29ac-0568-47e1-ac63-2f8ea1b47b4f,1,1,2026-08-24T21:37:14.033311Z,30.076771553002345,361,36100000,24791857,11308143,26,1200261.8012502873
current-tools-v1-20260824-r1,current-tools-v1,aws-m7a-xlarge-ubuntu2404-v1,clifft-0.9.0,532a90a9-0da3-4104-b7ba-16c2563ca346,2,1,msc-d3-inject-cultivate-p1e-3--clifft-0.9.0,,msc-d3-inject-cultivate-p1e-3,magic-state-cultivation,clifft-0.9.0,Clifft,0.9.0,clifft,throughput,false,1,100000,AMD EPYC 9R14,m7a.xlarge,ami-0f8a61b66d1accaee,8d0d29ac-0568-47e1-ac63-2f8ea1b47b4f,2,2,2026-08-24T21:37:44.114727Z,30.00431697100248,359,35900000,24654824,11245176,23,1196494.492265742
current-tools-v1-20260824-r1,current-tools-v1,aws-m7a-xlarge-ubuntu2404-v1,clifft-0.9.0,532a90a9-0da3-4104-b7ba-16c2563ca346,2,1,msc-d3-inject-cultivate-p1e-3--clifft-0.9.0,,msc-d3-inject-cultivate-p1e-3,magic-state-cultivation,clifft-0.9.0,Clifft,0.9.0,clifft,throughput,false,1,100000,AMD EPYC 9R14,m7a.xlarge,ami-0f8a61b66d1accaee,8d0d29ac-0568-47e1-ac63-2f8ea1b47b4f,3,3,2026-08-24T21:38:14.122922Z,30.07997831100147,360,36000000,24724127,11275873,31,1196809.3735903173
current-tools-v1-20260824-r1,current-tools-v1,aws-m7a-xlarge-ubuntu2404-v1,clifft-0.9.0,532a90a9-0da3-4104-b7ba-16c2563ca346,2,1,msc-d3-inject-cultivate-p1e-3--clifft-0.9.0,,msc-d3-inject-cultivate-p1e-3,magic-state-cultivation,clifft-0.9.0,Clifft,0.9.0,clifft,throughput,false,1,100000,AMD EPYC 9R14,m7a.xlarge,ami-0f8a61b66d1accaee,8d0d29ac-0568-47e1-ac63-2f8ea1b47b4f,4,4,2026-08-24T21:38:44.206972Z,30.00907828500317,359,35900000,24651272,11248728,25,1196304.6535134928
current-tools-v1-20260824-r1,current-tools-v1,aws-m7a-xlarge-ubuntu2404-v1,clifft-0.9.0,532a90a9-0da3-4104-b7ba-16c2563ca346,2,1,msc-d5-inject-cultivate-p1e-3--clifft-0.9.0,,msc-d5-inject-cultivate-p1e-3,magic-state-cultivation,clifft-0.9.0,Clifft,0.9.0,clifft,throughput,false,1,20000,AMD EPYC 9R14,m7a.xlarge,ami-0f8a61b66d1accaee,8d0d29ac-0568-47e1-ac63-2f8ea1b47b4f,0,5,2026-08-24T21:39:14.349731Z,30.0988941290002,275,5500000,791301,4708699,0,182730.9660091719
current-tools-v1-20260824-r1,current-tools-v1,aws-m7a-xlarge-ubuntu2404-v1,clifft-0.9.0,532a90a9-0da3-4104-b7ba-16c2563ca346,2,1,msc-d5-inject-cultivate-p1e-3--clifft-0.9.0,,msc-d5-inject-cultivate-p1e-3,magic-state-cultivation,clifft-0.9.0,Clifft,0.9.0,clifft,throughput,false,1,20000,AMD EPYC 9R14,m7a.xlarge,ami-0f8a61b66d1accaee,8d0d29ac-0568-47e1-ac63-2f8ea1b47b4f,1,6,2026-08-24T21:39:44.452511Z,30.052781955998853,271,5420000,780273,4639727,0,180349.36026673266
current-tools-v1-20260824-r1,current-tools-v1,aws-m7a-xlarge-ubuntu2404-v1,clifft-0.9.0,532a90a9-0da3-4104-b7ba-16c2563ca346,2,1,msc-d5-inject-cultivate-p1e-3--clifft-0.9.0,,msc-d5-inject-cultivate-p1e-3,magic-state-cultivation,clifft-0.9.0,Clifft,0.9.0,clifft,throughput,false,1,20000,AMD EPYC 9R14,m7a.xlarge,ami-0f8a61b66d1accaee,8d0d29ac-0568-47e1-ac63-2f8ea1b47b4f,2,7,2026-08-24T21:40:14.507923Z,30.058850874998143,273,5460000,786197,4673803,0,181643.6703686976
current-tools-v1-20260824-r1,current-tools-v1,aws-m7a-xlarge-ubuntu2404-v1,clifft-0.9.0,532a90a9-0da3-4104-b7ba-16c2563ca346,2,1,msc-d5-inject-cultivate-p1e-3--clifft-0.9.0,,msc-d5-inject-cultivate-p1e-3,magic-state-cultivation,clifft-0.9.0,Clifft,0.9.0,clifft,throughput,false,1,20000,AMD EPYC 9R14,m7a.xlarge,ami-0f8a61b66d1accaee,8d0d29ac-0568-47e1-ac63-2f8ea1b47b4f,3,8,2026-08-24T21:40:44.569510Z,30.022505815001068,273,5460000,786851,4673149,0,181863.567073467
current-tools-v1-20260824-r1,current-tools-v1,aws-m7a-xlarge-ubuntu2404-v1,clifft-0.9.0,532a90a9-0da3-4104-b7ba-16c2563ca346,2,1,msc-d5-inject-cultivate-p1e-3--clifft-0.9.0,,msc-d5-inject-cultivate-p1e-3,magic-state-cultivation,clifft-0.9.0,Clifft,0.9.0,clifft,throughput,false,1,20000,AMD EPYC 9R14,m7a.xlarge,ami-0f8a61b66d1accaee,8d0d29ac-0568-47e1-ac63-2f8ea1b47b4f,4,9,2026-08-24T21:41:14.594735Z,30.064207371999373,273,5460000,784676,4675324,0,181611.30717469807
current-tools-v1-20260824-r1,current-tools-v1,aws-m7a-xlarge-ubuntu2404-v1,clifft-0.9.0,532a90a9-0da3-4104-b7ba-16c2563ca346,2,1,distillation-color-code-85q-p5e-2--clifft-0.9.0,,distillation-color-code-85q-p5e-2,magic-state-distillation,clifft-0.9.0,Clifft,0.9.0,clifft,throughput,false,1,100000,AMD EPYC 9R14,m7a.xlarge,ami-0f8a61b66d1accaee,8d0d29ac-0568-47e1-ac63-2f8ea1b47b4f,0,10,2026-08-24T21:41:44.768250Z,30.061285980000093,173,17300000,1379565,15920435,581571,575491.0156375135
current-tools-v1-20260824-r1,current-tools-v1,aws-m7a-xlarge-ubuntu2404-v1,clifft-0.9.0,532a90a9-0da3-4104-b7ba-16c2563ca346,2,1,distillation-color-code-85q-p5e-2--clifft-0.9.0,,distillation-color-code-85q-p5e-2,magic-state-distillation,clifft-0.9.0,Clifft,0.9.0,clifft,throughput,false,1,100000,AMD EPYC 9R14,m7a.xlarge,ami-0f8a61b66d1accaee,8d0d29ac-0568-47e1-ac63-2f8ea1b47b4f,1,11,2026-08-24T21:42:14.833037Z,30.09075518999998,173,17300000,1381912,15918088,583033,574927.4117835795
current-tools-v1-20260824-r1,current-tools-v1,aws-m7a-xlarge-ubuntu2404-v1,clifft-0.9.0,532a90a9-0da3-4104-b7ba-16c2563ca346,2,1,distillation-color-code-85q-p5e-2--clifft-0.9.0,,distillation-color-code-85q-p5e-2,magic-state-distillation,clifft-0.9.0,Clifft,0.9.0,clifft,throughput,false,1,100000,AMD EPYC 9R14,m7a.xlarge,ami-0f8a61b66d1accaee,8d0d29ac-0568-47e1-ac63-2f8ea1b47b4f,2,12,2026-08-24T21:42:44.927792Z,30.067327068999703,173,17300000,1378577,15921423,581443,575375.3887167712
current-tools-v1-20260824-r1,current-tools-v1,aws-m7a-xlarge-ubuntu2404-v1,clifft-0.9.0,532a90a9-0da3-4104-b7ba-16c2563ca346,2,1,distillation-color-code-85q-p5e-2--clifft-0.9.0,,distillation-color-code-85q-p5e-2,magic-state-distillation,clifft-0.9.0,Clifft,0.9.0,clifft,throughput,false,1,100000,AMD EPYC 9R14,m7a.xlarge,ami-0f8a61b66d1accaee,8d0d29ac-0568-47e1-ac63-2f8ea1b47b4f,3,13,2026-08-24T21:43:14.998330Z,30.118486865001387,173,17300000,1380590,15919410,582618,574398.0458760408
current-tools-v1-20260824-r1,current-tools-v1,aws-m7a-xlarge-ubuntu2404-v1,clifft-0.9.0,532a90a9-0da3-4104-b7ba-16c2563ca346,2,1,distillation-color-code-85q-p5e-2--clifft-0.9.0,,distillation-color-code-85q-p5e-2,magic-state-distillation,clifft-0.9.0,Clifft,0.9.0,clifft,throughput,false,1,100000,AMD EPYC 9R14,m7a.xlarge,ami-0f8a61b66d1accaee,8d0d29ac-0568-47e1-ac63-2f8ea1b47b4f,4,14,2026-08-24T21:43:45.120465Z,30.081975893999925,173,17300000,1380316,15919684,582886,575095.2018896675
current-tools-v1-20260824-r1,current-tools-v1,aws-m7a-xlarge-ubuntu2404-v1,clifft-0.9.0,532a90a9-0da3-4104-b7ba-16c2563ca346,2,1,surface-code-d7-r7-p1e-3--clifft-0.9.0,,surface-code-d7-r7-p1e-3,surface-code-memory,clifft-0.9.0,Clifft,0.9.0,clifft,throughput,false,1,100000,AMD EPYC 9R14,m7a.xlarge,ami-0f8a61b66d1accaee,8d0d29ac-0568-47e1-ac63-2f8ea1b47b4f,0,15,2026-08-24T21:44:15.336929Z,30.194414341001902,146,14600000,1283509,13316491,0,483533.1407694906
current-tools-v1-20260824-r1,current-tools-v1,aws-m7a-xlarge-ubuntu2404-v1,clifft-0.9.0,532a90a9-0da3-4104-b7ba-16c2563ca346,2,1,surface-code-d7-r7-p1e-3--clifft-0.9.0,,surface-code-d7-r7-p1e-3,surface-code-memory,clifft-0.9.0,Clifft,0.9.0,clifft,throughput,false,1,100000,AMD EPYC 9R14,m7a.xlarge,ami-0f8a61b66d1accaee,8d0d29ac-0568-47e1-ac63-2f8ea1b47b4f,1,16,2026-08-24T21:44:45.534669Z,30.01046559999827,145,14500000,1276477,13223523,0,483164.7796894173
current-tools-v1-20260824-r1,current-tools-v1,aws-m7a-xlarge-ubuntu2404-v1,clifft-0.9.0,532a90a9-0da3-4104-b7ba-16c2563ca346,2,1,surface-code-d7-r7-p1e-3--clifft-0.9.0,,surface-code-d7-r7-p1e-3,surface-code-memory,clifft-0.9.0,Clifft,0.9.0,clifft,throughput,false,1,100000,AMD EPYC 9R14,m7a.xlarge,ami-0f8a61b66d1accaee,8d0d29ac-0568-47e1-ac63-2f8ea1b47b4f,2,17,2026-08-24T21:45:15.548674Z,30.198058850998223,146,14600000,1283329,13316671,0,483474.7846554841
current-tools-v1-20260824-r1,current-tools-v1,aws-m7a-xlarge-ubuntu2404-v1,clifft-0.9.0,532a90a9-0da3-4104-b7ba-16c2563ca346,2,1,surface-code-d7-r7-p1e-3--clifft-0.9.0,,surface-code-d7-r7-p1e-3,surface-code-memory,clifft-0.9.0,Clifft,0.9.0,clifft,throughput,false,1,100000,AMD EPYC 9R14,m7a.xlarge,ami-0f8a61b66d1accaee,8d0d29ac-0568-47e1-ac63-2f8ea1b47b4f,3,18,2026-08-24T21:45:45.748959Z,30.19084545999999,146,14600000,1282921,13317079,0,483590.2995609585
current-tools-v1-20260824-r1,current-tools-v1,aws-m7a-xlarge-ubuntu2404-v1,clifft-0.9.0,532a90a9-0da3-4104-b7ba-16c2563ca346,2,1,surface-code-d7-r7-p1e-3--clifft-0.9.0,,surface-code-d7-r7-p1e-3,surface-code-memory,clifft-0.9.0,Clifft,0.9.0,clifft,throughput,false,1,100000,AMD EPYC 9R14,m7a.xlarge,ami-0f8a61b66d1accaee,8d0d29ac-0568-47e1-ac63-2f8ea1b47b4f,4,19,2026-08-24T21:46:15.943279Z,30.18615699900306,146,14600000,1282818,13317182,0,483665.40995868354
current-tools-v1-20260824-r1,current-tools-v1,aws-m7a-xlarge-ubuntu2404-v1,clifft-0.9.0,532a90a9-0da3-4104-b7ba-16c2563ca346,2,1,coherent-surface-d3-r1-p1e-3-rz2e-2--clifft-0.9.0,,coherent-surface-d3-r1-p1e-3-rz2e-2,coherent-noise-surface-code,clifft-0.9.0,Clifft,0.9.0,clifft,throughput,false,1,100000,AMD EPYC 9R14,m7a.xlarge,ami-0f8a61b66d1accaee,8d0d29ac-0568-47e1-ac63-2f8ea1b47b4f,0,20,2026-08-24T21:46:46.251471Z,30.03607868000381,564,56400000,54950649,1449351,0,1877741.7851667728
current-tools-v1-20260824-r1,current-tools-v1,aws-m7a-xlarge-ubuntu2404-v1,clifft-0.9.0,532a90a9-0da3-4104-b7ba-16c2563ca346,2,1,coherent-surface-d3-r1-p1e-3-rz2e-2--clifft-0.9.0,,coherent-surface-d3-r1-p1e-3-rz2e-2,coherent-noise-surface-code,clifft-0.9.0,Clifft,0.9.0,clifft,throughput,false,1,100000,AMD EPYC 9R14,m7a.xlarge,ami-0f8a61b66d1accaee,8d0d29ac-0568-47e1-ac63-2f8ea1b47b4f,1,21,2026-08-24T21:47:16.292404Z,30.02855531400155,564,56400000,54952367,1447633,1,1878212.2353286212
current-tools-v1-20260824-r1,current-tools-v1,aws-m7a-xlarge-ubuntu2404-v1,clifft-0.9.0,532a90a9-0da3-4104-b7ba-16c2563ca346,2,1,coherent-surface-d3-r1-p1e-3-rz2e-2--clifft-0.9.0,,coherent-surface-d3-r1-p1e-3-rz2e-2,coherent-noise-surface-code,clifft-0.9.0,Clifft,0.9.0,clifft,throughput,false,1,100000,AMD EPYC 9R14,m7a.xlarge,ami-0f8a61b66d1accaee,8d0d29ac-0568-47e1-ac63-2f8ea1b47b4f,2,22,2026-08-24T21:47:46.325857Z,30.030472098001837,564,56400000,54951703,1448297,2,1878092.3528589061
current-tools-v1-20260824-r1,current-tools-v1,aws-m7a-xlarge-ubuntu2404-v1,clifft-0.9.0,532a90a9-0da3-4104-b7ba-16c2563ca346,2,1,coherent-surface-d3-r1-p1e-3-rz2e-2--clifft-0.9.0,,coherent-surface-d3-r1-p1e-3-rz2e-2,coherent-noise-surface-code,clifft-0.9.0,Clifft,0.9.0,clifft,throughput,false,1,100000,AMD EPYC 9R14,m7a.xlarge,ami-0f8a61b66d1accaee,8d0d29ac-0568-47e1-ac63-2f8ea1b47b4f,3,23,2026-08-24T21:48:16.361175Z,30.030533826000237,564,56400000,54952636,1447364,0,1878088.4924253079
current-tools-v1-20260824-r1,current-tools-v1,aws-m7a-xlarge-ubuntu2404-v1,clifft-0.9.0,532a90a9-0da3-4104-b7ba-16c2563ca346,2,1,coherent-surface-d3-r1-p1e-3-rz2e-2--clifft-0.9.0,,coherent-surface-d3-r1-p1e-3-rz2e-2,coherent-noise-surface-code,clifft-0.9.0,Clifft,0.9.0,clifft,throughput,false,1,100000,AMD EPYC 9R14,m7a.xlarge,ami-0f8a61b66d1accaee,8d0d29ac-0568-47e1-ac63-2f8ea1b47b4f,4,24,2026-08-24T21:48:46.396593Z,30.03166780500328,564,56400000,54951239,1448761,1,1878017.576852783
current-tools-v1-20260824-r1,current-tools-v1,aws-m7a-xlarge-ubuntu2404-v1,clifft-0.9.0,532a90a9-0da3-4104-b7ba-16c2563ca346,2,1,coherent-surface-d3-r3-p1e-3-rz2e-2--clifft-0.9.0,,coherent-surface-d3-r3-p1e-3-rz2e-2,coherent-noise-surface-code,clifft-0.9.0,Clifft,0.9.0,clifft,throughput,false,1,100000,AMD EPYC 9R14,m7a.xlarge,ami-0f8a61b66d1accaee,8d0d29ac-0568-47e1-ac63-2f8ea1b47b4f,0,25,2026-08-24T21:49:16.551887Z,30.038768255999912,126,12600000,4702237,7897763,0,419457.9449003635
current-tools-v1-20260824-r1,current-tools-v1,aws-m7a-xlarge-ubuntu2404-v1,clifft-0.9.0,532a90a9-0da3-4104-b7ba-16c2563ca346,2,1,coherent-surface-d3-r3-p1e-3-rz2e-2--clifft-0.9.0,,coherent-surface-d3-r3-p1e-3-rz2e-2,coherent-noise-surface-code,clifft-0.9.0,Clifft,0.9.0,clifft,throughput,false,1,100000,AMD EPYC 9R14,m7a.xlarge,ami-0f8a61b66d1accaee,8d0d29ac-0568-47e1-ac63-2f8ea1b47b4f,1,26,2026-08-24T21:49:46.594076Z,30.082625387000235,126,12600000,4704226,7895774,0,418846.4217436589
current-tools-v1-20260824-r1,current-tools-v1,aws-m7a-xlarge-ubuntu2404-v1,clifft-0.9.0,532a90a9-0da3-4104-b7ba-16c2563ca346,2,1,coherent-surface-d3-r3-p1e-3-rz2e-2--clifft-0.9.0,,coherent-surface-d3-r3-p1e-3-rz2e-2,coherent-noise-surface-code,clifft-0.9.0,Clifft,0.9.0,clifft,throughput,false,1,100000,AMD EPYC 9R14,m7a.xlarge,ami-0f8a61b66d1accaee,8d0d29ac-0568-47e1-ac63-2f8ea1b47b4f,2,27,2026-08-24T21:50:16.680021Z,30.079995609002708,126,12600000,4703117,7896883,1,418883.03987082094
current-tools-v1-20260824-r1,current-tools-v1,aws-m7a-xlarge-ubuntu2404-v1,clifft-0.9.0,532a90a9-0da3-4104-b7ba-16c2563ca346,2,1,coherent-surface-d3-r3-p1e-3-rz2e-2--clifft-0.9.0,,coherent-surface-d3-r3-p1e-3-rz2e-2,coherent-noise-surface-code,clifft-0.9.0,Clifft,0.9.0,clifft,throughput,false,1,100000,AMD EPYC 9R14,m7a.xlarge,ami-0f8a61b66d1accaee,8d0d29ac-0568-47e1-ac63-2f8ea1b47b4f,3,28,2026-08-24T21:50:46.762412Z,30.080522898000254,126,12600000,4700618,7899382,0,418875.69716541213
current-tools-v1-20260824-r1,current-tools-v1,aws-m7a-xlarge-ubuntu2404-v1,clifft-0.9.0,532a90a9-0da3-4104-b7ba-16c2563ca346,2,1,coherent-surface-d3-r3-p1e-3-rz2e-2--clifft-0.9.0,,coherent-surface-d3-r3-p1e-3-rz2e-2,coherent-noise-surface-code,clifft-0.9.0,Clifft,0.9.0,clifft,throughput,false,1,100000,AMD EPYC 9R14,m7a.xlarge,ami-0f8a61b66d1accaee,8d0d29ac-0568-47e1-ac63-2f8ea1b47b4f,4,29,2026-08-24T21:51:16.845491Z,30.073992029001147,126,12600000,4702801,7897199,1,418966.6602242059
current-tools-v1-20260824-r1,current-tools-v1,aws-m7a-xlarge-ubuntu2404-v1,clifft-0.9.0,532a90a9-0da3-4104-b7ba-16c2563ca346,2,1,coherent-surface-d5-r1-p1e-3-rz2e-2--clifft-0.9.0,,coherent-surface-d5-r1-p1e-3-rz2e-2,coherent-noise-surface-code,clifft-0.9.0,Clifft,0.9.0,clifft,throughput,false,1,10000,AMD EPYC 9R14,m7a.xlarge,ami-0f8a61b66d1accaee,8d0d29ac-0568-47e1-ac63-2f8ea1b47b4f,0,30,2026-08-24T21:51:47.025675Z,30.20130599499953,44,440000,408533,31467,0,14568.90639341396
current-tools-v1-20260824-r1,current-tools-v1,aws-m7a-xlarge-ubuntu2404-v1,clifft-0.9.0,532a90a9-0da3-4104-b7ba-16c2563ca346,2,1,coherent-surface-d5-r1-p1e-3-rz2e-2--clifft-0.9.0,,coherent-surface-d5-r1-p1e-3-rz2e-2,coherent-noise-surface-code,clifft-0.9.0,Clifft,0.9.0,clifft,throughput,false,1,10000,AMD EPYC 9R14,m7a.xlarge,ami-0f8a61b66d1accaee,8d0d29ac-0568-47e1-ac63-2f8ea1b47b4f,1,31,2026-08-24T21:52:17.230249Z,30.201347395000084,44,440000,408736,31264,0,14568.886422360189
current-tools-v1-20260824-r1,current-tools-v1,aws-m7a-xlarge-ubuntu2404-v1,clifft-0.9.0,532a90a9-0da3-4104-b7ba-16c2563ca346,2,1,coherent-surface-d5-r1-p1e-3-rz2e-2--clifft-0.9.0,,coherent-surface-d5-r1-p1e-3-rz2e-2,coherent-noise-surface-code,clifft-0.9.0,Clifft,0.9.0,clifft,throughput,false,1,10000,AMD EPYC 9R14,m7a.xlarge,ami-0f8a61b66d1accaee,8d0d29ac-0568-47e1-ac63-2f8ea1b47b4f,2,32,2026-08-24T21:52:47.434629Z,30.20296694900071,44,440000,408704,31296,0,14568.105204464284
current-tools-v1-20260824-r1,current-tools-v1,aws-m7a-xlarge-ubuntu2404-v1,clifft-0.9.0,532a90a9-0da3-4104-b7ba-16c2563ca346,2,1,coherent-surface-d5-r1-p1e-3-rz2e-2--clifft-0.9.0,,coherent-surface-d5-r1-p1e-3-rz2e-2,coherent-noise-surface-code,clifft-0.9.0,Clifft,0.9.0,clifft,throughput,false,1,10000,AMD EPYC 9R14,m7a.xlarge,ami-0f8a61b66d1accaee,8d0d29ac-0568-47e1-ac63-2f8ea1b47b4f,3,33,2026-08-24T21:53:17.640628Z,30.200959148999573,44,440000,408377,31623,0,14569.073711507448
current-tools-v1-20260824-r1,current-tools-v1,aws-m7a-xlarge-ubuntu2404-v1,clifft-0.9.0,532a90a9-0da3-4104-b7ba-16c2563ca346,2,1,coherent-surface-d5-r1-p1e-3-rz2e-2--clifft-0.9.0,,coherent-surface-d5-r1-p1e-3-rz2e-2,coherent-noise-surface-code,clifft-0.9.0,Clifft,0.9.0,clifft,throughput,false,1,10000,AMD EPYC 9R14,m7a.xlarge,ami-0f8a61b66d1accaee,8d0d29ac-0568-47e1-ac63-2f8ea1b47b4f,4,34,2026-08-24T21:53:47.843670Z,30.200160330000926,44,440000,408355,31645,0,14569.459075450759
current-tools-v1-20260824-r1,current-tools-v1,aws-m7a-xlarge-ubuntu2404-v1,clifft-0.9.0,532a90a9-0da3-4104-b7ba-16c2563ca346,2,1,coherent-surface-d5-r5-p1e-3-rz2e-2--clifft-0.9.0,,coherent-surface-d5-r5-p1e-3-rz2e-2,coherent-noise-surface-code,clifft-0.9.0,Clifft,0.9.0,clifft,throughput,false,1,1,AMD EPYC 9R14,m7a.xlarge,ami-0f8a61b66d1accaee,8d0d29ac-0568-47e1-ac63-2f8ea1b47b4f,0,35,2026-08-24T21:54:19.302211Z,30.088837324997257,198,198,1,197,0,6.580513492806357
current-tools-v1-20260824-r1,current-tools-v1,aws-m7a-xlarge-ubuntu2404-v1,clifft-0.9.0,532a90a9-0da3-4104-b7ba-16c2563ca346,2,1,coherent-surface-d5-r5-p1e-3-rz2e-2--clifft-0.9.0,,coherent-surface-d5-r5-p1e-3-rz2e-2,coherent-noise-surface-code,clifft-0.9.0,Clifft,0.9.0,clifft,throughput,false,1,1,AMD EPYC 9R14,m7a.xlarge,ami-0f8a61b66d1accaee,8d0d29ac-0568-47e1-ac63-2f8ea1b47b4f,1,36,2026-08-24T21:54:49.394117Z,30.213590556998042,199,199,2,197,0,6.586439954052658
current-tools-v1-20260824-r1,current-tools-v1,aws-m7a-xlarge-ubuntu2404-v1,clifft-0.9.0,532a90a9-0da3-4104-b7ba-16c2563ca346,2,1,coherent-surface-d5-r5-p1e-3-rz2e-2--clifft-0.9.0,,coherent-surface-d5-r5-p1e-3-rz2e-2,coherent-noise-surface-code,clifft-0.9.0,Clifft,0.9.0,clifft,throughput,false,1,1,AMD EPYC 9R14,m7a.xlarge,ami-0f8a61b66d1accaee,8d0d29ac-0568-47e1-ac63-2f8ea1b47b4f,2,37,2026-08-24T21:55:19.611826Z,30.064787060002345,210,210,1,209,0,6.984915595140876
current-tools-v1-20260824-r1,current-tools-v1,aws-m7a-xlarge-ubuntu2404-v1,clifft-0.9.0,532a90a9-0da3-4104-b7ba-16c2563ca346,2,1,coherent-surface-d5-r5-p1e-3-rz2e-2--clifft-0.9.0,,coherent-surface-d5-r5-p1e-3-rz2e-2,coherent-noise-surface-code,clifft-0.9.0,Clifft,0.9.0,clifft,throughput,false,1,1,AMD EPYC 9R14,m7a.xlarge,ami-0f8a61b66d1accaee,8d0d29ac-0568-47e1-ac63-2f8ea1b47b4f,3,38,2026-08-24T21:55:49.679776Z,30.128021141995305,208,208,1,207,0,6.90387194763581
current-tools-v1-20260824-r1,current-tools-v1,aws-m7a-xlarge-ubuntu2404-v1,clifft-0.9.0,532a90a9-0da3-4104-b7ba-16c2563ca346,2,1,coherent-surface-d5-r5-p1e-3-rz2e-2--clifft-0.9.0,,coherent-surface-d5-r5-p1e-3-rz2e-2,coherent-noise-surface-code,clifft-0.9.0,Clifft,0.9.0,clifft,throughput,false,1,1,AMD EPYC 9R14,m7a.xlarge,ami-0f8a61b66d1accaee,8d0d29ac-0568-47e1-ac63-2f8ea1b47b4f,4,39,2026-08-24T21:56:19.810944Z,30.178567056002066,212,212,2,210,0,7.024853088835984
current-tools-v1-20260824-r1,current-tools-v1,aws-m7a-xlarge-ubuntu2404-v1,clifft-0.9.0,0c38cf98-9a97-4bbc-b2d1-4800bc1c7e85,3,1,msc-d3-inject-cultivate-p1e-3--clifft-0.9.0,,msc-d3-inject-cultivate-p1e-3,magic-state-cultivation,clifft-0.9.0,Clifft,0.9.0,clifft,throughput,false,1,100000,AMD EPYC 9R14,m7a.xlarge,ami-0f8a61b66d1accaee,272f026d-612e-4e7c-8486-8e6f2662eff6,0,0,2026-08-25T11:06:46.961782Z,30.077904039001396,362,36200000,24861870,11338130,22,1203541.309030716
current-tools-v1-20260824-r1,current-tools-v1,aws-m7a-xlarge-ubuntu2404-v1,clifft-0.9.0,0c38cf98-9a97-4bbc-b2d1-4800bc1c7e85,3,1,msc-d3-inject-cultivate-p1e-3--clifft-0.9.0,,msc-d3-inject-cultivate-p1e-3,magic-state-cultivation,clifft-0.9.0,Clifft,0.9.0,clifft,throughput,false,1,100000,AMD EPYC 9R14,m7a.xlarge,ami-0f8a61b66d1accaee,272f026d-612e-4e7c-8486-8e6f2662eff6,1,1,2026-08-25T11:07:17.042706Z,30.046365669997385,359,35900000,24654446,11245554,26,1194820.0456019787
current-tools-v1-20260824-r1,current-tools-v1,aws-m7a-xlarge-ubuntu2404-v1,clifft-0.9.0,0c38cf98-9a97-4bbc-b2d1-4800bc1c7e85,3,1,msc-d3-inject-cultivate-p1e-3--clifft-0.9.0,,msc-d3-inject-cultivate-p1e-3,magic-state-cultivation,clifft-0.9.0,Clifft,0.9.0,clifft,throughput,false,1,100000,AMD EPYC 9R14,m7a.xlarge,ami-0f8a61b66d1accaee,272f026d-612e-4e7c-8486-8e6f2662eff6,2,2,2026-08-25T11:07:47.092043Z,30.06924375800031,362,36200000,24861070,11338930,23,1203887.9424883614
current-tools-v1-20260824-r1,current-tools-v1,aws-m7a-xlarge-ubuntu2404-v1,clifft-0.9.0,0c38cf98-9a97-4bbc-b2d1-4800bc1c7e85,3,1,msc-d3-inject-cultivate-p1e-3--clifft-0.9.0,,msc-d3-inject-cultivate-p1e-3,magic-state-cultivation,clifft-0.9.0,Clifft,0.9.0,clifft,throughput,false,1,100000,AMD EPYC 9R14,m7a.xlarge,ami-0f8a61b66d1accaee,272f026d-612e-4e7c-8486-8e6f2662eff6,3,3,2026-08-25T11:08:17.164159Z,30.011428909005417,361,36100000,24792928,11307072,31,1202875.0816715565
current-tools-v1-20260824-r1,current-tools-v1,aws-m7a-xlarge-ubuntu2404-v1,clifft-0.9.0,0c38cf98-9a97-4bbc-b2d1-4800bc1c7e85,3,1,msc-d3-inject-cultivate-p1e-3--clifft-0.9.0,,msc-d3-inject-cultivate-p1e-3,magic-state-cultivation,clifft-0.9.0,Clifft,0.9.0,clifft,throughput,false,1,100000,AMD EPYC 9R14,m7a.xlarge,ami-0f8a61b66d1accaee,272f026d-612e-4e7c-8486-8e6f2662eff6,4,4,2026-08-25T11:08:47.179164Z,30.0158197520027,361,36100000,24788731,11311269,25,1202699.119939623
current-tools-v1-20260824-r1,current-tools-v1,aws-m7a-xlarge-ubuntu2404-v1,clifft-0.9.0,0c38cf98-9a97-4bbc-b2d1-4800bc1c7e85,3,1,msc-d5-inject-cultivate-p1e-3--clifft-0.9.0,,msc-d5-inject-cultivate-p1e-3,magic-state-cultivation,clifft-0.9.0,Clifft,0.9.0,clifft,throughput,false,1,20000,AMD EPYC 9R14,m7a.xlarge,ami-0f8a61b66d1accaee,272f026d-612e-4e7c-8486-8e6f2662eff6,0,5,2026-08-25T11:09:17.326486Z,30.05114620700124,273,5460000,785598,4674402,0,181690.24111060175
current-tools-v1-20260824-r1,current-tools-v1,aws-m7a-xlarge-ubuntu2404-v1,clifft-0.9.0,0c38cf98-9a97-4bbc-b2d1-4800bc1c7e85,3,1,msc-d5-inject-cultivate-p1e-3--clifft-0.9.0,,msc-d5-inject-cultivate-p1e-3,magic-state-cultivation,clifft-0.9.0,Clifft,0.9.0,clifft,throughput,false,1,20000,AMD EPYC 9R14,m7a.xlarge,ami-0f8a61b66d1accaee,272f026d-612e-4e7c-8486-8e6f2662eff6,1,6,2026-08-25T11:09:47.381052Z,30.062099370998567,273,5460000,786107,4673893,0,181624.0420410345
current-tools-v1-20260824-r1,current-tools-v1,aws-m7a-xlarge-ubuntu2404-v1,clifft-0.9.0,0c38cf98-9a97-4bbc-b2d1-4800bc1c7e85,3,1,msc-d5-inject-cultivate-p1e-3--clifft-0.9.0,,msc-d5-inject-cultivate-p1e-3,magic-state-cultivation,clifft-0.9.0,Clifft,0.9.0,clifft,throughput,false,1,20000,AMD EPYC 9R14,m7a.xlarge,ami-0f8a61b66d1accaee,272f026d-612e-4e7c-8486-8e6f2662eff6,2,7,2026-08-25T11:10:17.446423Z,30.050373508000575,273,5460000,786197,4673803,0,181694.91299488628
current-tools-v1-20260824-r1,current-tools-v1,aws-m7a-xlarge-ubuntu2404-v1,clifft-0.9.0,0c38cf98-9a97-4bbc-b2d1-4800bc1c7e85,3,1,msc-d5-inject-cultivate-p1e-3--clifft-0.9.0,,msc-d5-inject-cultivate-p1e-3,magic-state-cultivation,clifft-0.9.0,Clifft,0.9.0,clifft,throughput,false,1,20000,AMD EPYC 9R14,m7a.xlarge,ami-0f8a61b66d1accaee,272f026d-612e-4e7c-8486-8e6f2662eff6,3,8,2026-08-25T11:10:47.500095Z,30.08697378699935,273,5460000,786851,4673149,0,181473.88430136096
current-tools-v1-20260824-r1,current-tools-v1,aws-m7a-xlarge-ubuntu2404-v1,clifft-0.9.0,0c38cf98-9a97-4bbc-b2d1-4800bc1c7e85,3,1,msc-d5-inject-cultivate-p1e-3--clifft-0.9.0,,msc-d5-inject-cultivate-p1e-3,magic-state-cultivation,clifft-0.9.0,Clifft,0.9.0,clifft,throughput,false,1,20000,AMD EPYC 9R14,m7a.xlarge,ami-0f8a61b66d1accaee,272f026d-612e-4e7c-8486-8e6f2662eff6,4,9,2026-08-25T11:11:17.590495Z,30.05684942099583,273,5460000,784676,4675324,0,181655.76582973418
current-tools-v1-20260824-r1,current-tools-v1,aws-m7a-xlarge-ubuntu2404-v1,clifft-0.9.0,0c38cf98-9a97-4bbc-b2d1-4800bc1c7e85,3,1,distillation-color-code-85q-p5e-2--clifft-0.9.0,,distillation-color-code-85q-p5e-2,magic-state-distillation,clifft-0.9.0,Clifft,0.9.0,clifft,throughput,false,1,100000,AMD EPYC 9R14,m7a.xlarge,ami-0f8a61b66d1accaee,272f026d-612e-4e7c-8486-8e6f2662eff6,0,10,2026-08-25T11:11:47.752715Z,30.0100110279991,173,17300000,1379565,15920435,581571,576474.2966558472
current-tools-v1-20260824-r1,current-tools-v1,aws-m7a-xlarge-ubuntu2404-v1,clifft-0.9.0,0c38cf98-9a97-4bbc-b2d1-4800bc1c7e85,3,1,distillation-color-code-85q-p5e-2--clifft-0.9.0,,distillation-color-code-85q-p5e-2,magic-state-distillation,clifft-0.9.0,Clifft,0.9.0,clifft,throughput,false,1,100000,AMD EPYC 9R14,m7a.xlarge,ami-0f8a61b66d1accaee,272f026d-612e-4e7c-8486-8e6f2662eff6,1,11,2026-08-25T11:12:17.765817Z,30.010831227998324,173,17300000,1381912,15918088,583033,576458.5415368344
current-tools-v1-20260824-r1,current-tools-v1,aws-m7a-xlarge-ubuntu2404-v1,clifft-0.9.0,0c38cf98-9a97-4bbc-b2d1-4800bc1c7e85,3,1,distillation-color-code-85q-p5e-2--clifft-0.9.0,,distillation-color-code-85q-p5e-2,magic-state-distillation,clifft-0.9.0,Clifft,0.9.0,clifft,throughput,false,1,100000,AMD EPYC 9R14,m7a.xlarge,ami-0f8a61b66d1accaee,272f026d-612e-4e7c-8486-8e6f2662eff6,2,12,2026-08-25T11:12:47.778905Z,30.01146525900026,173,17300000,1378577,15921423,581443,576446.3631049081
current-tools-v1-20260824-r1,current-tools-v1,aws-m7a-xlarge-ubuntu2404-v1,clifft-0.9.0,0c38cf98-9a97-4bbc-b2d1-4800bc1c7e85,3,1,distillation-color-code-85q-p5e-2--clifft-0.9.0,,distillation-color-code-85q-p5e-2,magic-state-distillation,clifft-0.9.0,Clifft,0.9.0,clifft,throughput,false,1,100000,AMD EPYC 9R14,m7a.xlarge,ami-0f8a61b66d1accaee,272f026d-612e-4e7c-8486-8e6f2662eff6,3,13,2026-08-25T11:13:17.793478Z,30.01486608299774,173,17300000,1380590,15919410,582618,576381.0490495501
current-tools-v1-20260824-r1,current-tools-v1,aws-m7a-xlarge-ubuntu2404-v1,clifft-0.9.0,0c38cf98-9a97-4bbc-b2d1-4800bc1c7e85,3,1,distillation-color-code-85q-p5e-2--clifft-0.9.0,,distillation-color-code-85q-p5e-2,magic-state-distillation,clifft-0.9.0,Clifft,0.9.0,clifft,throughput,false,1,100000,AMD EPYC 9R14,m7a.xlarge,ami-0f8a61b66d1accaee,272f026d-612e-4e7c-8486-8e6f2662eff6,4,14,2026-08-25T11:13:47.810723Z,30.01591350699823,173,17300000,1380316,15919684,582886,576360.9358737821
current-tools-v1-20260824-r1,current-tools-v1,aws-m7a-xlarge-ubuntu2404-v1,clifft-0.9.0,0c38cf98-9a97-4bbc-b2d1-4800bc1c7e85,3,1,surface-code-d7-r7-p1e-3--clifft-0.9.0,,surface-code-d7-r7-p1e-3,surface-code-memory,clifft-0.9.0,Clifft,0.9.0,clifft,throughput,false,1,100000,AMD EPYC 9R14,m7a.xlarge,ami-0f8a61b66d1accaee,272f026d-612e-4e7c-8486-8e6f2662eff6,0,15,2026-08-25T11:14:17.943812Z,30.179555004998747,137,13700000,1204097,12495903,0,453949.70196647436
current-tools-v1-20260824-r1,current-tools-v1,aws-m7a-xlarge-ubuntu2404-v1,clifft-0.9.0,0c38cf98-9a97-4bbc-b2d1-4800bc1c7e85,3,1,surface-code-d7-r7-p1e-3--clifft-0.9.0,,surface-code-d7-r7-p1e-3,surface-code-memory,clifft-0.9.0,Clifft,0.9.0,clifft,throughput,false,1,100000,AMD EPYC 9R14,m7a.xlarge,ami-0f8a61b66d1accaee,272f026d-612e-4e7c-8486-8e6f2662eff6,1,16,2026-08-25T11:14:48.126692Z,30.22597162900047,135,13500000,1188114,12311886,0,446635.7662774802
current-tools-v1-20260824-r1,current-tools-v1,aws-m7a-xlarge-ubuntu2404-v1,clifft-0.9.0,0c38cf98-9a97-4bbc-b2d1-4800bc1c7e85,3,1,surface-code-d7-r7-p1e-3--clifft-0.9.0,,surface-code-d7-r7-p1e-3,surface-code-memory,clifft-0.9.0,Clifft,0.9.0,clifft,throughput,false,1,100000,AMD EPYC 9R14,m7a.xlarge,ami-0f8a61b66d1accaee,272f026d-612e-4e7c-8486-8e6f2662eff6,2,17,2026-08-25T11:15:18.355567Z,30.051857400998188,132,13200000,1160309,12039691,0,439240.737231821
current-tools-v1-20260824-r1,current-tools-v1,aws-m7a-xlarge-ubuntu2404-v1,clifft-0.9.0,0c38cf98-9a97-4bbc-b2d1-4800bc1c7e85,3,1,surface-code-d7-r7-p1e-3--clifft-0.9.0,,surface-code-d7-r7-p1e-3,surface-code-memory,clifft-0.9.0,Clifft,0.9.0,clifft,throughput,false,1,100000,AMD EPYC 9R14,m7a.xlarge,ami-0f8a61b66d1accaee,272f026d-612e-4e7c-8486-8e6f2662eff6,3,18,2026-08-25T11:15:48.410604Z,30.169039673999578,137,13700000,1203755,12496245,0,454107.92481429223
current-tools-v1-20260824-r1,current-tools-v1,aws-m7a-xlarge-ubuntu2404-v1,clifft-0.9.0,0c38cf98-9a97-4bbc-b2d1-4800bc1c7e85,3,1,surface-code-d7-r7-p1e-3--clifft-0.9.0,,surface-code-d7-r7-p1e-3,surface-code-memory,clifft-0.9.0,Clifft,0.9.0,clifft,throughput,false,1,100000,AMD EPYC 9R14,m7a.xlarge,ami-0f8a61b66d1accaee,272f026d-612e-4e7c-8486-8e6f2662eff6,4,19,2026-08-25T11:16:18.582703Z,30.171256183000196,137,13700000,1203752,12496248,0,454074.5641117581
current-tools-v1-20260824-r1,current-tools-v1,aws-m7a-xlarge-ubuntu2404-v1,clifft-0.9.0,0c38cf98-9a97-4bbc-b2d1-4800bc1c7e85,3,1,coherent-surface-d3-r1-p1e-3-rz2e-2--clifft-0.9.0,,coherent-surface-d3-r1-p1e-3-rz2e-2,coherent-noise-surface-code,clifft-0.9.0,Clifft,0.9.0,clifft,throughput,false,1,100000,AMD EPYC 9R14,m7a.xlarge,ami-0f8a61b66d1accaee,272f026d-612e-4e7c-8486-8e6f2662eff6,0,20,2026-08-25T11:16:48.857905Z,30.033571347001953,565,56500000,55048011,1451989,0,1881228.1545611129
current-tools-v1-20260824-r1,current-tools-v1,aws-m7a-xlarge-ubuntu2404-v1,clifft-0.9.0,0c38cf98-9a97-4bbc-b2d1-4800bc1c7e85,3,1,coherent-surface-d3-r1-p1e-3-rz2e-2--clifft-0.9.0,,coherent-surface-d3-r1-p1e-3-rz2e-2,coherent-noise-surface-code,clifft-0.9.0,Clifft,0.9.0,clifft,throughput,false,1,100000,AMD EPYC 9R14,m7a.xlarge,ami-0f8a61b66d1accaee,272f026d-612e-4e7c-8486-8e6f2662eff6,1,21,2026-08-25T11:17:18.895955Z,30.051657101000274,564,56400000,54952367,1447633,1,1876768.386197336
current-tools-v1-20260824-r1,current-tools-v1,aws-m7a-xlarge-ubuntu2404-v1,clifft-0.9.0,0c38cf98-9a97-4bbc-b2d1-4800bc1c7e85,3,1,coherent-surface-d3-r1-p1e-3-rz2e-2--clifft-0.9.0,,coherent-surface-d3-r1-p1e-3-rz2e-2,coherent-noise-surface-code,clifft-0.9.0,Clifft,0.9.0,clifft,throughput,false,1,100000,AMD EPYC 9R14,m7a.xlarge,ami-0f8a61b66d1accaee,272f026d-612e-4e7c-8486-8e6f2662eff6,2,22,2026-08-25T11:17:48.952245Z,30.04847864599742,562,56200000,54756815,1443185,2,1870310.995178655
current-tools-v1-20260824-r1,current-tools-v1,aws-m7a-xlarge-ubuntu2404-v1,clifft-0.9.0,0c38cf98-9a97-4bbc-b2d1-4800bc1c7e85,3,1,coherent-surface-d3-r1-p1e-3-rz2e-2--clifft-0.9.0,,coherent-surface-d3-r1-p1e-3-rz2e-2,coherent-noise-surface-code,clifft-0.9.0,Clifft,0.9.0,clifft,throughput,false,1,100000,AMD EPYC 9R14,m7a.xlarge,ami-0f8a61b66d1accaee,272f026d-612e-4e7c-8486-8e6f2662eff6,3,23,2026-08-25T11:18:19.005324Z,30.033215824001218,565,56500000,55050061,1449939,0,1881250.4239005833
current-tools-v1-20260824-r1,current-tools-v1,aws-m7a-xlarge-ubuntu2404-v1,clifft-0.9.0,0c38cf98-9a97-4bbc-b2d1-4800bc1c7e85,3,1,coherent-surface-d3-r1-p1e-3-rz2e-2--clifft-0.9.0,,coherent-surface-d3-r1-p1e-3-rz2e-2,coherent-noise-surface-code,clifft-0.9.0,Clifft,0.9.0,clifft,throughput,false,1,100000,AMD EPYC 9R14,m7a.xlarge,ami-0f8a61b66d1accaee,272f026d-612e-4e7c-8486-8e6f2662eff6,4,24,2026-08-25T11:18:49.042432Z,30.039510089001624,568,56800000,55340847,1459153,1,1890843.0873776535
current-tools-v1-20260824-r1,current-tools-v1,aws-m7a-xlarge-ubuntu2404-v1,clifft-0.9.0,0c38cf98-9a97-4bbc-b2d1-4800bc1c7e85,3,1,coherent-surface-d3-r3-p1e-3-rz2e-2--clifft-0.9.0,,coherent-surface-d3-r3-p1e-3-rz2e-2,coherent-noise-surface-code,clifft-0.9.0,Clifft,0.9.0,clifft,throughput,false,1,100000,AMD EPYC 9R14,m7a.xlarge,ami-0f8a61b66d1accaee,272f026d-612e-4e7c-8486-8e6f2662eff6,0,25,2026-08-25T11:19:19.187685Z,30.140561184000944,139,13900000,5187068,8712932,0,461172.5679274454
current-tools-v1-20260824-r1,current-tools-v1,aws-m7a-xlarge-ubuntu2404-v1,clifft-0.9.0,0c38cf98-9a97-4bbc-b2d1-4800bc1c7e85,3,1,coherent-surface-d3-r3-p1e-3-rz2e-2--clifft-0.9.0,,coherent-surface-d3-r3-p1e-3-rz2e-2,coherent-noise-surface-code,clifft-0.9.0,Clifft,0.9.0,clifft,throughput,false,1,100000,AMD EPYC 9R14,m7a.xlarge,ami-0f8a61b66d1accaee,272f026d-612e-4e7c-8486-8e6f2662eff6,1,26,2026-08-25T11:19:49.330709Z,30.099652916998366,139,13900000,5189819,8710181,0,461799.3449402922
current-tools-v1-20260824-r1,current-tools-v1,aws-m7a-xlarge-ubuntu2404-v1,clifft-0.9.0,0c38cf98-9a97-4bbc-b2d1-4800bc1c7e85,3,1,coherent-surface-d3-r3-p1e-3-rz2e-2--clifft-0.9.0,,coherent-surface-d3-r3-p1e-3-rz2e-2,coherent-noise-surface-code,clifft-0.9.0,Clifft,0.9.0,clifft,throughput,false,1,100000,AMD EPYC 9R14,m7a.xlarge,ami-0f8a61b66d1accaee,272f026d-612e-4e7c-8486-8e6f2662eff6,2,27,2026-08-25T11:20:19.432760Z,30.142008780001106,139,13900000,5187823,8712177,1,461150.41971663473
current-tools-v1-20260824-r1,current-tools-v1,aws-m7a-xlarge-ubuntu2404-v1,clifft-0.9.0,0c38cf98-9a97-4bbc-b2d1-4800bc1c7e85,3,1,coherent-surface-d3-r3-p1e-3-rz2e-2--clifft-0.9.0,,coherent-surface-d3-r3-p1e-3-rz2e-2,coherent-noise-surface-code,clifft-0.9.0,Clifft,0.9.0,clifft,throughput,false,1,100000,AMD EPYC 9R14,m7a.xlarge,ami-0f8a61b66d1accaee,272f026d-612e-4e7c-8486-8e6f2662eff6,3,28,2026-08-25T11:20:49.577933Z,30.16654021900149,139,13900000,5185235,8714765,0,460775.4120654705
current-tools-v1-20260824-r1,current-tools-v1,aws-m7a-xlarge-ubuntu2404-v1,clifft-0.9.0,0c38cf98-9a97-4bbc-b2d1-4800bc1c7e85,3,1,coherent-surface-d3-r3-p1e-3-rz2e-2--clifft-0.9.0,,coherent-surface-d3-r3-p1e-3-rz2e-2,coherent-noise-surface-code,clifft-0.9.0,Clifft,0.9.0,clifft,throughput,false,1,100000,AMD EPYC 9R14,m7a.xlarge,ami-0f8a61b66d1accaee,272f026d-612e-4e7c-8486-8e6f2662eff6,4,29,2026-08-25T11:21:19.747651Z,30.15823998699534,139,13900000,5188070,8711930,1,460902.2279149538
current-tools-v1-20260824-r1,current-tools-v1,aws-m7a-xlarge-ubuntu2404-v1,clifft-0.9.0,0c38cf98-9a97-4bbc-b2d1-4800bc1c7e85,3,1,coherent-surface-d5-r1-p1e-3-rz2e-2--clifft-0.9.0,,coherent-surface-d5-r1-p1e-3-rz2e-2,coherent-noise-surface-code,clifft-0.9.0,Clifft,0.9.0,clifft,throughput,false,1,10000,AMD EPYC 9R14,m7a.xlarge,ami-0f8a61b66d1accaee,272f026d-612e-4e7c-8486-8e6f2662eff6,0,30,2026-08-25T11:21:50.011970Z,30.09815948400137,44,440000,408533,31467,0,14618.834092957786
current-tools-v1-20260824-r1,current-tools-v1,aws-m7a-xlarge-ubuntu2404-v1,clifft-0.9.0,0c38cf98-9a97-4bbc-b2d1-4800bc1c7e85,3,1,coherent-surface-d5-r1-p1e-3-rz2e-2--clifft-0.9.0,,coherent-surface-d5-r1-p1e-3-rz2e-2,coherent-noise-surface-code,clifft-0.9.0,Clifft,0.9.0,clifft,throughput,false,1,10000,AMD EPYC 9R14,m7a.xlarge,ami-0f8a61b66d1accaee,272f026d-612e-4e7c-8486-8e6f2662eff6,1,31,2026-08-25T11:22:20.112868Z,30.097816223998507,44,440000,408736,31264,0,14619.000818044926
current-tools-v1-20260824-r1,current-tools-v1,aws-m7a-xlarge-ubuntu2404-v1,clifft-0.9.0,0c38cf98-9a97-4bbc-b2d1-4800bc1c7e85,3,1,coherent-surface-d5-r1-p1e-3-rz2e-2--clifft-0.9.0,,coherent-surface-d5-r1-p1e-3-rz2e-2,coherent-noise-surface-code,clifft-0.9.0,Clifft,0.9.0,clifft,throughput,false,1,10000,AMD EPYC 9R14,m7a.xlarge,ami-0f8a61b66d1accaee,272f026d-612e-4e7c-8486-8e6f2662eff6,2,32,2026-08-25T11:22:50.213354Z,30.09484090300066,44,440000,408704,31296,0,14620.446122914344
current-tools-v1-20260824-r1,current-tools-v1,aws-m7a-xlarge-ubuntu2404-v1,clifft-0.9.0,0c38cf98-9a97-4bbc-b2d1-4800bc1c7e85,3,1,coherent-surface-d5-r1-p1e-3-rz2e-2--clifft-0.9.0,,coherent-surface-d5-r1-p1e-3-rz2e-2,coherent-noise-surface-code,clifft-0.9.0,Clifft,0.9.0,clifft,throughput,false,1,10000,AMD EPYC 9R14,m7a.xlarge,ami-0f8a61b66d1accaee,272f026d-612e-4e7c-8486-8e6f2662eff6,3,33,2026-08-25T11:23:20.310966Z,30.095429776999936,44,440000,408377,31623,0,14620.160046236144
current-tools-v1-20260824-r1,current-tools-v1,aws-m7a-xlarge-ubuntu2404-v1,clifft-0.9.0,0c38cf98-9a97-4bbc-b2d1-4800bc1c7e85,3,1,coherent-surface-d5-r1-p1e-3-rz2e-2--clifft-0.9.0,,coherent-surface-d5-r1-p1e-3-rz2e-2,coherent-noise-surface-code,clifft-0.9.0,Clifft,0.9.0,clifft,throughput,false,1,10000,AMD EPYC 9R14,m7a.xlarge,ami-0f8a61b66d1accaee,272f026d-612e-4e7c-8486-8e6f2662eff6,4,34,2026-08-25T11:23:50.409177Z,30.097060130000955,44,440000,408355,31645,0,14619.368074471999
current-tools-v1-20260824-r1,current-tools-v1,aws-m7a-xlarge-ubuntu2404-v1,clifft-0.9.0,0c38cf98-9a97-4bbc-b2d1-4800bc1c7e85,3,1,coherent-surface-d5-r5-p1e-3-rz2e-2--clifft-0.9.0,,coherent-surface-d5-r5-p1e-3-rz2e-2,coherent-noise-surface-code,clifft-0.9.0,Clifft,0.9.0,clifft,throughput,false,1,1,AMD EPYC 9R14,m7a.xlarge,ami-0f8a61b66d1accaee,272f026d-612e-4e7c-8486-8e6f2662eff6,0,35,2026-08-25T11:24:21.753949Z,30.167566490003537,199,199,1,198,0,6.596488320194522
current-tools-v1-20260824-r1,current-tools-v1,aws-m7a-xlarge-ubuntu2404-v1,clifft-0.9.0,0c38cf98-9a97-4bbc-b2d1-4800bc1c7e85,3,1,coherent-surface-d5-r5-p1e-3-rz2e-2--clifft-0.9.0,,coherent-surface-d5-r5-p1e-3-rz2e-2,coherent-noise-surface-code,clifft-0.9.0,Clifft,0.9.0,clifft,throughput,false,1,1,AMD EPYC 9R14,m7a.xlarge,ami-0f8a61b66d1accaee,272f026d-612e-4e7c-8486-8e6f2662eff6,1,36,2026-08-25T11:24:51.924596Z,30.036174759999994,200,200,2,198,0,6.658637512868168
current-tools-v1-20260824-r1,current-tools-v1,aws-m7a-xlarge-ubuntu2404-v1,clifft-0.9.0,0c38cf98-9a97-4bbc-b2d1-4800bc1c7e85,3,1,coherent-surface-d5-r5-p1e-3-rz2e-2--clifft-0.9.0,,coherent-surface-d5-r5-p1e-3-rz2e-2,coherent-noise-surface-code,clifft-0.9.0,Clifft,0.9.0,clifft,throughput,false,1,1,AMD EPYC 9R14,m7a.xlarge,ami-0f8a61b66d1accaee,272f026d-612e-4e7c-8486-8e6f2662eff6,2,37,2026-08-25T11:25:21.963880Z,30.016373816995383,212,212,1,211,0,7.0628118270556985
current-tools-v1-20260824-r1,current-tools-v1,aws-m7a-xlarge-ubuntu2404-v1,clifft-0.9.0,0c38cf98-9a97-4bbc-b2d1-4800bc1c7e85,3,1,coherent-surface-d5-r5-p1e-3-rz2e-2--clifft-0.9.0,,coherent-surface-d5-r5-p1e-3-rz2e-2,coherent-noise-surface-code,clifft-0.9.0,Clifft,0.9.0,clifft,throughput,false,1,1,AMD EPYC 9R14,m7a.xlarge,ami-0f8a61b66d1accaee,272f026d-612e-4e7c-8486-8e6f2662eff6,3,38,2026-08-25T11:25:51.983487Z,30.016904568998598,209,209,1,208,0,6.962743260870903
current-tools-v1-20260824-r1,current-tools-v1,aws-m7a-xlarge-ubuntu2404-v1,clifft-0.9.0,0c38cf98-9a97-4bbc-b2d1-4800bc1c7e85,3,1,coherent-surface-d5-r5-p1e-3-rz2e-2--clifft-0.9.0,,coherent-surface-d5-r5-p1e-3-rz2e-2,coherent-noise-surface-code,clifft-0.9.0,Clifft,0.9.0,clifft,throughput,false,1,1,AMD EPYC 9R14,m7a.xlarge,ami-0f8a61b66d1accaee,272f026d-612e-4e7c-8486-8e6f2662eff6,4,39,2026-08-25T11:26:22.004277Z,30.02083637299893,214,214,2,212,0,7.128382345552303
current-tools-v1-20260824-r1,current-tools-v1,aws-m7a-xlarge-ubuntu2404-v1,symft-batch-2048,27d7c37b-ed0d-4333-8959-faeba5e4fdd9,1,1,msc-d3-inject-cultivate-p1e-3--symft-batch-2048,,msc-d3-inject-cultivate-p1e-3,magic-state-cultivation,symft-0.1.0-9ec5790,SymFT,0.1.0,symft,throughput,true,2048,1000000,AMD EPYC 9R14,m7a.xlarge,ami-0f8a61b66d1accaee,1b278a28-9935-4699-80c1-f2b5a60ada49,0,0,2026-08-24T20:10:23.546959Z,30.144711451001058,80,80000000,54946824,25053176,34,2653865.177314322
current-tools-v1-20260824-r1,current-tools-v1,aws-m7a-xlarge-ubuntu2404-v1,symft-batch-2048,27d7c37b-ed0d-4333-8959-faeba5e4fdd9,1,1,msc-d3-inject-cultivate-p1e-3--symft-batch-2048,,msc-d3-inject-cultivate-p1e-3,magic-state-cultivation,symft-0.1.0-9ec5790,SymFT,0.1.0,symft,throughput,true,2048,1000000,AMD EPYC 9R14,m7a.xlarge,ami-0f8a61b66d1accaee,1b278a28-9935-4699-80c1-f2b5a60ada49,1,1,2026-08-24T20:10:53.694394Z,30.143684136000047,80,80000000,54940505,25059495,47,2653955.622645922
current-tools-v1-20260824-r1,current-tools-v1,aws-m7a-xlarge-ubuntu2404-v1,symft-batch-2048,27d7c37b-ed0d-4333-8959-faeba5e4fdd9,1,1,msc-d3-inject-cultivate-p1e-3--symft-batch-2048,,msc-d3-inject-cultivate-p1e-3,magic-state-cultivation,symft-0.1.0-9ec5790,SymFT,0.1.0,symft,throughput,true,2048,1000000,AMD EPYC 9R14,m7a.xlarge,ami-0f8a61b66d1accaee,1b278a28-9935-4699-80c1-f2b5a60ada49,2,2,2026-08-24T20:11:23.840498Z,30.151982358001987,80,80000000,54940928,25059072,57,2653225.2191627105
current-tools-v1-20260824-r1,current-tools-v1,aws-m7a-xlarge-ubuntu2404-v1,symft-batch-2048,27d7c37b-ed0d-4333-8959-faeba5e4fdd9,1,1,msc-d3-inject-cultivate-p1e-3--symft-batch-2048,,msc-d3-inject-cultivate-p1e-3,magic-state-cultivation,symft-0.1.0-9ec5790,SymFT,0.1.0,symft,throughput,true,2048,1000000,AMD EPYC 9R14,m7a.xlarge,ami-0f8a61b66d1accaee,1b278a28-9935-4699-80c1-f2b5a60ada49,3,3,2026-08-24T20:11:53.995108Z,30.154465831000834,80,80000000,54949484,25050516,38,2653006.7038280806
current-tools-v1-20260824-r1,current-tools-v1,aws-m7a-xlarge-ubuntu2404-v1,symft-batch-2048,27d7c37b-ed0d-4333-8959-faeba5e4fdd9,1,1,msc-d3-inject-cultivate-p1e-3--symft-batch-2048,,msc-d3-inject-cultivate-p1e-3,magic-state-cultivation,symft-0.1.0-9ec5790,SymFT,0.1.0,symft,throughput,true,2048,1000000,AMD EPYC 9R14,m7a.xlarge,ami-0f8a61b66d1accaee,1b278a28-9935-4699-80c1-f2b5a60ada49,4,4,2026-08-24T20:12:24.152247Z,30.153004711999984,80,80000000,54953120,25046880,49,2653135.26012094
current-tools-v1-20260824-r1,current-tools-v1,aws-m7a-xlarge-ubuntu2404-v1,symft-batch-2048,27d7c37b-ed0d-4333-8959-faeba5e4fdd9,1,1,distillation-color-code-85q-p5e-2--symft-batch-2048,,distillation-color-code-85q-p5e-2,magic-state-distillation,symft-0.1.0-9ec5790,SymFT,0.1.0,symft,throughput,true,2048,1000000,AMD EPYC 9R14,m7a.xlarge,ami-0f8a61b66d1accaee,1b278a28-9935-4699-80c1-f2b5a60ada49,0,5,2026-08-24T20:12:54.424745Z,30.097690705999412,54,54000000,4308729,49691271,2490944,1794157.5826359366
current-tools-v1-20260824-r1,current-tools-v1,aws-m7a-xlarge-ubuntu2404-v1,symft-batch-2048,27d7c37b-ed0d-4333-8959-faeba5e4fdd9,1,1,distillation-color-code-85q-p5e-2--symft-batch-2048,,distillation-color-code-85q-p5e-2,magic-state-distillation,symft-0.1.0-9ec5790,SymFT,0.1.0,symft,throughput,true,2048,1000000,AMD EPYC 9R14,m7a.xlarge,ami-0f8a61b66d1accaee,1b278a28-9935-4699-80c1-f2b5a60ada49,1,6,2026-08-24T20:13:24.524968Z,30.10122544500109,54,54000000,4309544,49690456,2492208,1793946.8975661846
current-tools-v1-20260824-r1,current-tools-v1,aws-m7a-xlarge-ubuntu2404-v1,symft-batch-2048,27d7c37b-ed0d-4333-8959-faeba5e4fdd9,1,1,distillation-color-code-85q-p5e-2--symft-batch-2048,,distillation-color-code-85q-p5e-2,magic-state-distillation,symft-0.1.0-9ec5790,SymFT,0.1.0,symft,throughput,true,2048,1000000,AMD EPYC 9R14,m7a.xlarge,ami-0f8a61b66d1accaee,1b278a28-9935-4699-80c1-f2b5a60ada49,2,7,2026-08-24T20:13:54.628571Z,30.097888913999668,54,54000000,4307731,49692269,2491151,1794145.7673093663
current-tools-v1-20260824-r1,current-tools-v1,aws-m7a-xlarge-ubuntu2404-v1,symft-batch-2048,27d7c37b-ed0d-4333-8959-faeba5e4fdd9,1,1,distillation-color-code-85q-p5e-2--symft-batch-2048,,distillation-color-code-85q-p5e-2,magic-state-distillation,symft-0.1.0-9ec5790,SymFT,0.1.0,symft,throughput,true,2048,1000000,AMD EPYC 9R14,m7a.xlarge,ami-0f8a61b66d1accaee,1b278a28-9935-4699-80c1-f2b5a60ada49,3,8,2026-08-24T20:14:24.729055Z,30.09489829000222,54,54000000,4309598,49690402,2490097,1794324.0571754733
current-tools-v1-20260824-r1,current-tools-v1,aws-m7a-xlarge-ubuntu2404-v1,symft-batch-2048,27d7c37b-ed0d-4333-8959-faeba5e4fdd9,1,1,distillation-color-code-85q-p5e-2--symft-batch-2048,,distillation-color-code-85q-p5e-2,magic-state-distillation,symft-0.1.0-9ec5790,SymFT,0.1.0,symft,throughput,true,2048,1000000,AMD EPYC 9R14,m7a.xlarge,ami-0f8a61b66d1accaee,1b278a28-9935-4699-80c1-f2b5a60ada49,4,9,2026-08-24T20:14:54.826463Z,30.094215896000605,54,54000000,4304617,49695383,2489490,1794364.743929958
current-tools-v1-20260824-r1,current-tools-v1,aws-m7a-xlarge-ubuntu2404-v1,symft-batch-2048,27d7c37b-ed0d-4333-8959-faeba5e4fdd9,1,1,surface-code-d7-r7-p1e-3--symft-batch-2048,,surface-code-d7-r7-p1e-3,surface-code-memory,symft-0.1.0-9ec5790,SymFT,0.1.0,symft,throughput,true,2048,1000000,AMD EPYC 9R14,m7a.xlarge,ami-0f8a61b66d1accaee,1b278a28-9935-4699-80c1-f2b5a60ada49,0,10,2026-08-24T20:15:25.213422Z,30.2650041670031,104,104000000,9138210,94861790,0,3436312.099153373
current-tools-v1-20260824-r1,current-tools-v1,aws-m7a-xlarge-ubuntu2404-v1,symft-batch-2048,27d7c37b-ed0d-4333-8959-faeba5e4fdd9,1,1,surface-code-d7-r7-p1e-3--symft-batch-2048,,surface-code-d7-r7-p1e-3,surface-code-memory,symft-0.1.0-9ec5790,SymFT,0.1.0,symft,throughput,true,2048,1000000,AMD EPYC 9R14,m7a.xlarge,ami-0f8a61b66d1accaee,1b278a28-9935-4699-80c1-f2b5a60ada49,1,11,2026-08-24T20:15:55.480657Z,30.289311728999564,104,104000000,9139028,94860972,0,3433554.414523999
current-tools-v1-20260824-r1,current-tools-v1,aws-m7a-xlarge-ubuntu2404-v1,symft-batch-2048,27d7c37b-ed0d-4333-8959-faeba5e4fdd9,1,1,surface-code-d7-r7-p1e-3--symft-batch-2048,,surface-code-d7-r7-p1e-3,surface-code-memory,symft-0.1.0-9ec5790,SymFT,0.1.0,symft,throughput,true,2048,1000000,AMD EPYC 9R14,m7a.xlarge,ami-0f8a61b66d1accaee,1b278a28-9935-4699-80c1-f2b5a60ada49,2,12,2026-08-24T20:16:25.772178Z,30.27192453499356,104,104000000,9145180,94854820,0,3435526.534818713
current-tools-v1-20260824-r1,current-tools-v1,aws-m7a-xlarge-ubuntu2404-v1,symft-batch-2048,27d7c37b-ed0d-4333-8959-faeba5e4fdd9,1,1,surface-code-d7-r7-p1e-3--symft-batch-2048,,surface-code-d7-r7-p1e-3,surface-code-memory,symft-0.1.0-9ec5790,SymFT,0.1.0,symft,throughput,true,2048,1000000,AMD EPYC 9R14,m7a.xlarge,ami-0f8a61b66d1accaee,1b278a28-9935-4699-80c1-f2b5a60ada49,3,13,2026-08-24T20:16:56.047171Z,30.276375849998658,104,104000000,9131292,94868708,0,3435021.4343770146
current-tools-v1-20260824-r1,current-tools-v1,aws-m7a-xlarge-ubuntu2404-v1,symft-batch-2048,27d7c37b-ed0d-4333-8959-faeba5e4fdd9,1,1,surface-code-d7-r7-p1e-3--symft-batch-2048,,surface-code-d7-r7-p1e-3,surface-code-memory,symft-0.1.0-9ec5790,SymFT,0.1.0,symft,throughput,true,2048,1000000,AMD EPYC 9R14,m7a.xlarge,ami-0f8a61b66d1accaee,1b278a28-9935-4699-80c1-f2b5a60ada49,4,14,2026-08-24T20:17:26.326919Z,30.27308488100516,104,104000000,9143394,94856606,0,3435394.853507472
current-tools-v1-20260824-r1,current-tools-v1,aws-m7a-xlarge-ubuntu2404-v1,symft-batch-2048,27d7c37b-ed0d-4333-8959-faeba5e4fdd9,1,1,coherent-surface-d3-r1-p1e-3-rz2e-2--symft-batch-2048,,coherent-surface-d3-r1-p1e-3-rz2e-2,coherent-noise-surface-code,symft-0.1.0-9ec5790,SymFT,0.1.0,symft,throughput,true,2048,1000000,AMD EPYC 9R14,m7a.xlarge,ami-0f8a61b66d1accaee,1b278a28-9935-4699-80c1-f2b5a60ada49,0,15,2026-08-24T20:17:56.719817Z,30.179121314999065,79,79000000,76976940,2023060,1,2617703.7818770716
current-tools-v1-20260824-r1,current-tools-v1,aws-m7a-xlarge-ubuntu2404-v1,symft-batch-2048,27d7c37b-ed0d-4333-8959-faeba5e4fdd9,1,1,coherent-surface-d3-r1-p1e-3-rz2e-2--symft-batch-2048,,coherent-surface-d3-r1-p1e-3-rz2e-2,coherent-noise-surface-code,symft-0.1.0-9ec5790,SymFT,0.1.0,symft,throughput,true,2048,1000000,AMD EPYC 9R14,m7a.xlarge,ami-0f8a61b66d1accaee,1b278a28-9935-4699-80c1-f2b5a60ada49,1,16,2026-08-24T20:18:26.901956Z,30.17905967400202,79,79000000,76969616,2030384,1,2617709.128560263
current-tools-v1-20260824-r1,current-tools-v1,aws-m7a-xlarge-ubuntu2404-v1,symft-batch-2048,27d7c37b-ed0d-4333-8959-faeba5e4fdd9,1,1,coherent-surface-d3-r1-p1e-3-rz2e-2--symft-batch-2048,,coherent-surface-d3-r1-p1e-3-rz2e-2,coherent-noise-surface-code,symft-0.1.0-9ec5790,SymFT,0.1.0,symft,throughput,true,2048,1000000,AMD EPYC 9R14,m7a.xlarge,ami-0f8a61b66d1accaee,1b278a28-9935-4699-80c1-f2b5a60ada49,2,17,2026-08-24T20:18:57.084162Z,30.18348568699912,79,79000000,76971756,2028244,1,2617325.275789056
current-tools-v1-20260824-r1,current-tools-v1,aws-m7a-xlarge-ubuntu2404-v1,symft-batch-2048,27d7c37b-ed0d-4333-8959-faeba5e4fdd9,1,1,coherent-surface-d3-r1-p1e-3-rz2e-2--symft-batch-2048,,coherent-surface-d3-r1-p1e-3-rz2e-2,coherent-noise-surface-code,symft-0.1.0-9ec5790,SymFT,0.1.0,symft,throughput,true,2048,1000000,AMD EPYC 9R14,m7a.xlarge,ami-0f8a61b66d1accaee,1b278a28-9935-4699-80c1-f2b5a60ada49,3,18,2026-08-24T20:19:27.269774Z,30.183513324997875,79,79000000,76973859,2026141,1,2617322.8791948645
current-tools-v1-20260824-r1,current-tools-v1,aws-m7a-xlarge-ubuntu2404-v1,symft-batch-2048,27d7c37b-ed0d-4333-8959-faeba5e4fdd9,1,1,coherent-surface-d3-r1-p1e-3-rz2e-2--symft-batch-2048,,coherent-surface-d3-r1-p1e-3-rz2e-2,coherent-noise-surface-code,symft-0.1.0-9ec5790,SymFT,0.1.0,symft,throughput,true,2048,1000000,AMD EPYC 9R14,m7a.xlarge,ami-0f8a61b66d1accaee,1b278a28-9935-4699-80c1-f2b5a60ada49,4,19,2026-08-24T20:19:57.456573Z,30.182264807001047,79,79000000,76973229,2026771,2,2617431.1472370108
current-tools-v1-20260824-r1,current-tools-v1,aws-m7a-xlarge-ubuntu2404-v1,symft-batch-2048,27d7c37b-ed0d-4333-8959-faeba5e4fdd9,1,1,coherent-surface-d3-r3-p1e-3-rz2e-2--symft-batch-2048,,coherent-surface-d3-r3-p1e-3-rz2e-2,coherent-noise-surface-code,symft-0.1.0-9ec5790,SymFT,0.1.0,symft,throughput,true,2048,1000000,AMD EPYC 9R14,m7a.xlarge,ami-0f8a61b66d1accaee,1b278a28-9935-4699-80c1-f2b5a60ada49,0,20,2026-08-24T20:20:27.748483Z,30.218289193999226,15,15000000,5599109,9400891,0,496388.12785532256
current-tools-v1-20260824-r1,current-tools-v1,aws-m7a-xlarge-ubuntu2404-v1,symft-batch-2048,27d7c37b-ed0d-4333-8959-faeba5e4fdd9,1,1,coherent-surface-d3-r3-p1e-3-rz2e-2--symft-batch-2048,,coherent-surface-d3-r3-p1e-3-rz2e-2,coherent-noise-surface-code,symft-0.1.0-9ec5790,SymFT,0.1.0,symft,throughput,true,2048,1000000,AMD EPYC 9R14,m7a.xlarge,ami-0f8a61b66d1accaee,1b278a28-9935-4699-80c1-f2b5a60ada49,1,21,2026-08-24T20:20:57.969575Z,30.220339751999745,15,15000000,5601606,9398394,0,496354.44614772795
current-tools-v1-20260824-r1,current-tools-v1,aws-m7a-xlarge-ubuntu2404-v1,symft-batch-2048,27d7c37b-ed0d-4333-8959-faeba5e4fdd9,1,1,coherent-surface-d3-r3-p1e-3-rz2e-2--symft-batch-2048,,coherent-surface-d3-r3-p1e-3-rz2e-2,coherent-noise-surface-code,symft-0.1.0-9ec5790,SymFT,0.1.0,symft,throughput,true,2048,1000000,AMD EPYC 9R14,m7a.xlarge,ami-0f8a61b66d1accaee,1b278a28-9935-4699-80c1-f2b5a60ada49,2,22,2026-08-24T20:21:28.192557Z,30.218171207001433,15,15000000,5600093,9399907,0,496390.0660052041
current-tools-v1-20260824-r1,current-tools-v1,aws-m7a-xlarge-ubuntu2404-v1,symft-batch-2048,27d7c37b-ed0d-4333-8959-faeba5e4fdd9,1,1,coherent-surface-d3-r3-p1e-3-rz2e-2--symft-batch-2048,,coherent-surface-d3-r3-p1e-3-rz2e-2,coherent-noise-surface-code,symft-0.1.0-9ec5790,SymFT,0.1.0,symft,throughput,true,2048,1000000,AMD EPYC 9R14,m7a.xlarge,ami-0f8a61b66d1accaee,1b278a28-9935-4699-80c1-f2b5a60ada49,3,23,2026-08-24T20:21:58.413362Z,30.21243749000314,15,15000000,5600236,9399764,0,496484.27092197654
current-tools-v1-20260824-r1,current-tools-v1,aws-m7a-xlarge-ubuntu2404-v1,symft-batch-2048,27d7c37b-ed0d-4333-8959-faeba5e4fdd9,1,1,coherent-surface-d3-r3-p1e-3-rz2e-2--symft-batch-2048,,coherent-surface-d3-r3-p1e-3-rz2e-2,coherent-noise-surface-code,symft-0.1.0-9ec5790,SymFT,0.1.0,symft,throughput,true,2048,1000000,AMD EPYC 9R14,m7a.xlarge,ami-0f8a61b66d1accaee,1b278a28-9935-4699-80c1-f2b5a60ada49,4,24,2026-08-24T20:22:28.628365Z,30.215331758999127,15,15000000,5597719,9402281,0,496436.713640667
current-tools-v1-20260824-r1,current-tools-v1,aws-m7a-xlarge-ubuntu2404-v1,symft-batch-2048,de3e76f4-e285-4162-a7ac-999d22165a68,2,1,msc-d3-inject-cultivate-p1e-3--symft-batch-2048,,msc-d3-inject-cultivate-p1e-3,magic-state-cultivation,symft-0.1.0-9ec5790,SymFT,0.1.0,symft,throughput,true,2048,1000000,AMD EPYC 9R14,m7a.xlarge,ami-0f8a61b66d1accaee,8d0d29ac-0568-47e1-ac63-2f8ea1b47b4f,0,0,2026-08-24T22:19:36.945038Z,30.110886946999926,80,80000000,54946824,25053176,34,2656846.3473298894
current-tools-v1-20260824-r1,current-tools-v1,aws-m7a-xlarge-ubuntu2404-v1,symft-batch-2048,de3e76f4-e285-4162-a7ac-999d22165a68,2,1,msc-d3-inject-cultivate-p1e-3--symft-batch-2048,,msc-d3-inject-cultivate-p1e-3,magic-state-cultivation,symft-0.1.0-9ec5790,SymFT,0.1.0,symft,throughput,true,2048,1000000,AMD EPYC 9R14,m7a.xlarge,ami-0f8a61b66d1accaee,8d0d29ac-0568-47e1-ac63-2f8ea1b47b4f,1,1,2026-08-24T22:20:07.057654Z,30.10713429799989,80,80000000,54940505,25059495,47,2657177.505110961
current-tools-v1-20260824-r1,current-tools-v1,aws-m7a-xlarge-ubuntu2404-v1,symft-batch-2048,de3e76f4-e285-4162-a7ac-999d22165a68,2,1,msc-d3-inject-cultivate-p1e-3--symft-batch-2048,,msc-d3-inject-cultivate-p1e-3,magic-state-cultivation,symft-0.1.0-9ec5790,SymFT,0.1.0,symft,throughput,true,2048,1000000,AMD EPYC 9R14,m7a.xlarge,ami-0f8a61b66d1accaee,8d0d29ac-0568-47e1-ac63-2f8ea1b47b4f,2,2,2026-08-24T22:20:37.167298Z,30.10765509299881,80,80000000,54940928,25059072,57,2657131.541891586
current-tools-v1-20260824-r1,current-tools-v1,aws-m7a-xlarge-ubuntu2404-v1,symft-batch-2048,de3e76f4-e285-4162-a7ac-999d22165a68,2,1,msc-d3-inject-cultivate-p1e-3--symft-batch-2048,,msc-d3-inject-cultivate-p1e-3,magic-state-cultivation,symft-0.1.0-9ec5790,SymFT,0.1.0,symft,throughput,true,2048,1000000,AMD EPYC 9R14,m7a.xlarge,ami-0f8a61b66d1accaee,8d0d29ac-0568-47e1-ac63-2f8ea1b47b4f,3,3,2026-08-24T22:21:07.277486Z,30.113013996000063,80,80000000,54949484,25050516,38,2656658.6795538454
current-tools-v1-20260824-r1,current-tools-v1,aws-m7a-xlarge-ubuntu2404-v1,symft-batch-2048,de3e76f4-e285-4162-a7ac-999d22165a68,2,1,msc-d3-inject-cultivate-p1e-3--symft-batch-2048,,msc-d3-inject-cultivate-p1e-3,magic-state-cultivation,symft-0.1.0-9ec5790,SymFT,0.1.0,symft,throughput,true,2048,1000000,AMD EPYC 9R14,m7a.xlarge,ami-0f8a61b66d1accaee,8d0d29ac-0568-47e1-ac63-2f8ea1b47b4f,4,4,2026-08-24T22:21:37.392294Z,30.110056034000536,80,80000000,54953120,25046880,49,2656919.6652993043
current-tools-v1-20260824-r1,current-tools-v1,aws-m7a-xlarge-ubuntu2404-v1,symft-batch-2048,de3e76f4-e285-4162-a7ac-999d22165a68,2,1,distillation-color-code-85q-p5e-2--symft-batch-2048,,distillation-color-code-85q-p5e-2,magic-state-distillation,symft-0.1.0-9ec5790,SymFT,0.1.0,symft,throughput,true,2048,1000000,AMD EPYC 9R14,m7a.xlarge,ami-0f8a61b66d1accaee,8d0d29ac-0568-47e1-ac63-2f8ea1b47b4f,0,5,2026-08-24T22:22:07.622612Z,30.046503791000305,54,54000000,4308729,49691271,2490944,1797214.091050899
current-tools-v1-20260824-r1,current-tools-v1,aws-m7a-xlarge-ubuntu2404-v1,symft-batch-2048,de3e76f4-e285-4162-a7ac-999d22165a68,2,1,distillation-color-code-85q-p5e-2--symft-batch-2048,,distillation-color-code-85q-p5e-2,magic-state-distillation,symft-0.1.0-9ec5790,SymFT,0.1.0,symft,throughput,true,2048,1000000,AMD EPYC 9R14,m7a.xlarge,ami-0f8a61b66d1accaee,8d0d29ac-0568-47e1-ac63-2f8ea1b47b4f,1,6,2026-08-24T22:22:37.670871Z,30.040297801999714,54,54000000,4309544,49690456,2492208,1797585.375348887
current-tools-v1-20260824-r1,current-tools-v1,aws-m7a-xlarge-ubuntu2404-v1,symft-batch-2048,de3e76f4-e285-4162-a7ac-999d22165a68,2,1,distillation-color-code-85q-p5e-2--symft-batch-2048,,distillation-color-code-85q-p5e-2,magic-state-distillation,symft-0.1.0-9ec5790,SymFT,0.1.0,symft,throughput,true,2048,1000000,AMD EPYC 9R14,m7a.xlarge,ami-0f8a61b66d1accaee,8d0d29ac-0568-47e1-ac63-2f8ea1b47b4f,2,7,2026-08-24T22:23:07.712846Z,30.043480114000886,54,54000000,4307731,49692269,2491151,1797394.9687285023
current-tools-v1-20260824-r1,current-tools-v1,aws-m7a-xlarge-ubuntu2404-v1,symft-batch-2048,de3e76f4-e285-4162-a7ac-999d22165a68,2,1,distillation-color-code-85q-p5e-2--symft-batch-2048,,distillation-color-code-85q-p5e-2,magic-state-distillation,symft-0.1.0-9ec5790,SymFT,0.1.0,symft,throughput,true,2048,1000000,AMD EPYC 9R14,m7a.xlarge,ami-0f8a61b66d1accaee,8d0d29ac-0568-47e1-ac63-2f8ea1b47b4f,3,8,2026-08-24T22:23:37.758923Z,30.042155770999216,54,54000000,4309598,49690402,2490097,1797474.2029707523
current-tools-v1-20260824-r1,current-tools-v1,aws-m7a-xlarge-ubuntu2404-v1,symft-batch-2048,de3e76f4-e285-4162-a7ac-999d22165a68,2,1,distillation-color-code-85q-p5e-2--symft-batch-2048,,distillation-color-code-85q-p5e-2,magic-state-distillation,symft-0.1.0-9ec5790,SymFT,0.1.0,symft,throughput,true,2048,1000000,AMD EPYC 9R14,m7a.xlarge,ami-0f8a61b66d1accaee,8d0d29ac-0568-47e1-ac63-2f8ea1b47b4f,4,9,2026-08-24T22:24:07.803548Z,30.042978494997442,54,54000000,4304617,49695383,2489490,1797424.9793172712
current-tools-v1-20260824-r1,current-tools-v1,aws-m7a-xlarge-ubuntu2404-v1,symft-batch-2048,de3e76f4-e285-4162-a7ac-999d22165a68,2,1,surface-code-d7-r7-p1e-3--symft-batch-2048,,surface-code-d7-r7-p1e-3,surface-code-memory,symft-0.1.0-9ec5790,SymFT,0.1.0,symft,throughput,true,2048,1000000,AMD EPYC 9R14,m7a.xlarge,ami-0f8a61b66d1accaee,8d0d29ac-0568-47e1-ac63-2f8ea1b47b4f,0,10,2026-08-24T22:24:38.121245Z,30.027612047997536,103,103000000,9049925,93950075,0,3430176.1936766733
current-tools-v1-20260824-r1,current-tools-v1,aws-m7a-xlarge-ubuntu2404-v1,symft-batch-2048,de3e76f4-e285-4162-a7ac-999d22165a68,2,1,surface-code-d7-r7-p1e-3--symft-batch-2048,,surface-code-d7-r7-p1e-3,surface-code-memory,symft-0.1.0-9ec5790,SymFT,0.1.0,symft,throughput,true,2048,1000000,AMD EPYC 9R14,m7a.xlarge,ami-0f8a61b66d1accaee,8d0d29ac-0568-47e1-ac63-2f8ea1b47b4f,1,11,2026-08-24T22:25:08.152021Z,30.044056882000405,103,103000000,9050965,93949035,0,3428298.6616800074
current-tools-v1-20260824-r1,current-tools-v1,aws-m7a-xlarge-ubuntu2404-v1,symft-batch-2048,de3e76f4-e285-4162-a7ac-999d22165a68,2,1,surface-code-d7-r7-p1e-3--symft-batch-2048,,surface-code-d7-r7-p1e-3,surface-code-memory,symft-0.1.0-9ec5790,SymFT,0.1.0,symft,throughput,true,2048,1000000,AMD EPYC 9R14,m7a.xlarge,ami-0f8a61b66d1accaee,8d0d29ac-0568-47e1-ac63-2f8ea1b47b4f,2,12,2026-08-24T22:25:38.199273Z,30.0244350569983,103,103000000,9057719,93942281,0,3430539.152675649
current-tools-v1-20260824-r1,current-tools-v1,aws-m7a-xlarge-ubuntu2404-v1,symft-batch-2048,de3e76f4-e285-4162-a7ac-999d22165a68,2,1,surface-code-d7-r7-p1e-3--symft-batch-2048,,surface-code-d7-r7-p1e-3,surface-code-memory,symft-0.1.0-9ec5790,SymFT,0.1.0,symft,throughput,true,2048,1000000,AMD EPYC 9R14,m7a.xlarge,ami-0f8a61b66d1accaee,8d0d29ac-0568-47e1-ac63-2f8ea1b47b4f,3,13,2026-08-24T22:26:08.226744Z,30.040850166999917,103,103000000,9043410,93956590,0,3428664.615928421
current-tools-v1-20260824-r1,current-tools-v1,aws-m7a-xlarge-ubuntu2404-v1,symft-batch-2048,de3e76f4-e285-4162-a7ac-999d22165a68,2,1,surface-code-d7-r7-p1e-3--symft-batch-2048,,surface-code-d7-r7-p1e-3,surface-code-memory,symft-0.1.0-9ec5790,SymFT,0.1.0,symft,throughput,true,2048,1000000,AMD EPYC 9R14,m7a.xlarge,ami-0f8a61b66d1accaee,8d0d29ac-0568-47e1-ac63-2f8ea1b47b4f,4,14,2026-08-24T22:26:38.270636Z,30.037869601002058,103,103000000,9055650,93944350,0,3429004.83183947
current-tools-v1-20260824-r1,current-tools-v1,aws-m7a-xlarge-ubuntu2404-v1,symft-batch-2048,de3e76f4-e285-4162-a7ac-999d22165a68,2,1,coherent-surface-d3-r1-p1e-3-rz2e-2--symft-batch-2048,,coherent-surface-d3-r1-p1e-3-rz2e-2,coherent-noise-surface-code,symft-0.1.0-9ec5790,SymFT,0.1.0,symft,throughput,true,2048,1000000,AMD EPYC 9R14,m7a.xlarge,ami-0f8a61b66d1accaee,8d0d29ac-0568-47e1-ac63-2f8ea1b47b4f,0,15,2026-08-24T22:27:08.428303Z,30.28531955699873,80,80000000,77951229,2048771,1,2641543.8625118467
current-tools-v1-20260824-r1,current-tools-v1,aws-m7a-xlarge-ubuntu2404-v1,symft-batch-2048,de3e76f4-e285-4162-a7ac-999d22165a68,2,1,coherent-surface-d3-r1-p1e-3-rz2e-2--symft-batch-2048,,coherent-surface-d3-r1-p1e-3-rz2e-2,coherent-noise-surface-code,symft-0.1.0-9ec5790,SymFT,0.1.0,symft,throughput,true,2048,1000000,AMD EPYC 9R14,m7a.xlarge,ami-0f8a61b66d1accaee,8d0d29ac-0568-47e1-ac63-2f8ea1b47b4f,1,16,2026-08-24T22:27:38.715867Z,30.285888497000087,80,80000000,77943984,2056016,1,2641494.239402098
current-tools-v1-20260824-r1,current-tools-v1,aws-m7a-xlarge-ubuntu2404-v1,symft-batch-2048,de3e76f4-e285-4162-a7ac-999d22165a68,2,1,coherent-surface-d3-r1-p1e-3-rz2e-2--symft-batch-2048,,coherent-surface-d3-r1-p1e-3-rz2e-2,coherent-noise-surface-code,symft-0.1.0-9ec5790,SymFT,0.1.0,symft,throughput,true,2048,1000000,AMD EPYC 9R14,m7a.xlarge,ami-0f8a61b66d1accaee,8d0d29ac-0568-47e1-ac63-2f8ea1b47b4f,2,17,2026-08-24T22:28:09.004711Z,30.28530761299953,80,80000000,77946296,2053704,1,2641544.904290857
current-tools-v1-20260824-r1,current-tools-v1,aws-m7a-xlarge-ubuntu2404-v1,symft-batch-2048,de3e76f4-e285-4162-a7ac-999d22165a68,2,1,coherent-surface-d3-r1-p1e-3-rz2e-2--symft-batch-2048,,coherent-surface-d3-r1-p1e-3-rz2e-2,coherent-noise-surface-code,symft-0.1.0-9ec5790,SymFT,0.1.0,symft,throughput,true,2048,1000000,AMD EPYC 9R14,m7a.xlarge,ami-0f8a61b66d1accaee,8d0d29ac-0568-47e1-ac63-2f8ea1b47b4f,3,18,2026-08-24T22:28:39.293211Z,30.29372380600398,80,80000000,77948145,2051855,1,2640811.0311002643
current-tools-v1-20260824-r1,current-tools-v1,aws-m7a-xlarge-ubuntu2404-v1,symft-batch-2048,de3e76f4-e285-4162-a7ac-999d22165a68,2,1,coherent-surface-d3-r1-p1e-3-rz2e-2--symft-batch-2048,,coherent-surface-d3-r1-p1e-3-rz2e-2,coherent-noise-surface-code,symft-0.1.0-9ec5790,SymFT,0.1.0,symft,throughput,true,2048,1000000,AMD EPYC 9R14,m7a.xlarge,ami-0f8a61b66d1accaee,8d0d29ac-0568-47e1-ac63-2f8ea1b47b4f,4,19,2026-08-24T22:29:09.590028Z,30.292812634002075,80,80000000,77947498,2052502,2,2640890.4635749883
current-tools-v1-20260824-r1,current-tools-v1,aws-m7a-xlarge-ubuntu2404-v1,symft-batch-2048,de3e76f4-e285-4162-a7ac-999d22165a68,2,1,coherent-surface-d3-r3-p1e-3-rz2e-2--symft-batch-2048,,coherent-surface-d3-r3-p1e-3-rz2e-2,coherent-noise-surface-code,symft-0.1.0-9ec5790,SymFT,0.1.0,symft,throughput,true,2048,1000000,AMD EPYC 9R14,m7a.xlarge,ami-0f8a61b66d1accaee,8d0d29ac-0568-47e1-ac63-2f8ea1b47b4f,0,20,2026-08-24T22:29:39.993168Z,30.4912435260012,15,15000000,5599109,9400891,0,491944.5147328561
current-tools-v1-20260824-r1,current-tools-v1,aws-m7a-xlarge-ubuntu2404-v1,symft-batch-2048,de3e76f4-e285-4162-a7ac-999d22165a68,2,1,coherent-surface-d3-r3-p1e-3-rz2e-2--symft-batch-2048,,coherent-surface-d3-r3-p1e-3-rz2e-2,coherent-noise-surface-code,symft-0.1.0-9ec5790,SymFT,0.1.0,symft,throughput,true,2048,1000000,AMD EPYC 9R14,m7a.xlarge,ami-0f8a61b66d1accaee,8d0d29ac-0568-47e1-ac63-2f8ea1b47b4f,1,21,2026-08-24T22:30:10.486932Z,30.490609173999474,15,15000000,5601606,9398394,0,491954.749555843
current-tools-v1-20260824-r1,current-tools-v1,aws-m7a-xlarge-ubuntu2404-v1,symft-batch-2048,de3e76f4-e285-4162-a7ac-999d22165a68,2,1,coherent-surface-d3-r3-p1e-3-rz2e-2--symft-batch-2048,,coherent-surface-d3-r3-p1e-3-rz2e-2,coherent-noise-surface-code,symft-0.1.0-9ec5790,SymFT,0.1.0,symft,throughput,true,2048,1000000,AMD EPYC 9R14,m7a.xlarge,ami-0f8a61b66d1accaee,8d0d29ac-0568-47e1-ac63-2f8ea1b47b4f,2,22,2026-08-24T22:30:40.979469Z,30.497260527000435,15,15000000,5600093,9399907,0,491847.4558303328
current-tools-v1-20260824-r1,current-tools-v1,aws-m7a-xlarge-ubuntu2404-v1,symft-batch-2048,de3e76f4-e285-4162-a7ac-999d22165a68,2,1,coherent-surface-d3-r3-p1e-3-rz2e-2--symft-batch-2048,,coherent-surface-d3-r3-p1e-3-rz2e-2,coherent-noise-surface-code,symft-0.1.0-9ec5790,SymFT,0.1.0,symft,throughput,true,2048,1000000,AMD EPYC 9R14,m7a.xlarge,ami-0f8a61b66d1accaee,8d0d29ac-0568-47e1-ac63-2f8ea1b47b4f,3,23,2026-08-24T22:31:11.478673Z,30.490364068999043,15,15000000,5600236,9399764,0,491958.70426654536
current-tools-v1-20260824-r1,current-tools-v1,aws-m7a-xlarge-ubuntu2404-v1,symft-batch-2048,de3e76f4-e285-4162-a7ac-999d22165a68,2,1,coherent-surface-d3-r3-p1e-3-rz2e-2--symft-batch-2048,,coherent-surface-d3-r3-p1e-3-rz2e-2,coherent-noise-surface-code,symft-0.1.0-9ec5790,SymFT,0.1.0,symft,throughput,true,2048,1000000,AMD EPYC 9R14,m7a.xlarge,ami-0f8a61b66d1accaee,8d0d29ac-0568-47e1-ac63-2f8ea1b47b4f,4,24,2026-08-24T22:31:41.971008Z,30.486728129998482,15,15000000,5597719,9402281,0,492017.3767430368
current-tools-v1-20260824-r1,current-tools-v1,aws-m7a-xlarge-ubuntu2404-v1,symft-batch-2048,4f9ea925-9f33-413d-b542-e679d52e85fe,3,1,msc-d3-inject-cultivate-p1e-3--symft-batch-2048,,msc-d3-inject-cultivate-p1e-3,magic-state-cultivation,symft-0.1.0-9ec5790,SymFT,0.1.0,symft,throughput,true,2048,1000000,AMD EPYC 9R14,m7a.xlarge,ami-0f8a61b66d1accaee,272f026d-612e-4e7c-8486-8e6f2662eff6,0,0,2026-08-25T11:49:38.359334Z,30.05508076200158,80,80000000,54946824,25053176,34,2661779.5717635676
current-tools-v1-20260824-r1,current-tools-v1,aws-m7a-xlarge-ubuntu2404-v1,symft-batch-2048,4f9ea925-9f33-413d-b542-e679d52e85fe,3,1,msc-d3-inject-cultivate-p1e-3--symft-batch-2048,,msc-d3-inject-cultivate-p1e-3,magic-state-cultivation,symft-0.1.0-9ec5790,SymFT,0.1.0,symft,throughput,true,2048,1000000,AMD EPYC 9R14,m7a.xlarge,ami-0f8a61b66d1accaee,272f026d-612e-4e7c-8486-8e6f2662eff6,1,1,2026-08-25T11:50:08.416145Z,30.049810060001164,80,80000000,54940505,25059495,47,2662246.444828174
current-tools-v1-20260824-r1,current-tools-v1,aws-m7a-xlarge-ubuntu2404-v1,symft-batch-2048,4f9ea925-9f33-413d-b542-e679d52e85fe,3,1,msc-d3-inject-cultivate-p1e-3--symft-batch-2048,,msc-d3-inject-cultivate-p1e-3,magic-state-cultivation,symft-0.1.0-9ec5790,SymFT,0.1.0,symft,throughput,true,2048,1000000,AMD EPYC 9R14,m7a.xlarge,ami-0f8a61b66d1accaee,272f026d-612e-4e7c-8486-8e6f2662eff6,2,2,2026-08-25T11:50:38.467654Z,30.051447602001645,80,80000000,54940928,25059072,57,2662101.375598007
current-tools-v1-20260824-r1,current-tools-v1,aws-m7a-xlarge-ubuntu2404-v1,symft-batch-2048,4f9ea925-9f33-413d-b542-e679d52e85fe,3,1,msc-d3-inject-cultivate-p1e-3--symft-batch-2048,,msc-d3-inject-cultivate-p1e-3,magic-state-cultivation,symft-0.1.0-9ec5790,SymFT,0.1.0,symft,throughput,true,2048,1000000,AMD EPYC 9R14,m7a.xlarge,ami-0f8a61b66d1accaee,272f026d-612e-4e7c-8486-8e6f2662eff6,3,3,2026-08-25T11:51:08.520817Z,30.053760209998927,80,80000000,54949484,25050516,38,2661896.5294527067
current-tools-v1-20260824-r1,current-tools-v1,aws-m7a-xlarge-ubuntu2404-v1,symft-batch-2048,4f9ea925-9f33-413d-b542-e679d52e85fe,3,1,msc-d3-inject-cultivate-p1e-3--symft-batch-2048,,msc-d3-inject-cultivate-p1e-3,magic-state-cultivation,symft-0.1.0-9ec5790,SymFT,0.1.0,symft,throughput,true,2048,1000000,AMD EPYC 9R14,m7a.xlarge,ami-0f8a61b66d1accaee,272f026d-612e-4e7c-8486-8e6f2662eff6,4,4,2026-08-25T11:51:38.576247Z,30.05481674499879,80,80000000,54953120,25046880,49,2661802.9542074064
current-tools-v1-20260824-r1,current-tools-v1,aws-m7a-xlarge-ubuntu2404-v1,symft-batch-2048,4f9ea925-9f33-413d-b542-e679d52e85fe,3,1,distillation-color-code-85q-p5e-2--symft-batch-2048,,distillation-color-code-85q-p5e-2,magic-state-distillation,symft-0.1.0-9ec5790,SymFT,0.1.0,symft,throughput,true,2048,1000000,AMD EPYC 9R14,m7a.xlarge,ami-0f8a61b66d1accaee,272f026d-612e-4e7c-8486-8e6f2662eff6,0,5,2026-08-25T11:52:08.749538Z,30.01113183799862,54,54000000,4308729,49691271,2490944,1799332.3374637892
current-tools-v1-20260824-r1,current-tools-v1,aws-m7a-xlarge-ubuntu2404-v1,symft-batch-2048,4f9ea925-9f33-413d-b542-e679d52e85fe,3,1,distillation-color-code-85q-p5e-2--symft-batch-2048,,distillation-color-code-85q-p5e-2,magic-state-distillation,symft-0.1.0-9ec5790,SymFT,0.1.0,symft,throughput,true,2048,1000000,AMD EPYC 9R14,m7a.xlarge,ami-0f8a61b66d1accaee,272f026d-612e-4e7c-8486-8e6f2662eff6,1,6,2026-08-25T11:52:38.763105Z,30.010038245000487,54,54000000,4309544,49690456,2492208,1799397.9067652842
current-tools-v1-20260824-r1,current-tools-v1,aws-m7a-xlarge-ubuntu2404-v1,symft-batch-2048,4f9ea925-9f33-413d-b542-e679d52e85fe,3,1,distillation-color-code-85q-p5e-2--symft-batch-2048,,distillation-color-code-85q-p5e-2,magic-state-distillation,symft-0.1.0-9ec5790,SymFT,0.1.0,symft,throughput,true,2048,1000000,AMD EPYC 9R14,m7a.xlarge,ami-0f8a61b66d1accaee,272f026d-612e-4e7c-8486-8e6f2662eff6,2,7,2026-08-25T11:53:08.775415Z,30.01096881199919,54,54000000,4307731,49692269,2491151,1799342.1118217732
current-tools-v1-20260824-r1,current-tools-v1,aws-m7a-xlarge-ubuntu2404-v1,symft-batch-2048,4f9ea925-9f33-413d-b542-e679d52e85fe,3,1,distillation-color-code-85q-p5e-2--symft-batch-2048,,distillation-color-code-85q-p5e-2,magic-state-distillation,symft-0.1.0-9ec5790,SymFT,0.1.0,symft,throughput,true,2048,1000000,AMD EPYC 9R14,m7a.xlarge,ami-0f8a61b66d1accaee,272f026d-612e-4e7c-8486-8e6f2662eff6,3,8,2026-08-25T11:53:38.788736Z,30.02220255299835,54,54000000,4309598,49690402,2490097,1798668.831997703
current-tools-v1-20260824-r1,current-tools-v1,aws-m7a-xlarge-ubuntu2404-v1,symft-batch-2048,4f9ea925-9f33-413d-b542-e679d52e85fe,3,1,distillation-color-code-85q-p5e-2--symft-batch-2048,,distillation-color-code-85q-p5e-2,magic-state-distillation,symft-0.1.0-9ec5790,SymFT,0.1.0,symft,throughput,true,2048,1000000,AMD EPYC 9R14,m7a.xlarge,ami-0f8a61b66d1accaee,272f026d-612e-4e7c-8486-8e6f2662eff6,4,9,2026-08-25T11:54:08.813256Z,30.010768233998988,54,54000000,4304617,49695383,2489490,1799354.1377865756
current-tools-v1-20260824-r1,current-tools-v1,aws-m7a-xlarge-ubuntu2404-v1,symft-batch-2048,4f9ea925-9f33-413d-b542-e679d52e85fe,3,1,surface-code-d7-r7-p1e-3--symft-batch-2048,,surface-code-d7-r7-p1e-3,surface-code-memory,symft-0.1.0-9ec5790,SymFT,0.1.0,symft,throughput,true,2048,1000000,AMD EPYC 9R14,m7a.xlarge,ami-0f8a61b66d1accaee,272f026d-612e-4e7c-8486-8e6f2662eff6,0,10,2026-08-25T11:54:39.101525Z,30.027443946996755,103,103000000,9049925,93950075,0,3430195.3966448656
current-tools-v1-20260824-r1,current-tools-v1,aws-m7a-xlarge-ubuntu2404-v1,symft-batch-2048,4f9ea925-9f33-413d-b542-e679d52e85fe,3,1,surface-code-d7-r7-p1e-3--symft-batch-2048,,surface-code-d7-r7-p1e-3,surface-code-memory,symft-0.1.0-9ec5790,SymFT,0.1.0,symft,throughput,true,2048,1000000,AMD EPYC 9R14,m7a.xlarge,ami-0f8a61b66d1accaee,272f026d-612e-4e7c-8486-8e6f2662eff6,1,11,2026-08-25T11:55:09.131852Z,30.01751277799849,103,103000000,9050965,93949035,0,3431330.2624957804
current-tools-v1-20260824-r1,current-tools-v1,aws-m7a-xlarge-ubuntu2404-v1,symft-batch-2048,4f9ea925-9f33-413d-b542-e679d52e85fe,3,1,surface-code-d7-r7-p1e-3--symft-batch-2048,,surface-code-d7-r7-p1e-3,surface-code-memory,symft-0.1.0-9ec5790,SymFT,0.1.0,symft,throughput,true,2048,1000000,AMD EPYC 9R14,m7a.xlarge,ami-0f8a61b66d1accaee,272f026d-612e-4e7c-8486-8e6f2662eff6,2,12,2026-08-25T11:55:39.151541Z,30.023579806997077,103,103000000,9057719,93942281,0,3430636.8748204894
current-tools-v1-20260824-r1,current-tools-v1,aws-m7a-xlarge-ubuntu2404-v1,symft-batch-2048,4f9ea925-9f33-413d-b542-e679d52e85fe,3,1,surface-code-d7-r7-p1e-3--symft-batch-2048,,surface-code-d7-r7-p1e-3,surface-code-memory,symft-0.1.0-9ec5790,SymFT,0.1.0,symft,throughput,true,2048,1000000,AMD EPYC 9R14,m7a.xlarge,ami-0f8a61b66d1accaee,272f026d-612e-4e7c-8486-8e6f2662eff6,3,13,2026-08-25T11:56:09.178170Z,30.02399802200125,103,103000000,9043410,93956590,0,3430589.088252762
current-tools-v1-20260824-r1,current-tools-v1,aws-m7a-xlarge-ubuntu2404-v1,symft-batch-2048,4f9ea925-9f33-413d-b542-e679d52e85fe,3,1,surface-code-d7-r7-p1e-3--symft-batch-2048,,surface-code-d7-r7-p1e-3,surface-code-memory,symft-0.1.0-9ec5790,SymFT,0.1.0,symft,throughput,true,2048,1000000,AMD EPYC 9R14,m7a.xlarge,ami-0f8a61b66d1accaee,272f026d-612e-4e7c-8486-8e6f2662eff6,4,14,2026-08-25T11:56:39.204934Z,30.021894531995713,103,103000000,9055650,93944350,0,3430829.453158866
current-tools-v1-20260824-r1,current-tools-v1,aws-m7a-xlarge-ubuntu2404-v1,symft-batch-2048,4f9ea925-9f33-413d-b542-e679d52e85fe,3,1,coherent-surface-d3-r1-p1e-3-rz2e-2--symft-batch-2048,,coherent-surface-d3-r1-p1e-3-rz2e-2,coherent-noise-surface-code,symft-0.1.0-9ec5790,SymFT,0.1.0,symft,throughput,true,2048,1000000,AMD EPYC 9R14,m7a.xlarge,ami-0f8a61b66d1accaee,272f026d-612e-4e7c-8486-8e6f2662eff6,0,15,2026-08-25T11:57:09.346714Z,30.232014603003336,80,80000000,77951229,2048771,1,2646201.4209285467
current-tools-v1-20260824-r1,current-tools-v1,aws-m7a-xlarge-ubuntu2404-v1,symft-batch-2048,4f9ea925-9f33-413d-b542-e679d52e85fe,3,1,coherent-surface-d3-r1-p1e-3-rz2e-2--symft-batch-2048,,coherent-surface-d3-r1-p1e-3-rz2e-2,coherent-noise-surface-code,symft-0.1.0-9ec5790,SymFT,0.1.0,symft,throughput,true,2048,1000000,AMD EPYC 9R14,m7a.xlarge,ami-0f8a61b66d1accaee,272f026d-612e-4e7c-8486-8e6f2662eff6,1,16,2026-08-25T11:57:39.581487Z,30.233103085004586,80,80000000,77943984,2056016,1,2646106.149774598
current-tools-v1-20260824-r1,current-tools-v1,aws-m7a-xlarge-ubuntu2404-v1,symft-batch-2048,4f9ea925-9f33-413d-b542-e679d52e85fe,3,1,coherent-surface-d3-r1-p1e-3-rz2e-2--symft-batch-2048,,coherent-surface-d3-r1-p1e-3-rz2e-2,coherent-noise-surface-code,symft-0.1.0-9ec5790,SymFT,0.1.0,symft,throughput,true,2048,1000000,AMD EPYC 9R14,m7a.xlarge,ami-0f8a61b66d1accaee,272f026d-612e-4e7c-8486-8e6f2662eff6,2,17,2026-08-25T11:58:09.817315Z,30.231498898004247,80,80000000,77946296,2053704,1,2646246.5612408407
current-tools-v1-20260824-r1,current-tools-v1,aws-m7a-xlarge-ubuntu2404-v1,symft-batch-2048,4f9ea925-9f33-413d-b542-e679d52e85fe,3,1,coherent-surface-d3-r1-p1e-3-rz2e-2--symft-batch-2048,,coherent-surface-d3-r1-p1e-3-rz2e-2,coherent-noise-surface-code,symft-0.1.0-9ec5790,SymFT,0.1.0,symft,throughput,true,2048,1000000,AMD EPYC 9R14,m7a.xlarge,ami-0f8a61b66d1accaee,272f026d-612e-4e7c-8486-8e6f2662eff6,3,18,2026-08-25T11:58:40.051759Z,30.23370931399677,80,80000000,77948145,2051855,1,2646053.09157232
current-tools-v1-20260824-r1,current-tools-v1,aws-m7a-xlarge-ubuntu2404-v1,symft-batch-2048,4f9ea925-9f33-413d-b542-e679d52e85fe,3,1,coherent-surface-d3-r1-p1e-3-rz2e-2--symft-batch-2048,,coherent-surface-d3-r1-p1e-3-rz2e-2,coherent-noise-surface-code,symft-0.1.0-9ec5790,SymFT,0.1.0,symft,throughput,true,2048,1000000,AMD EPYC 9R14,m7a.xlarge,ami-0f8a61b66d1accaee,272f026d-612e-4e7c-8486-8e6f2662eff6,4,19,2026-08-25T11:59:10.288309Z,30.23170148499503,80,80000000,77947498,2052502,2,2646228.8283610693
current-tools-v1-20260824-r1,current-tools-v1,aws-m7a-xlarge-ubuntu2404-v1,symft-batch-2048,4f9ea925-9f33-413d-b542-e679d52e85fe,3,1,coherent-surface-d3-r3-p1e-3-rz2e-2--symft-batch-2048,,coherent-surface-d3-r3-p1e-3-rz2e-2,coherent-noise-surface-code,symft-0.1.0-9ec5790,SymFT,0.1.0,symft,throughput,true,2048,1000000,AMD EPYC 9R14,m7a.xlarge,ami-0f8a61b66d1accaee,272f026d-612e-4e7c-8486-8e6f2662eff6,0,20,2026-08-25T11:59:40.629815Z,31.97000151600332,16,16000000,5972497,10027503,0,500469.1661334714
current-tools-v1-20260824-r1,current-tools-v1,aws-m7a-xlarge-ubuntu2404-v1,symft-batch-2048,4f9ea925-9f33-413d-b542-e679d52e85fe,3,1,coherent-surface-d3-r3-p1e-3-rz2e-2--symft-batch-2048,,coherent-surface-d3-r3-p1e-3-rz2e-2,coherent-noise-surface-code,symft-0.1.0-9ec5790,SymFT,0.1.0,symft,throughput,true,2048,1000000,AMD EPYC 9R14,m7a.xlarge,ami-0f8a61b66d1accaee,272f026d-612e-4e7c-8486-8e6f2662eff6,1,21,2026-08-25T12:00:12.601660Z,31.96850970200012,16,16000000,5975079,10024921,0,500492.5205818698
current-tools-v1-20260824-r1,current-tools-v1,aws-m7a-xlarge-ubuntu2404-v1,symft-batch-2048,4f9ea925-9f33-413d-b542-e679d52e85fe,3,1,coherent-surface-d3-r3-p1e-3-rz2e-2--symft-batch-2048,,coherent-surface-d3-r3-p1e-3-rz2e-2,coherent-noise-surface-code,symft-0.1.0-9ec5790,SymFT,0.1.0,symft,throughput,true,2048,1000000,AMD EPYC 9R14,m7a.xlarge,ami-0f8a61b66d1accaee,272f026d-612e-4e7c-8486-8e6f2662eff6,2,22,2026-08-25T12:00:44.572009Z,31.970501169999807,16,16000000,5972529,10027471,0,500461.3445038496
current-tools-v1-20260824-r1,current-tools-v1,aws-m7a-xlarge-ubuntu2404-v1,symft-batch-2048,4f9ea925-9f33-413d-b542-e679d52e85fe,3,1,coherent-surface-d3-r3-p1e-3-rz2e-2--symft-batch-2048,,coherent-surface-d3-r3-p1e-3-rz2e-2,coherent-noise-surface-code,symft-0.1.0-9ec5790,SymFT,0.1.0,symft,throughput,true,2048,1000000,AMD EPYC 9R14,m7a.xlarge,ami-0f8a61b66d1accaee,272f026d-612e-4e7c-8486-8e6f2662eff6,3,23,2026-08-25T12:01:16.544371Z,31.971588425001755,16,16000000,5973162,10026838,0,500444.32535882434
current-tools-v1-20260824-r1,current-tools-v1,aws-m7a-xlarge-ubuntu2404-v1,symft-batch-2048,4f9ea925-9f33-413d-b542-e679d52e85fe,3,1,coherent-surface-d3-r3-p1e-3-rz2e-2--symft-batch-2048,,coherent-surface-d3-r3-p1e-3-rz2e-2,coherent-noise-surface-code,symft-0.1.0-9ec5790,SymFT,0.1.0,symft,throughput,true,2048,1000000,AMD EPYC 9R14,m7a.xlarge,ami-0f8a61b66d1accaee,272f026d-612e-4e7c-8486-8e6f2662eff6,4,24,2026-08-25T12:01:48.517836Z,31.963911926000947,16,16000000,5971690,10028310,0,500564.51278683596
current-tools-v1-20260824-r1,current-tools-v1,aws-m7a-xlarge-ubuntu2404-v1,symft-batch-32,6b536150-5362-4066-9207-3644f29339f2,1,1,msc-d5-inject-cultivate-p1e-3--symft-batch-32,,msc-d5-inject-cultivate-p1e-3,magic-state-cultivation,symft-0.1.0-9ec5790,SymFT,0.1.0,symft,throughput,true,32,32,AMD EPYC 9R14,m7a.xlarge,ami-0f8a61b66d1accaee,1b278a28-9935-4699-80c1-f2b5a60ada49,0,0,2026-08-24T20:22:59.711830Z,30.000075159126936,127774,4088768,588439,3500329,0,136291.92521392976
current-tools-v1-20260824-r1,current-tools-v1,aws-m7a-xlarge-ubuntu2404-v1,symft-batch-32,6b536150-5362-4066-9207-3644f29339f2,1,1,msc-d5-inject-cultivate-p1e-3--symft-batch-32,,msc-d5-inject-cultivate-p1e-3,magic-state-cultivation,symft-0.1.0-9ec5790,SymFT,0.1.0,symft,throughput,true,32,32,AMD EPYC 9R14,m7a.xlarge,ami-0f8a61b66d1accaee,1b278a28-9935-4699-80c1-f2b5a60ada49,1,1,2026-08-24T20:23:29.975748Z,30.00009970993142,127676,4085632,588551,3497081,0,136187.2806925194
current-tools-v1-20260824-r1,current-tools-v1,aws-m7a-xlarge-ubuntu2404-v1,symft-batch-32,6b536150-5362-4066-9207-3644f29339f2,1,1,msc-d5-inject-cultivate-p1e-3--symft-batch-32,,msc-d5-inject-cultivate-p1e-3,magic-state-cultivation,symft-0.1.0-9ec5790,SymFT,0.1.0,symft,throughput,true,32,32,AMD EPYC 9R14,m7a.xlarge,ami-0f8a61b66d1accaee,1b278a28-9935-4699-80c1-f2b5a60ada49,2,2,2026-08-24T20:24:00.240263Z,30.000148413108946,127660,4085120,588646,3496474,0,136169.9930195997
current-tools-v1-20260824-r1,current-tools-v1,aws-m7a-xlarge-ubuntu2404-v1,symft-batch-32,6b536150-5362-4066-9207-3644f29339f2,1,1,msc-d5-inject-cultivate-p1e-3--symft-batch-32,,msc-d5-inject-cultivate-p1e-3,magic-state-cultivation,symft-0.1.0-9ec5790,SymFT,0.1.0,symft,throughput,true,32,32,AMD EPYC 9R14,m7a.xlarge,ami-0f8a61b66d1accaee,1b278a28-9935-4699-80c1-f2b5a60ada49,3,3,2026-08-24T20:24:30.504913Z,30.000307387096655,127537,4081184,587607,3493577,0,136038.07278839237
current-tools-v1-20260824-r1,current-tools-v1,aws-m7a-xlarge-ubuntu2404-v1,symft-batch-32,6b536150-5362-4066-9207-3644f29339f2,1,1,msc-d5-inject-cultivate-p1e-3--symft-batch-32,,msc-d5-inject-cultivate-p1e-3,magic-state-cultivation,symft-0.1.0-9ec5790,SymFT,0.1.0,symft,throughput,true,32,32,AMD EPYC 9R14,m7a.xlarge,ami-0f8a61b66d1accaee,1b278a28-9935-4699-80c1-f2b5a60ada49,4,4,2026-08-24T20:25:00.771014Z,30.000229068961744,127538,4081216,588953,3492263,0,136039.4945858073
current-tools-v1-20260824-r1,current-tools-v1,aws-m7a-xlarge-ubuntu2404-v1,symft-batch-32,6b536150-5362-4066-9207-3644f29339f2,1,1,coherent-surface-d5-r1-p1e-3-rz2e-2--symft-batch-32,,coherent-surface-d5-r1-p1e-3-rz2e-2,coherent-noise-surface-code,symft-0.1.0-9ec5790,SymFT,0.1.0,symft,throughput,true,32,32,AMD EPYC 9R14,m7a.xlarge,ami-0f8a61b66d1accaee,1b278a28-9935-4699-80c1-f2b5a60ada49,0,5,2026-08-24T20:25:31.159548Z,30.000990538965198,28298,905536,840859,64677,0,30183.53673435857
current-tools-v1-20260824-r1,current-tools-v1,aws-m7a-xlarge-ubuntu2404-v1,symft-batch-32,6b536150-5362-4066-9207-3644f29339f2,1,1,coherent-surface-d5-r1-p1e-3-rz2e-2--symft-batch-32,,coherent-surface-d5-r1-p1e-3-rz2e-2,coherent-noise-surface-code,symft-0.1.0-9ec5790,SymFT,0.1.0,symft,throughput,true,32,32,AMD EPYC 9R14,m7a.xlarge,ami-0f8a61b66d1accaee,1b278a28-9935-4699-80c1-f2b5a60ada49,1,6,2026-08-24T20:26:01.224111Z,30.00076950300354,28299,905568,841348,64220,0,30184.82575619731
current-tools-v1-20260824-r1,current-tools-v1,aws-m7a-xlarge-ubuntu2404-v1,symft-batch-32,6b536150-5362-4066-9207-3644f29339f2,1,1,coherent-surface-d5-r1-p1e-3-rz2e-2--symft-batch-32,,coherent-surface-d5-r1-p1e-3-rz2e-2,coherent-noise-surface-code,symft-0.1.0-9ec5790,SymFT,0.1.0,symft,throughput,true,32,32,AMD EPYC 9R14,m7a.xlarge,ami-0f8a61b66d1accaee,1b278a28-9935-4699-80c1-f2b5a60ada49,2,7,2026-08-24T20:26:31.288896Z,30.000129232011204,28296,905472,840908,64564,0,30182.26998281825
current-tools-v1-20260824-r1,current-tools-v1,aws-m7a-xlarge-ubuntu2404-v1,symft-batch-32,6b536150-5362-4066-9207-3644f29339f2,1,1,coherent-surface-d5-r1-p1e-3-rz2e-2--symft-batch-32,,coherent-surface-d5-r1-p1e-3-rz2e-2,coherent-noise-surface-code,symft-0.1.0-9ec5790,SymFT,0.1.0,symft,throughput,true,32,32,AMD EPYC 9R14,m7a.xlarge,ami-0f8a61b66d1accaee,1b278a28-9935-4699-80c1-f2b5a60ada49,3,8,2026-08-24T20:27:01.351742Z,30.000908996011276,28301,905632,840984,64648,0,30186.81867674099
current-tools-v1-20260824-r1,current-tools-v1,aws-m7a-xlarge-ubuntu2404-v1,symft-batch-32,6b536150-5362-4066-9207-3644f29339f2,1,1,coherent-surface-d5-r1-p1e-3-rz2e-2--symft-batch-32,,coherent-surface-d5-r1-p1e-3-rz2e-2,coherent-noise-surface-code,symft-0.1.0-9ec5790,SymFT,0.1.0,symft,throughput,true,32,32,AMD EPYC 9R14,m7a.xlarge,ami-0f8a61b66d1accaee,1b278a28-9935-4699-80c1-f2b5a60ada49,4,9,2026-08-24T20:27:31.416799Z,30.000360368036127,28296,905472,841068,64404,0,30182.03744528132
current-tools-v1-20260824-r1,current-tools-v1,aws-m7a-xlarge-ubuntu2404-v1,symft-batch-32,6b536150-5362-4066-9207-3644f29339f2,1,1,coherent-surface-d5-r5-p1e-3-rz2e-2--symft-batch-32,,coherent-surface-d5-r5-p1e-3-rz2e-2,coherent-noise-surface-code,symft-0.1.0-9ec5790,SymFT,0.1.0,symft,throughput,true,32,32,AMD EPYC 9R14,m7a.xlarge,ami-0f8a61b66d1accaee,1b278a28-9935-4699-80c1-f2b5a60ada49,0,10,2026-08-24T20:28:02.384915Z,30.50174415500169,31,992,4,988,0,32.52273033826924
current-tools-v1-20260824-r1,current-tools-v1,aws-m7a-xlarge-ubuntu2404-v1,symft-batch-32,6b536150-5362-4066-9207-3644f29339f2,1,1,coherent-surface-d5-r5-p1e-3-rz2e-2--symft-batch-32,,coherent-surface-d5-r5-p1e-3-rz2e-2,coherent-noise-surface-code,symft-0.1.0-9ec5790,SymFT,0.1.0,symft,throughput,true,32,32,AMD EPYC 9R14,m7a.xlarge,ami-0f8a61b66d1accaee,1b278a28-9935-4699-80c1-f2b5a60ada49,1,11,2026-08-24T20:28:32.888225Z,30.770912660998874,32,1024,6,1018,0,33.27818096529475
current-tools-v1-20260824-r1,current-tools-v1,aws-m7a-xlarge-ubuntu2404-v1,symft-batch-32,6b536150-5362-4066-9207-3644f29339f2,1,1,coherent-surface-d5-r5-p1e-3-rz2e-2--symft-batch-32,,coherent-surface-d5-r5-p1e-3-rz2e-2,coherent-noise-surface-code,symft-0.1.0-9ec5790,SymFT,0.1.0,symft,throughput,true,32,32,AMD EPYC 9R14,m7a.xlarge,ami-0f8a61b66d1accaee,1b278a28-9935-4699-80c1-f2b5a60ada49,2,12,2026-08-24T20:29:03.660828Z,30.880967099998088,32,1024,5,1019,0,33.159583269659436
current-tools-v1-20260824-r1,current-tools-v1,aws-m7a-xlarge-ubuntu2404-v1,symft-batch-32,6b536150-5362-4066-9207-3644f29339f2,1,1,coherent-surface-d5-r5-p1e-3-rz2e-2--symft-batch-32,,coherent-surface-d5-r5-p1e-3-rz2e-2,coherent-noise-surface-code,symft-0.1.0-9ec5790,SymFT,0.1.0,symft,throughput,true,32,32,AMD EPYC 9R14,m7a.xlarge,ami-0f8a61b66d1accaee,1b278a28-9935-4699-80c1-f2b5a60ada49,3,13,2026-08-24T20:29:34.543325Z,30.891022446000534,31,992,12,980,0,32.11288981237442
current-tools-v1-20260824-r1,current-tools-v1,aws-m7a-xlarge-ubuntu2404-v1,symft-batch-32,6b536150-5362-4066-9207-3644f29339f2,1,1,coherent-surface-d5-r5-p1e-3-rz2e-2--symft-batch-32,,coherent-surface-d5-r5-p1e-3-rz2e-2,coherent-noise-surface-code,symft-0.1.0-9ec5790,SymFT,0.1.0,symft,throughput,true,32,32,AMD EPYC 9R14,m7a.xlarge,ami-0f8a61b66d1accaee,1b278a28-9935-4699-80c1-f2b5a60ada49,4,14,2026-08-24T20:30:05.435890Z,30.935019396001735,31,992,11,981,0,32.067217650693095
current-tools-v1-20260824-r1,current-tools-v1,aws-m7a-xlarge-ubuntu2404-v1,symft-batch-32,dba2fdb4-9ca1-4c49-bbd0-73608901c468,2,1,msc-d5-inject-cultivate-p1e-3--symft-batch-32,,msc-d5-inject-cultivate-p1e-3,magic-state-cultivation,symft-0.1.0-9ec5790,SymFT,0.1.0,symft,throughput,true,32,32,AMD EPYC 9R14,m7a.xlarge,ami-0f8a61b66d1accaee,8d0d29ac-0568-47e1-ac63-2f8ea1b47b4f,0,0,2026-08-24T22:32:13.329507Z,30.00013099509397,133865,4283680,616432,3667248,0,142788.70984598453
current-tools-v1-20260824-r1,current-tools-v1,aws-m7a-xlarge-ubuntu2404-v1,symft-batch-32,dba2fdb4-9ca1-4c49-bbd0-73608901c468,2,1,msc-d5-inject-cultivate-p1e-3--symft-batch-32,,msc-d5-inject-cultivate-p1e-3,magic-state-cultivation,symft-0.1.0-9ec5790,SymFT,0.1.0,symft,throughput,true,32,32,AMD EPYC 9R14,m7a.xlarge,ami-0f8a61b66d1accaee,8d0d29ac-0568-47e1-ac63-2f8ea1b47b4f,1,1,2026-08-24T22:32:43.599085Z,30.00014984001882,133911,4285152,617150,3668002,0,142837.6865732785
current-tools-v1-20260824-r1,current-tools-v1,aws-m7a-xlarge-ubuntu2404-v1,symft-batch-32,dba2fdb4-9ca1-4c49-bbd0-73608901c468,2,1,msc-d5-inject-cultivate-p1e-3--symft-batch-32,,msc-d5-inject-cultivate-p1e-3,magic-state-cultivation,symft-0.1.0-9ec5790,SymFT,0.1.0,symft,throughput,true,32,32,AMD EPYC 9R14,m7a.xlarge,ami-0f8a61b66d1accaee,8d0d29ac-0568-47e1-ac63-2f8ea1b47b4f,2,2,2026-08-24T22:33:13.871248Z,30.00026200495813,133852,4283264,617051,3666213,0,142774.21974821776
current-tools-v1-20260824-r1,current-tools-v1,aws-m7a-xlarge-ubuntu2404-v1,symft-batch-32,dba2fdb4-9ca1-4c49-bbd0-73608901c468,2,1,msc-d5-inject-cultivate-p1e-3--symft-batch-32,,msc-d5-inject-cultivate-p1e-3,magic-state-cultivation,symft-0.1.0-9ec5790,SymFT,0.1.0,symft,throughput,true,32,32,AMD EPYC 9R14,m7a.xlarge,ami-0f8a61b66d1accaee,8d0d29ac-0568-47e1-ac63-2f8ea1b47b4f,3,3,2026-08-24T22:33:44.141273Z,30.000131531962325,133808,4281856,616267,3665589,0,142727.90755727468
current-tools-v1-20260824-r1,current-tools-v1,aws-m7a-xlarge-ubuntu2404-v1,symft-batch-32,dba2fdb4-9ca1-4c49-bbd0-73608901c468,2,1,msc-d5-inject-cultivate-p1e-3--symft-batch-32,,msc-d5-inject-cultivate-p1e-3,magic-state-cultivation,symft-0.1.0-9ec5790,SymFT,0.1.0,symft,throughput,true,32,32,AMD EPYC 9R14,m7a.xlarge,ami-0f8a61b66d1accaee,8d0d29ac-0568-47e1-ac63-2f8ea1b47b4f,4,4,2026-08-24T22:34:14.413086Z,30.00007728370383,133701,4278432,617352,3661080,0,142614.03260864472
current-tools-v1-20260824-r1,current-tools-v1,aws-m7a-xlarge-ubuntu2404-v1,symft-batch-32,dba2fdb4-9ca1-4c49-bbd0-73608901c468,2,1,coherent-surface-d5-r1-p1e-3-rz2e-2--symft-batch-32,,coherent-surface-d5-r1-p1e-3-rz2e-2,coherent-noise-surface-code,symft-0.1.0-9ec5790,SymFT,0.1.0,symft,throughput,true,32,32,AMD EPYC 9R14,m7a.xlarge,ami-0f8a61b66d1accaee,8d0d29ac-0568-47e1-ac63-2f8ea1b47b4f,0,5,2026-08-24T22:34:44.808136Z,30.00025617000756,28305,905760,841066,64694,0,30191.74219270581
current-tools-v1-20260824-r1,current-tools-v1,aws-m7a-xlarge-ubuntu2404-v1,symft-batch-32,dba2fdb4-9ca1-4c49-bbd0-73608901c468,2,1,coherent-surface-d5-r1-p1e-3-rz2e-2--symft-batch-32,,coherent-surface-d5-r1-p1e-3-rz2e-2,coherent-noise-surface-code,symft-0.1.0-9ec5790,SymFT,0.1.0,symft,throughput,true,32,32,AMD EPYC 9R14,m7a.xlarge,ami-0f8a61b66d1accaee,8d0d29ac-0568-47e1-ac63-2f8ea1b47b4f,1,6,2026-08-24T22:35:14.874502Z,30.0000321630323,28297,905504,841289,64215,0,30183.434306974246
current-tools-v1-20260824-r1,current-tools-v1,aws-m7a-xlarge-ubuntu2404-v1,symft-batch-32,dba2fdb4-9ca1-4c49-bbd0-73608901c468,2,1,coherent-surface-d5-r1-p1e-3-rz2e-2--symft-batch-32,,coherent-surface-d5-r1-p1e-3-rz2e-2,coherent-noise-surface-code,symft-0.1.0-9ec5790,SymFT,0.1.0,symft,throughput,true,32,32,AMD EPYC 9R14,m7a.xlarge,ami-0f8a61b66d1accaee,8d0d29ac-0568-47e1-ac63-2f8ea1b47b4f,2,7,2026-08-24T22:35:44.940472Z,30.000060923048295,28300,905600,841027,64573,0,30186.605364666117
current-tools-v1-20260824-r1,current-tools-v1,aws-m7a-xlarge-ubuntu2404-v1,symft-batch-32,dba2fdb4-9ca1-4c49-bbd0-73608901c468,2,1,coherent-surface-d5-r1-p1e-3-rz2e-2--symft-batch-32,,coherent-surface-d5-r1-p1e-3-rz2e-2,coherent-noise-surface-code,symft-0.1.0-9ec5790,SymFT,0.1.0,symft,throughput,true,32,32,AMD EPYC 9R14,m7a.xlarge,ami-0f8a61b66d1accaee,8d0d29ac-0568-47e1-ac63-2f8ea1b47b4f,3,8,2026-08-24T22:36:15.007069Z,30.001084395014004,27473,879136,816428,62708,0,29303.474115292545
current-tools-v1-20260824-r1,current-tools-v1,aws-m7a-xlarge-ubuntu2404-v1,symft-batch-32,dba2fdb4-9ca1-4c49-bbd0-73608901c468,2,1,coherent-surface-d5-r1-p1e-3-rz2e-2--symft-batch-32,,coherent-surface-d5-r1-p1e-3-rz2e-2,coherent-noise-surface-code,symft-0.1.0-9ec5790,SymFT,0.1.0,symft,throughput,true,32,32,AMD EPYC 9R14,m7a.xlarge,ami-0f8a61b66d1accaee,8d0d29ac-0568-47e1-ac63-2f8ea1b47b4f,4,9,2026-08-24T22:36:45.109059Z,30.001062593019924,27439,878048,815586,62462,0,29267.230028188653
current-tools-v1-20260824-r1,current-tools-v1,aws-m7a-xlarge-ubuntu2404-v1,symft-batch-32,dba2fdb4-9ca1-4c49-bbd0-73608901c468,2,1,coherent-surface-d5-r5-p1e-3-rz2e-2--symft-batch-32,,coherent-surface-d5-r5-p1e-3-rz2e-2,coherent-noise-surface-code,symft-0.1.0-9ec5790,SymFT,0.1.0,symft,throughput,true,32,32,AMD EPYC 9R14,m7a.xlarge,ami-0f8a61b66d1accaee,8d0d29ac-0568-47e1-ac63-2f8ea1b47b4f,0,10,2026-08-24T22:37:16.285236Z,31.173360054999648,22,704,1,703,0,22.583385260938243
current-tools-v1-20260824-r1,current-tools-v1,aws-m7a-xlarge-ubuntu2404-v1,symft-batch-32,dba2fdb4-9ca1-4c49-bbd0-73608901c468,2,1,coherent-surface-d5-r5-p1e-3-rz2e-2--symft-batch-32,,coherent-surface-d5-r5-p1e-3-rz2e-2,coherent-noise-surface-code,symft-0.1.0-9ec5790,SymFT,0.1.0,symft,throughput,true,32,32,AMD EPYC 9R14,m7a.xlarge,ami-0f8a61b66d1accaee,8d0d29ac-0568-47e1-ac63-2f8ea1b47b4f,1,11,2026-08-24T22:37:47.460499Z,31.373742010998285,22,704,5,699,0,22.43914671553071
current-tools-v1-20260824-r1,current-tools-v1,aws-m7a-xlarge-ubuntu2404-v1,symft-batch-32,dba2fdb4-9ca1-4c49-bbd0-73608901c468,2,1,coherent-surface-d5-r5-p1e-3-rz2e-2--symft-batch-32,,coherent-surface-d5-r5-p1e-3-rz2e-2,coherent-noise-surface-code,symft-0.1.0-9ec5790,SymFT,0.1.0,symft,throughput,true,32,32,AMD EPYC 9R14,m7a.xlarge,ami-0f8a61b66d1accaee,8d0d29ac-0568-47e1-ac63-2f8ea1b47b4f,2,12,2026-08-24T22:38:18.836152Z,31.397802563001278,22,704,4,700,0,22.421951300171035
current-tools-v1-20260824-r1,current-tools-v1,aws-m7a-xlarge-ubuntu2404-v1,symft-batch-32,dba2fdb4-9ca1-4c49-bbd0-73608901c468,2,1,coherent-surface-d5-r5-p1e-3-rz2e-2--symft-batch-32,,coherent-surface-d5-r5-p1e-3-rz2e-2,coherent-noise-surface-code,symft-0.1.0-9ec5790,SymFT,0.1.0,symft,throughput,true,32,32,AMD EPYC 9R14,m7a.xlarge,ami-0f8a61b66d1accaee,8d0d29ac-0568-47e1-ac63-2f8ea1b47b4f,3,13,2026-08-24T22:38:50.235825Z,30.46740945500187,21,672,7,665,0,22.05635503709282
current-tools-v1-20260824-r1,current-tools-v1,aws-m7a-xlarge-ubuntu2404-v1,symft-batch-32,dba2fdb4-9ca1-4c49-bbd0-73608901c468,2,1,coherent-surface-d5-r5-p1e-3-rz2e-2--symft-batch-32,,coherent-surface-d5-r5-p1e-3-rz2e-2,coherent-noise-surface-code,symft-0.1.0-9ec5790,SymFT,0.1.0,symft,throughput,true,32,32,AMD EPYC 9R14,m7a.xlarge,ami-0f8a61b66d1accaee,8d0d29ac-0568-47e1-ac63-2f8ea1b47b4f,4,14,2026-08-24T22:39:20.705142Z,30.525627723999605,29,928,10,918,0,30.400685233751823
current-tools-v1-20260824-r1,current-tools-v1,aws-m7a-xlarge-ubuntu2404-v1,symft-batch-32,db3d804f-2716-4c9a-9af3-026e24a0a3e4,3,1,msc-d5-inject-cultivate-p1e-3--symft-batch-32,,msc-d5-inject-cultivate-p1e-3,magic-state-cultivation,symft-0.1.0-9ec5790,SymFT,0.1.0,symft,throughput,true,32,32,AMD EPYC 9R14,m7a.xlarge,ami-0f8a61b66d1accaee,272f026d-612e-4e7c-8486-8e6f2662eff6,0,0,2026-08-25T12:02:21.332606Z,30.00026726201122,127550,4081600,587362,3494238,0,136052.12128121452
current-tools-v1-20260824-r1,current-tools-v1,aws-m7a-xlarge-ubuntu2404-v1,symft-batch-32,db3d804f-2716-4c9a-9af3-026e24a0a3e4,3,1,msc-d5-inject-cultivate-p1e-3--symft-batch-32,,msc-d5-inject-cultivate-p1e-3,magic-state-cultivation,symft-0.1.0-9ec5790,SymFT,0.1.0,symft,throughput,true,32,32,AMD EPYC 9R14,m7a.xlarge,ami-0f8a61b66d1accaee,272f026d-612e-4e7c-8486-8e6f2662eff6,1,1,2026-08-25T12:02:51.591970Z,30.000096802120424,127457,4078624,587585,3491039,0,135953.6946464693
current-tools-v1-20260824-r1,current-tools-v1,aws-m7a-xlarge-ubuntu2404-v1,symft-batch-32,db3d804f-2716-4c9a-9af3-026e24a0a3e4,3,1,msc-d5-inject-cultivate-p1e-3--symft-batch-32,,msc-d5-inject-cultivate-p1e-3,magic-state-cultivation,symft-0.1.0-9ec5790,SymFT,0.1.0,symft,throughput,true,32,32,AMD EPYC 9R14,m7a.xlarge,ami-0f8a61b66d1accaee,272f026d-612e-4e7c-8486-8e6f2662eff6,2,2,2026-08-25T12:03:21.852382Z,30.000100474901046,127449,4078368,587664,3490704,0,135945.1446975013
current-tools-v1-20260824-r1,current-tools-v1,aws-m7a-xlarge-ubuntu2404-v1,symft-batch-32,db3d804f-2716-4c9a-9af3-026e24a0a3e4,3,1,msc-d5-inject-cultivate-p1e-3--symft-batch-32,,msc-d5-inject-cultivate-p1e-3,magic-state-cultivation,symft-0.1.0-9ec5790,SymFT,0.1.0,symft,throughput,true,32,32,AMD EPYC 9R14,m7a.xlarge,ami-0f8a61b66d1accaee,272f026d-612e-4e7c-8486-8e6f2662eff6,3,3,2026-08-25T12:03:52.114418Z,30.000275040124507,127359,4075488,586755,3488733,0,135848.35454172175
current-tools-v1-20260824-r1,current-tools-v1,aws-m7a-xlarge-ubuntu2404-v1,symft-batch-32,db3d804f-2716-4c9a-9af3-026e24a0a3e4,3,1,msc-d5-inject-cultivate-p1e-3--symft-batch-32,,msc-d5-inject-cultivate-p1e-3,magic-state-cultivation,symft-0.1.0-9ec5790,SymFT,0.1.0,symft,throughput,true,32,32,AMD EPYC 9R14,m7a.xlarge,ami-0f8a61b66d1accaee,272f026d-612e-4e7c-8486-8e6f2662eff6,4,4,2026-08-25T12:04:22.375993Z,30.000071835854214,127278,4072896,587735,3485161,0,135762.87491193032
current-tools-v1-20260824-r1,current-tools-v1,aws-m7a-xlarge-ubuntu2404-v1,symft-batch-32,db3d804f-2716-4c9a-9af3-026e24a0a3e4,3,1,coherent-surface-d5-r1-p1e-3-rz2e-2--symft-batch-32,,coherent-surface-d5-r1-p1e-3-rz2e-2,coherent-noise-surface-code,symft-0.1.0-9ec5790,SymFT,0.1.0,symft,throughput,true,32,32,AMD EPYC 9R14,m7a.xlarge,ami-0f8a61b66d1accaee,272f026d-612e-4e7c-8486-8e6f2662eff6,0,5,2026-08-25T12:04:52.760170Z,30.000268227014203,28345,907040,842250,64790,0,30234.396343938082
current-tools-v1-20260824-r1,current-tools-v1,aws-m7a-xlarge-ubuntu2404-v1,symft-batch-32,db3d804f-2716-4c9a-9af3-026e24a0a3e4,3,1,coherent-surface-d5-r1-p1e-3-rz2e-2--symft-batch-32,,coherent-surface-d5-r1-p1e-3-rz2e-2,coherent-noise-surface-code,symft-0.1.0-9ec5790,SymFT,0.1.0,symft,throughput,true,32,32,AMD EPYC 9R14,m7a.xlarge,ami-0f8a61b66d1accaee,272f026d-612e-4e7c-8486-8e6f2662eff6,1,6,2026-08-25T12:05:22.824584Z,30.00073533196064,28345,907040,842708,64332,0,30233.925600940333
current-tools-v1-20260824-r1,current-tools-v1,aws-m7a-xlarge-ubuntu2404-v1,symft-batch-32,db3d804f-2716-4c9a-9af3-026e24a0a3e4,3,1,coherent-surface-d5-r1-p1e-3-rz2e-2--symft-batch-32,,coherent-surface-d5-r1-p1e-3-rz2e-2,coherent-noise-surface-code,symft-0.1.0-9ec5790,SymFT,0.1.0,symft,throughput,true,32,32,AMD EPYC 9R14,m7a.xlarge,ami-0f8a61b66d1accaee,272f026d-612e-4e7c-8486-8e6f2662eff6,2,7,2026-08-25T12:05:52.889301Z,30.000379400979,28343,906976,842314,64662,0,30232.150996410488
current-tools-v1-20260824-r1,current-tools-v1,aws-m7a-xlarge-ubuntu2404-v1,symft-batch-32,db3d804f-2716-4c9a-9af3-026e24a0a3e4,3,1,coherent-surface-d5-r1-p1e-3-rz2e-2--symft-batch-32,,coherent-surface-d5-r1-p1e-3-rz2e-2,coherent-noise-surface-code,symft-0.1.0-9ec5790,SymFT,0.1.0,symft,throughput,true,32,32,AMD EPYC 9R14,m7a.xlarge,ami-0f8a61b66d1accaee,272f026d-612e-4e7c-8486-8e6f2662eff6,3,8,2026-08-25T12:06:22.953597Z,30.00038814702657,28345,907040,842293,64747,0,30234.275488528954
current-tools-v1-20260824-r1,current-tools-v1,aws-m7a-xlarge-ubuntu2404-v1,symft-batch-32,db3d804f-2716-4c9a-9af3-026e24a0a3e4,3,1,coherent-surface-d5-r1-p1e-3-rz2e-2--symft-batch-32,,coherent-surface-d5-r1-p1e-3-rz2e-2,coherent-noise-surface-code,symft-0.1.0-9ec5790,SymFT,0.1.0,symft,throughput,true,32,32,AMD EPYC 9R14,m7a.xlarge,ami-0f8a61b66d1accaee,272f026d-612e-4e7c-8486-8e6f2662eff6,4,9,2026-08-25T12:06:53.018752Z,30.000467243055937,28341,906912,842407,64505,0,30229.92917585037
current-tools-v1-20260824-r1,current-tools-v1,aws-m7a-xlarge-ubuntu2404-v1,symft-batch-32,db3d804f-2716-4c9a-9af3-026e24a0a3e4,3,1,coherent-surface-d5-r5-p1e-3-rz2e-2--symft-batch-32,,coherent-surface-d5-r5-p1e-3-rz2e-2,coherent-noise-surface-code,symft-0.1.0-9ec5790,SymFT,0.1.0,symft,throughput,true,32,32,AMD EPYC 9R14,m7a.xlarge,ami-0f8a61b66d1accaee,272f026d-612e-4e7c-8486-8e6f2662eff6,0,10,2026-08-25T12:07:23.969828Z,30.294938608000848,31,992,4,988,0,32.74474369583354
current-tools-v1-20260824-r1,current-tools-v1,aws-m7a-xlarge-ubuntu2404-v1,symft-batch-32,db3d804f-2716-4c9a-9af3-026e24a0a3e4,3,1,coherent-surface-d5-r5-p1e-3-rz2e-2--symft-batch-32,,coherent-surface-d5-r5-p1e-3-rz2e-2,coherent-noise-surface-code,symft-0.1.0-9ec5790,SymFT,0.1.0,symft,throughput,true,32,32,AMD EPYC 9R14,m7a.xlarge,ami-0f8a61b66d1accaee,272f026d-612e-4e7c-8486-8e6f2662eff6,1,11,2026-08-25T12:07:54.266324Z,30.62034937399767,32,1024,6,1018,0,33.44181307315733
current-tools-v1-20260824-r1,current-tools-v1,aws-m7a-xlarge-ubuntu2404-v1,symft-batch-32,db3d804f-2716-4c9a-9af3-026e24a0a3e4,3,1,coherent-surface-d5-r5-p1e-3-rz2e-2--symft-batch-32,,coherent-surface-d5-r5-p1e-3-rz2e-2,coherent-noise-surface-code,symft-0.1.0-9ec5790,SymFT,0.1.0,symft,throughput,true,32,32,AMD EPYC 9R14,m7a.xlarge,ami-0f8a61b66d1accaee,272f026d-612e-4e7c-8486-8e6f2662eff6,2,12,2026-08-25T12:08:24.888357Z,30.655481220000183,32,1024,5,1019,0,33.40348803045128
current-tools-v1-20260824-r1,current-tools-v1,aws-m7a-xlarge-ubuntu2404-v1,symft-batch-32,db3d804f-2716-4c9a-9af3-026e24a0a3e4,3,1,coherent-surface-d5-r5-p1e-3-rz2e-2--symft-batch-32,,coherent-surface-d5-r5-p1e-3-rz2e-2,coherent-noise-surface-code,symft-0.1.0-9ec5790,SymFT,0.1.0,symft,throughput,true,32,32,AMD EPYC 9R14,m7a.xlarge,ami-0f8a61b66d1accaee,272f026d-612e-4e7c-8486-8e6f2662eff6,3,13,2026-08-25T12:08:55.546156Z,30.734199492999323,31,992,12,980,0,32.27674760899366
current-tools-v1-20260824-r1,current-tools-v1,aws-m7a-xlarge-ubuntu2404-v1,symft-batch-32,db3d804f-2716-4c9a-9af3-026e24a0a3e4,3,1,coherent-surface-d5-r5-p1e-3-rz2e-2--symft-batch-32,,coherent-surface-d5-r5-p1e-3-rz2e-2,coherent-noise-surface-code,symft-0.1.0-9ec5790,SymFT,0.1.0,symft,throughput,true,32,32,AMD EPYC 9R14,m7a.xlarge,ami-0f8a61b66d1accaee,272f026d-612e-4e7c-8486-8e6f2662eff6,4,14,2026-08-25T12:09:26.282549Z,30.77988902600009,31,992,11,981,0,32.22883614564196
current-tools-v1-20260824-r1,current-tools-v1,aws-m7a-xlarge-ubuntu2404-v1,symft-single,121c76f6-331d-45f5-9159-ccba6d06ef1d,1,1,msc-d3-inject-cultivate-p1e-3--symft-single,,msc-d3-inject-cultivate-p1e-3,magic-state-cultivation,symft-0.1.0-9ec5790,SymFT,0.1.0,symft,throughput,false,1,1,AMD EPYC 9R14,m7a.xlarge,ami-0f8a61b66d1accaee,1b278a28-9935-4699-80c1-f2b5a60ada49,0,0,2026-08-24T19:47:38.570371Z,30.000000626095243,2947635,2947635,2023965,923670,0,98254.49794944421
current-tools-v1-20260824-r1,current-tools-v1,aws-m7a-xlarge-ubuntu2404-v1,symft-single,121c76f6-331d-45f5-9159-ccba6d06ef1d,1,1,msc-d3-inject-cultivate-p1e-3--symft-single,,msc-d3-inject-cultivate-p1e-3,magic-state-cultivation,symft-0.1.0-9ec5790,SymFT,0.1.0,symft,throughput,false,1,1,AMD EPYC 9R14,m7a.xlarge,ami-0f8a61b66d1accaee,1b278a28-9935-4699-80c1-f2b5a60ada49,1,1,2026-08-24T19:48:13.692370Z,30.000000510061454,2941953,2941953,2021941,920012,4,98065.09833269245
current-tools-v1-20260824-r1,current-tools-v1,aws-m7a-xlarge-ubuntu2404-v1,symft-single,121c76f6-331d-45f5-9159-ccba6d06ef1d,1,1,msc-d3-inject-cultivate-p1e-3--symft-single,,msc-d3-inject-cultivate-p1e-3,magic-state-cultivation,symft-0.1.0-9ec5790,SymFT,0.1.0,symft,throughput,false,1,1,AMD EPYC 9R14,m7a.xlarge,ami-0f8a61b66d1accaee,1b278a28-9935-4699-80c1-f2b5a60ada49,2,2,2026-08-24T19:48:48.934850Z,30.000007513471246,2935213,2935213,2016984,918229,2,97840.40882929672
current-tools-v1-20260824-r1,current-tools-v1,aws-m7a-xlarge-ubuntu2404-v1,symft-single,121c76f6-331d-45f5-9159-ccba6d06ef1d,1,1,msc-d3-inject-cultivate-p1e-3--symft-single,,msc-d3-inject-cultivate-p1e-3,magic-state-cultivation,symft-0.1.0-9ec5790,SymFT,0.1.0,symft,throughput,false,1,1,AMD EPYC 9R14,m7a.xlarge,ami-0f8a61b66d1accaee,1b278a28-9935-4699-80c1-f2b5a60ada49,3,3,2026-08-24T19:49:24.087484Z,30.000002706108262,2938721,2938721,2017562,921159,2,97957.35783055949
current-tools-v1-20260824-r1,current-tools-v1,aws-m7a-xlarge-ubuntu2404-v1,symft-single,121c76f6-331d-45f5-9159-ccba6d06ef1d,1,1,msc-d3-inject-cultivate-p1e-3--symft-single,,msc-d3-inject-cultivate-p1e-3,magic-state-cultivation,symft-0.1.0-9ec5790,SymFT,0.1.0,symft,throughput,false,1,1,AMD EPYC 9R14,m7a.xlarge,ami-0f8a61b66d1accaee,1b278a28-9935-4699-80c1-f2b5a60ada49,4,4,2026-08-24T19:49:59.308713Z,30.00000388149374,2933426,2933426,2014136,919290,0,97780.85401547424
current-tools-v1-20260824-r1,current-tools-v1,aws-m7a-xlarge-ubuntu2404-v1,symft-single,121c76f6-331d-45f5-9159-ccba6d06ef1d,1,1,msc-d5-inject-cultivate-p1e-3--symft-single,,msc-d5-inject-cultivate-p1e-3,magic-state-cultivation,symft-0.1.0-9ec5790,SymFT,0.1.0,symft,throughput,false,1,1,AMD EPYC 9R14,m7a.xlarge,ami-0f8a61b66d1accaee,1b278a28-9935-4699-80c1-f2b5a60ada49,0,5,2026-08-24T19:50:35.124987Z,30.000037687085296,648974,648974,93619,555355,0,21632.43949121359
current-tools-v1-20260824-r1,current-tools-v1,aws-m7a-xlarge-ubuntu2404-v1,symft-single,121c76f6-331d-45f5-9159-ccba6d06ef1d,1,1,msc-d5-inject-cultivate-p1e-3--symft-single,,msc-d5-inject-cultivate-p1e-3,magic-state-cultivation,symft-0.1.0-9ec5790,SymFT,0.1.0,symft,throughput,false,1,1,AMD EPYC 9R14,m7a.xlarge,ami-0f8a61b66d1accaee,1b278a28-9935-4699-80c1-f2b5a60ada49,1,6,2026-08-24T19:51:06.283244Z,30.00001803918076,649331,649331,93238,556093,0,21644.3536517864
current-tools-v1-20260824-r1,current-tools-v1,aws-m7a-xlarge-ubuntu2404-v1,symft-single,121c76f6-331d-45f5-9159-ccba6d06ef1d,1,1,msc-d5-inject-cultivate-p1e-3--symft-single,,msc-d5-inject-cultivate-p1e-3,magic-state-cultivation,symft-0.1.0-9ec5790,SymFT,0.1.0,symft,throughput,false,1,1,AMD EPYC 9R14,m7a.xlarge,ami-0f8a61b66d1accaee,1b278a28-9935-4699-80c1-f2b5a60ada49,2,7,2026-08-24T19:51:37.462646Z,30.000037817991142,648994,648994,93592,555402,0,21633.106062646217
current-tools-v1-20260824-r1,current-tools-v1,aws-m7a-xlarge-ubuntu2404-v1,symft-single,121c76f6-331d-45f5-9159-ccba6d06ef1d,1,1,msc-d5-inject-cultivate-p1e-3--symft-single,,msc-d5-inject-cultivate-p1e-3,magic-state-cultivation,symft-0.1.0-9ec5790,SymFT,0.1.0,symft,throughput,false,1,1,AMD EPYC 9R14,m7a.xlarge,ami-0f8a61b66d1accaee,1b278a28-9935-4699-80c1-f2b5a60ada49,3,8,2026-08-24T19:52:08.638559Z,30.0000349159327,648881,648881,92928,555953,0,21629.341493045602
current-tools-v1-20260824-r1,current-tools-v1,aws-m7a-xlarge-ubuntu2404-v1,symft-single,121c76f6-331d-45f5-9159-ccba6d06ef1d,1,1,msc-d5-inject-cultivate-p1e-3--symft-single,,msc-d5-inject-cultivate-p1e-3,magic-state-cultivation,symft-0.1.0-9ec5790,SymFT,0.1.0,symft,throughput,false,1,1,AMD EPYC 9R14,m7a.xlarge,ami-0f8a61b66d1accaee,1b278a28-9935-4699-80c1-f2b5a60ada49,4,9,2026-08-24T19:52:39.817605Z,30.00001431877763,649326,649326,93505,555821,0,21644.189669388703
current-tools-v1-20260824-r1,current-tools-v1,aws-m7a-xlarge-ubuntu2404-v1,symft-single,121c76f6-331d-45f5-9159-ccba6d06ef1d,1,1,distillation-color-code-85q-p5e-2--symft-single,,distillation-color-code-85q-p5e-2,magic-state-distillation,symft-0.1.0-9ec5790,SymFT,0.1.0,symft,throughput,false,1,1,AMD EPYC 9R14,m7a.xlarge,ami-0f8a61b66d1accaee,1b278a28-9935-4699-80c1-f2b5a60ada49,0,10,2026-08-24T19:53:11.125752Z,30.000001160833563,3054565,3054565,244356,2810209,141479,101818.82939350951
current-tools-v1-20260824-r1,current-tools-v1,aws-m7a-xlarge-ubuntu2404-v1,symft-single,121c76f6-331d-45f5-9159-ccba6d06ef1d,1,1,distillation-color-code-85q-p5e-2--symft-single,,distillation-color-code-85q-p5e-2,magic-state-distillation,symft-0.1.0-9ec5790,SymFT,0.1.0,symft,throughput,false,1,1,AMD EPYC 9R14,m7a.xlarge,ami-0f8a61b66d1accaee,1b278a28-9935-4699-80c1-f2b5a60ada49,1,11,2026-08-24T19:53:46.514574Z,30.000008744268598,3028100,3028100,240679,2787421,139497,100936.63724609776
current-tools-v1-20260824-r1,current-tools-v1,aws-m7a-xlarge-ubuntu2404-v1,symft-single,121c76f6-331d-45f5-9159-ccba6d06ef1d,1,1,distillation-color-code-85q-p5e-2--symft-single,,distillation-color-code-85q-p5e-2,magic-state-distillation,symft-0.1.0-9ec5790,SymFT,0.1.0,symft,throughput,false,1,1,AMD EPYC 9R14,m7a.xlarge,ami-0f8a61b66d1accaee,1b278a28-9935-4699-80c1-f2b5a60ada49,2,12,2026-08-24T19:54:21.992025Z,30.000008354258625,3027011,3027011,241045,2785966,140054,100900.33856841587
current-tools-v1-20260824-r1,current-tools-v1,aws-m7a-xlarge-ubuntu2404-v1,symft-single,121c76f6-331d-45f5-9159-ccba6d06ef1d,1,1,distillation-color-code-85q-p5e-2--symft-single,,distillation-color-code-85q-p5e-2,magic-state-distillation,symft-0.1.0-9ec5790,SymFT,0.1.0,symft,throughput,false,1,1,AMD EPYC 9R14,m7a.xlarge,ami-0f8a61b66d1accaee,1b278a28-9935-4699-80c1-f2b5a60ada49,3,13,2026-08-24T19:54:57.337617Z,30.000002378757927,3020157,3020157,241228,2778929,139489,100671.8920175313
current-tools-v1-20260824-r1,current-tools-v1,aws-m7a-xlarge-ubuntu2404-v1,symft-single,121c76f6-331d-45f5-9159-ccba6d06ef1d,1,1,distillation-color-code-85q-p5e-2--symft-single,,distillation-color-code-85q-p5e-2,magic-state-distillation,symft-0.1.0-9ec5790,SymFT,0.1.0,symft,throughput,false,1,1,AMD EPYC 9R14,m7a.xlarge,ami-0f8a61b66d1accaee,1b278a28-9935-4699-80c1-f2b5a60ada49,4,14,2026-08-24T19:55:32.813446Z,30.000007173523045,3021787,3021787,241438,2780349,139675,100726.20924794055
current-tools-v1-20260824-r1,current-tools-v1,aws-m7a-xlarge-ubuntu2404-v1,symft-single,121c76f6-331d-45f5-9159-ccba6d06ef1d,1,1,surface-code-d7-r7-p1e-3--symft-single,,surface-code-d7-r7-p1e-3,surface-code-memory,symft-0.1.0-9ec5790,SymFT,0.1.0,symft,throughput,false,1,1,AMD EPYC 9R14,m7a.xlarge,ami-0f8a61b66d1accaee,1b278a28-9935-4699-80c1-f2b5a60ada49,0,15,2026-08-24T19:56:08.440425Z,30.00000113066153,1029732,1029732,90570,939162,0,34324.398706357424
current-tools-v1-20260824-r1,current-tools-v1,aws-m7a-xlarge-ubuntu2404-v1,symft-single,121c76f6-331d-45f5-9159-ccba6d06ef1d,1,1,surface-code-d7-r7-p1e-3--symft-single,,surface-code-d7-r7-p1e-3,surface-code-memory,symft-0.1.0-9ec5790,SymFT,0.1.0,symft,throughput,false,1,1,AMD EPYC 9R14,m7a.xlarge,ami-0f8a61b66d1accaee,1b278a28-9935-4699-80c1-f2b5a60ada49,1,16,2026-08-24T19:56:40.229257Z,30.000002163166755,1029080,1029080,90801,938279,0,34302.664193253906
current-tools-v1-20260824-r1,current-tools-v1,aws-m7a-xlarge-ubuntu2404-v1,symft-single,121c76f6-331d-45f5-9159-ccba6d06ef1d,1,1,surface-code-d7-r7-p1e-3--symft-single,,surface-code-d7-r7-p1e-3,surface-code-memory,symft-0.1.0-9ec5790,SymFT,0.1.0,symft,throughput,false,1,1,AMD EPYC 9R14,m7a.xlarge,ami-0f8a61b66d1accaee,1b278a28-9935-4699-80c1-f2b5a60ada49,2,17,2026-08-24T19:57:12.049273Z,30.00000736824768,1029355,1029355,90881,938474,0,34311.824906065856
current-tools-v1-20260824-r1,current-tools-v1,aws-m7a-xlarge-ubuntu2404-v1,symft-single,121c76f6-331d-45f5-9159-ccba6d06ef1d,1,1,surface-code-d7-r7-p1e-3--symft-single,,surface-code-d7-r7-p1e-3,surface-code-memory,symft-0.1.0-9ec5790,SymFT,0.1.0,symft,throughput,false,1,1,AMD EPYC 9R14,m7a.xlarge,ami-0f8a61b66d1accaee,1b278a28-9935-4699-80c1-f2b5a60ada49,3,18,2026-08-24T19:57:43.838214Z,30.00000665718062,1027984,1027984,90259,937725,0,34266.12572947373
current-tools-v1-20260824-r1,current-tools-v1,aws-m7a-xlarge-ubuntu2404-v1,symft-single,121c76f6-331d-45f5-9159-ccba6d06ef1d,1,1,surface-code-d7-r7-p1e-3--symft-single,,surface-code-d7-r7-p1e-3,surface-code-memory,symft-0.1.0-9ec5790,SymFT,0.1.0,symft,throughput,false,1,1,AMD EPYC 9R14,m7a.xlarge,ami-0f8a61b66d1accaee,1b278a28-9935-4699-80c1-f2b5a60ada49,4,19,2026-08-24T19:58:15.665650Z,30.000025154749437,1029502,1029502,90587,938915,0,34316.704559063175
current-tools-v1-20260824-r1,current-tools-v1,aws-m7a-xlarge-ubuntu2404-v1,symft-single,121c76f6-331d-45f5-9159-ccba6d06ef1d,1,1,coherent-surface-d3-r1-p1e-3-rz2e-2--symft-single,,coherent-surface-d3-r1-p1e-3-rz2e-2,coherent-noise-surface-code,symft-0.1.0-9ec5790,SymFT,0.1.0,symft,throughput,false,1,1,AMD EPYC 9R14,m7a.xlarge,ami-0f8a61b66d1accaee,1b278a28-9935-4699-80c1-f2b5a60ada49,0,20,2026-08-24T19:58:47.575641Z,30.000000016911144,5820618,5820618,5670477,150141,0,194020.59989062964
current-tools-v1-20260824-r1,current-tools-v1,aws-m7a-xlarge-ubuntu2404-v1,symft-single,121c76f6-331d-45f5-9159-ccba6d06ef1d,1,1,coherent-surface-d3-r1-p1e-3-rz2e-2--symft-single,,coherent-surface-d3-r1-p1e-3-rz2e-2,coherent-noise-surface-code,symft-0.1.0-9ec5790,SymFT,0.1.0,symft,throughput,false,1,1,AMD EPYC 9R14,m7a.xlarge,ami-0f8a61b66d1accaee,1b278a28-9935-4699-80c1-f2b5a60ada49,1,21,2026-08-24T19:59:27.673267Z,30.00000224620635,5834034,5834034,5684426,149608,0,194467.7854395075
current-tools-v1-20260824-r1,current-tools-v1,aws-m7a-xlarge-ubuntu2404-v1,symft-single,121c76f6-331d-45f5-9159-ccba6d06ef1d,1,1,coherent-surface-d3-r1-p1e-3-rz2e-2--symft-single,,coherent-surface-d3-r1-p1e-3-rz2e-2,coherent-noise-surface-code,symft-0.1.0-9ec5790,SymFT,0.1.0,symft,throughput,false,1,1,AMD EPYC 9R14,m7a.xlarge,ami-0f8a61b66d1accaee,1b278a28-9935-4699-80c1-f2b5a60ada49,2,22,2026-08-24T20:00:07.826128Z,30.000004737697964,5723227,5723227,5576401,146826,0,190774.2032056482
current-tools-v1-20260824-r1,current-tools-v1,aws-m7a-xlarge-ubuntu2404-v1,symft-single,121c76f6-331d-45f5-9159-ccba6d06ef1d,1,1,coherent-surface-d3-r1-p1e-3-rz2e-2--symft-single,,coherent-surface-d3-r1-p1e-3-rz2e-2,coherent-noise-surface-code,symft-0.1.0-9ec5790,SymFT,0.1.0,symft,throughput,false,1,1,AMD EPYC 9R14,m7a.xlarge,ami-0f8a61b66d1accaee,1b278a28-9935-4699-80c1-f2b5a60ada49,3,23,2026-08-24T20:00:47.774911Z,30.000000965417712,5858028,5858028,5708077,149951,0,195267.59371617355
current-tools-v1-20260824-r1,current-tools-v1,aws-m7a-xlarge-ubuntu2404-v1,symft-single,121c76f6-331d-45f5-9159-ccba6d06ef1d,1,1,coherent-surface-d3-r1-p1e-3-rz2e-2--symft-single,,coherent-surface-d3-r1-p1e-3-rz2e-2,coherent-noise-surface-code,symft-0.1.0-9ec5790,SymFT,0.1.0,symft,throughput,false,1,1,AMD EPYC 9R14,m7a.xlarge,ami-0f8a61b66d1accaee,1b278a28-9935-4699-80c1-f2b5a60ada49,4,24,2026-08-24T20:01:27.916550Z,30.000001602925295,5862577,5862577,5712340,150237,0,195419.2228919195
current-tools-v1-20260824-r1,current-tools-v1,aws-m7a-xlarge-ubuntu2404-v1,symft-single,121c76f6-331d-45f5-9159-ccba6d06ef1d,1,1,coherent-surface-d3-r3-p1e-3-rz2e-2--symft-single,,coherent-surface-d3-r3-p1e-3-rz2e-2,coherent-noise-surface-code,symft-0.1.0-9ec5790,SymFT,0.1.0,symft,throughput,false,1,1,AMD EPYC 9R14,m7a.xlarge,ami-0f8a61b66d1accaee,1b278a28-9935-4699-80c1-f2b5a60ada49,0,25,2026-08-24T20:02:08.065148Z,30.000004406909284,4210243,4210243,1571663,2638580,0,140341.41271760417
current-tools-v1-20260824-r1,current-tools-v1,aws-m7a-xlarge-ubuntu2404-v1,symft-single,121c76f6-331d-45f5-9159-ccba6d06ef1d,1,1,coherent-surface-d3-r3-p1e-3-rz2e-2--symft-single,,coherent-surface-d3-r3-p1e-3-rz2e-2,coherent-noise-surface-code,symft-0.1.0-9ec5790,SymFT,0.1.0,symft,throughput,false,1,1,AMD EPYC 9R14,m7a.xlarge,ami-0f8a61b66d1accaee,1b278a28-9935-4699-80c1-f2b5a60ada49,1,26,2026-08-24T20:02:45.380261Z,30.000004436024483,4233460,4233460,1580581,2652879,0,141115.3124669673
current-tools-v1-20260824-r1,current-tools-v1,aws-m7a-xlarge-ubuntu2404-v1,symft-single,121c76f6-331d-45f5-9159-ccba6d06ef1d,1,1,coherent-surface-d3-r3-p1e-3-rz2e-2--symft-single,,coherent-surface-d3-r3-p1e-3-rz2e-2,coherent-noise-surface-code,symft-0.1.0-9ec5790,SymFT,0.1.0,symft,throughput,false,1,1,AMD EPYC 9R14,m7a.xlarge,ami-0f8a61b66d1accaee,1b278a28-9935-4699-80c1-f2b5a60ada49,2,27,2026-08-24T20:03:22.869182Z,30.000001661135684,4227969,4227969,1576951,2651018,0,140932.29219641135
current-tools-v1-20260824-r1,current-tools-v1,aws-m7a-xlarge-ubuntu2404-v1,symft-single,121c76f6-331d-45f5-9159-ccba6d06ef1d,1,1,coherent-surface-d3-r3-p1e-3-rz2e-2--symft-single,,coherent-surface-d3-r3-p1e-3-rz2e-2,coherent-noise-surface-code,symft-0.1.0-9ec5790,SymFT,0.1.0,symft,throughput,false,1,1,AMD EPYC 9R14,m7a.xlarge,ami-0f8a61b66d1accaee,1b278a28-9935-4699-80c1-f2b5a60ada49,3,28,2026-08-24T20:04:00.144930Z,30.00000611041969,4228776,4228776,1579390,2649386,0,140959.17128934347
current-tools-v1-20260824-r1,current-tools-v1,aws-m7a-xlarge-ubuntu2404-v1,symft-single,121c76f6-331d-45f5-9159-ccba6d06ef1d,1,1,coherent-surface-d3-r3-p1e-3-rz2e-2--symft-single,,coherent-surface-d3-r3-p1e-3-rz2e-2,coherent-noise-surface-code,symft-0.1.0-9ec5790,SymFT,0.1.0,symft,throughput,false,1,1,AMD EPYC 9R14,m7a.xlarge,ami-0f8a61b66d1accaee,1b278a28-9935-4699-80c1-f2b5a60ada49,4,29,2026-08-24T20:04:37.661619Z,30.00000192997277,4236027,4236027,1580639,2655388,0,141200.8909162042
current-tools-v1-20260824-r1,current-tools-v1,aws-m7a-xlarge-ubuntu2404-v1,symft-single,121c76f6-331d-45f5-9159-ccba6d06ef1d,1,1,coherent-surface-d5-r1-p1e-3-rz2e-2--symft-single,,coherent-surface-d5-r1-p1e-3-rz2e-2,coherent-noise-surface-code,symft-0.1.0-9ec5790,SymFT,0.1.0,symft,throughput,false,1,1,AMD EPYC 9R14,m7a.xlarge,ami-0f8a61b66d1accaee,1b278a28-9935-4699-80c1-f2b5a60ada49,0,30,2026-08-24T20:05:15.032820Z,30.000019414157123,877212,877212,814717,62495,0,29240.38107742158
current-tools-v1-20260824-r1,current-tools-v1,aws-m7a-xlarge-ubuntu2404-v1,symft-single,121c76f6-331d-45f5-9159-ccba6d06ef1d,1,1,coherent-surface-d5-r1-p1e-3-rz2e-2--symft-single,,coherent-surface-d5-r1-p1e-3-rz2e-2,coherent-noise-surface-code,symft-0.1.0-9ec5790,SymFT,0.1.0,symft,throughput,false,1,1,AMD EPYC 9R14,m7a.xlarge,ami-0f8a61b66d1accaee,1b278a28-9935-4699-80c1-f2b5a60ada49,1,31,2026-08-24T20:05:46.575173Z,30.000017837103314,877098,877098,814726,62372,0,29236.582616801843
current-tools-v1-20260824-r1,current-tools-v1,aws-m7a-xlarge-ubuntu2404-v1,symft-single,121c76f6-331d-45f5-9159-ccba6d06ef1d,1,1,coherent-surface-d5-r1-p1e-3-rz2e-2--symft-single,,coherent-surface-d5-r1-p1e-3-rz2e-2,coherent-noise-surface-code,symft-0.1.0-9ec5790,SymFT,0.1.0,symft,throughput,false,1,1,AMD EPYC 9R14,m7a.xlarge,ami-0f8a61b66d1accaee,1b278a28-9935-4699-80c1-f2b5a60ada49,2,32,2026-08-24T20:06:18.127040Z,30.000025925181035,876550,876550,814205,62345,0,29218.30808366911
current-tools-v1-20260824-r1,current-tools-v1,aws-m7a-xlarge-ubuntu2404-v1,symft-single,121c76f6-331d-45f5-9159-ccba6d06ef1d,1,1,coherent-surface-d5-r1-p1e-3-rz2e-2--symft-single,,coherent-surface-d5-r1-p1e-3-rz2e-2,coherent-noise-surface-code,symft-0.1.0-9ec5790,SymFT,0.1.0,symft,throughput,false,1,1,AMD EPYC 9R14,m7a.xlarge,ami-0f8a61b66d1accaee,1b278a28-9935-4699-80c1-f2b5a60ada49,3,33,2026-08-24T20:06:49.663713Z,30.000021558838398,877970,877970,815697,62273,0,29265.645635555837
current-tools-v1-20260824-r1,current-tools-v1,aws-m7a-xlarge-ubuntu2404-v1,symft-single,121c76f6-331d-45f5-9159-ccba6d06ef1d,1,1,coherent-surface-d5-r1-p1e-3-rz2e-2--symft-single,,coherent-surface-d5-r1-p1e-3-rz2e-2,coherent-noise-surface-code,symft-0.1.0-9ec5790,SymFT,0.1.0,symft,throughput,false,1,1,AMD EPYC 9R14,m7a.xlarge,ami-0f8a61b66d1accaee,1b278a28-9935-4699-80c1-f2b5a60ada49,4,34,2026-08-24T20:07:21.218939Z,30.00001985681274,877486,877486,815032,62454,0,29249.51397326261
current-tools-v1-20260824-r1,current-tools-v1,aws-m7a-xlarge-ubuntu2404-v1,symft-single,121c76f6-331d-45f5-9159-ccba6d06ef1d,1,1,coherent-surface-d5-r5-p1e-3-rz2e-2--symft-single,,coherent-surface-d5-r5-p1e-3-rz2e-2,coherent-noise-surface-code,symft-0.1.0-9ec5790,SymFT,0.1.0,symft,throughput,false,1,1,AMD EPYC 9R14,m7a.xlarge,ami-0f8a61b66d1accaee,1b278a28-9935-4699-80c1-f2b5a60ada49,0,35,2026-08-24T20:07:53.111216Z,30.001817862996177,1945,1945,10,1935,0,64.82940496745485
current-tools-v1-20260824-r1,current-tools-v1,aws-m7a-xlarge-ubuntu2404-v1,symft-single,121c76f6-331d-45f5-9159-ccba6d06ef1d,1,1,coherent-surface-d5-r5-p1e-3-rz2e-2--symft-single,,coherent-surface-d5-r5-p1e-3-rz2e-2,coherent-noise-surface-code,symft-0.1.0-9ec5790,SymFT,0.1.0,symft,throughput,false,1,1,AMD EPYC 9R14,m7a.xlarge,ami-0f8a61b66d1accaee,1b278a28-9935-4699-80c1-f2b5a60ada49,1,36,2026-08-24T20:08:23.122359Z,30.000464410003133,1962,1962,13,1949,0,65.39898760186543
current-tools-v1-20260824-r1,current-tools-v1,aws-m7a-xlarge-ubuntu2404-v1,symft-single,121c76f6-331d-45f5-9159-ccba6d06ef1d,1,1,coherent-surface-d5-r5-p1e-3-rz2e-2--symft-single,,coherent-surface-d5-r5-p1e-3-rz2e-2,coherent-noise-surface-code,symft-0.1.0-9ec5790,SymFT,0.1.0,symft,throughput,false,1,1,AMD EPYC 9R14,m7a.xlarge,ami-0f8a61b66d1accaee,1b278a28-9935-4699-80c1-f2b5a60ada49,2,37,2026-08-24T20:08:53.132274Z,30.001550561004024,1921,1921,18,1903,0,64.03002391806086
current-tools-v1-20260824-r1,current-tools-v1,aws-m7a-xlarge-ubuntu2404-v1,symft-single,121c76f6-331d-45f5-9159-ccba6d06ef1d,1,1,coherent-surface-d5-r5-p1e-3-rz2e-2--symft-single,,coherent-surface-d5-r5-p1e-3-rz2e-2,coherent-noise-surface-code,symft-0.1.0-9ec5790,SymFT,0.1.0,symft,throughput,false,1,1,AMD EPYC 9R14,m7a.xlarge,ami-0f8a61b66d1accaee,1b278a28-9935-4699-80c1-f2b5a60ada49,3,38,2026-08-24T20:09:23.143917Z,30.025767206001547,1973,1973,14,1959,0,65.71022770088076
current-tools-v1-20260824-r1,current-tools-v1,aws-m7a-xlarge-ubuntu2404-v1,symft-single,121c76f6-331d-45f5-9159-ccba6d06ef1d,1,1,coherent-surface-d5-r5-p1e-3-rz2e-2--symft-single,,coherent-surface-d5-r5-p1e-3-rz2e-2,coherent-noise-surface-code,symft-0.1.0-9ec5790,SymFT,0.1.0,symft,throughput,false,1,1,AMD EPYC 9R14,m7a.xlarge,ami-0f8a61b66d1accaee,1b278a28-9935-4699-80c1-f2b5a60ada49,4,39,2026-08-24T20:09:53.180495Z,30.009688293990166,1994,1994,8,1986,0,66.44520864281435
current-tools-v1-20260824-r1,current-tools-v1,aws-m7a-xlarge-ubuntu2404-v1,symft-single,ba7fd3c5-6f6d-40e5-adfe-79010cb0dc7d,2,1,msc-d3-inject-cultivate-p1e-3--symft-single,,msc-d3-inject-cultivate-p1e-3,magic-state-cultivation,symft-0.1.0-9ec5790,SymFT,0.1.0,symft,throughput,false,1,1,AMD EPYC 9R14,m7a.xlarge,ami-0f8a61b66d1accaee,8d0d29ac-0568-47e1-ac63-2f8ea1b47b4f,0,0,2026-08-24T21:56:50.479395Z,30.000001915910616,2947796,2947796,2024068,923728,0,98259.86039142968
current-tools-v1-20260824-r1,current-tools-v1,aws-m7a-xlarge-ubuntu2404-v1,symft-single,ba7fd3c5-6f6d-40e5-adfe-79010cb0dc7d,2,1,msc-d3-inject-cultivate-p1e-3--symft-single,,msc-d3-inject-cultivate-p1e-3,magic-state-cultivation,symft-0.1.0-9ec5790,SymFT,0.1.0,symft,throughput,false,1,1,AMD EPYC 9R14,m7a.xlarge,ami-0f8a61b66d1accaee,8d0d29ac-0568-47e1-ac63-2f8ea1b47b4f,1,1,2026-08-24T21:57:25.636810Z,30.000002995141585,2950618,2950618,2027837,922781,4,98353.92351386911
current-tools-v1-20260824-r1,current-tools-v1,aws-m7a-xlarge-ubuntu2404-v1,symft-single,ba7fd3c5-6f6d-40e5-adfe-79010cb0dc7d,2,1,msc-d3-inject-cultivate-p1e-3--symft-single,,msc-d3-inject-cultivate-p1e-3,magic-state-cultivation,symft-0.1.0-9ec5790,SymFT,0.1.0,symft,throughput,false,1,1,AMD EPYC 9R14,m7a.xlarge,ami-0f8a61b66d1accaee,8d0d29ac-0568-47e1-ac63-2f8ea1b47b4f,2,2,2026-08-24T21:58:00.874765Z,30.00000076840479,2957587,2957587,2032376,925211,2,98586.2308081956
current-tools-v1-20260824-r1,current-tools-v1,aws-m7a-xlarge-ubuntu2404-v1,symft-single,ba7fd3c5-6f6d-40e5-adfe-79010cb0dc7d,2,1,msc-d3-inject-cultivate-p1e-3--symft-single,,msc-d3-inject-cultivate-p1e-3,magic-state-cultivation,symft-0.1.0-9ec5790,SymFT,0.1.0,symft,throughput,false,1,1,AMD EPYC 9R14,m7a.xlarge,ami-0f8a61b66d1accaee,8d0d29ac-0568-47e1-ac63-2f8ea1b47b4f,3,3,2026-08-24T21:58:36.001868Z,30.000001183148925,2949902,2949902,2025106,924796,2,98330.06278869639
current-tools-v1-20260824-r1,current-tools-v1,aws-m7a-xlarge-ubuntu2404-v1,symft-single,ba7fd3c5-6f6d-40e5-adfe-79010cb0dc7d,2,1,msc-d3-inject-cultivate-p1e-3--symft-single,,msc-d3-inject-cultivate-p1e-3,magic-state-cultivation,symft-0.1.0-9ec5790,SymFT,0.1.0,symft,throughput,false,1,1,AMD EPYC 9R14,m7a.xlarge,ami-0f8a61b66d1accaee,8d0d29ac-0568-47e1-ac63-2f8ea1b47b4f,4,4,2026-08-24T21:59:11.223756Z,30.000006367120477,2943864,2943864,2021276,922588,0,98128.77917340802
current-tools-v1-20260824-r1,current-tools-v1,aws-m7a-xlarge-ubuntu2404-v1,symft-single,ba7fd3c5-6f6d-40e5-adfe-79010cb0dc7d,2,1,msc-d5-inject-cultivate-p1e-3--symft-single,,msc-d5-inject-cultivate-p1e-3,magic-state-cultivation,symft-0.1.0-9ec5790,SymFT,0.1.0,symft,throughput,false,1,1,AMD EPYC 9R14,m7a.xlarge,ami-0f8a61b66d1accaee,8d0d29ac-0568-47e1-ac63-2f8ea1b47b4f,0,5,2026-08-24T21:59:47.053152Z,30.00001559318389,650595,650595,93852,556743,0,21686.48872795311
current-tools-v1-20260824-r1,current-tools-v1,aws-m7a-xlarge-ubuntu2404-v1,symft-single,ba7fd3c5-6f6d-40e5-adfe-79010cb0dc7d,2,1,msc-d5-inject-cultivate-p1e-3--symft-single,,msc-d5-inject-cultivate-p1e-3,magic-state-cultivation,symft-0.1.0-9ec5790,SymFT,0.1.0,symft,throughput,false,1,1,AMD EPYC 9R14,m7a.xlarge,ami-0f8a61b66d1accaee,8d0d29ac-0568-47e1-ac63-2f8ea1b47b4f,1,6,2026-08-24T22:00:18.250012Z,30.000012264071756,650813,650813,93446,557367,0,21693.75779820659
current-tools-v1-20260824-r1,current-tools-v1,aws-m7a-xlarge-ubuntu2404-v1,symft-single,ba7fd3c5-6f6d-40e5-adfe-79010cb0dc7d,2,1,msc-d5-inject-cultivate-p1e-3--symft-single,,msc-d5-inject-cultivate-p1e-3,magic-state-cultivation,symft-0.1.0-9ec5790,SymFT,0.1.0,symft,throughput,false,1,1,AMD EPYC 9R14,m7a.xlarge,ami-0f8a61b66d1accaee,8d0d29ac-0568-47e1-ac63-2f8ea1b47b4f,2,7,2026-08-24T22:00:49.473318Z,30.00001668087998,651735,651735,93964,557771,0,21724.48792054748
current-tools-v1-20260824-r1,current-tools-v1,aws-m7a-xlarge-ubuntu2404-v1,symft-single,ba7fd3c5-6f6d-40e5-adfe-79010cb0dc7d,2,1,msc-d5-inject-cultivate-p1e-3--symft-single,,msc-d5-inject-cultivate-p1e-3,magic-state-cultivation,symft-0.1.0-9ec5790,SymFT,0.1.0,symft,throughput,false,1,1,AMD EPYC 9R14,m7a.xlarge,ami-0f8a61b66d1accaee,8d0d29ac-0568-47e1-ac63-2f8ea1b47b4f,3,8,2026-08-24T22:01:20.657079Z,30.00003674438767,650794,650794,93196,557598,0,21693.106763335843
current-tools-v1-20260824-r1,current-tools-v1,aws-m7a-xlarge-ubuntu2404-v1,symft-single,ba7fd3c5-6f6d-40e5-adfe-79010cb0dc7d,2,1,msc-d5-inject-cultivate-p1e-3--symft-single,,msc-d5-inject-cultivate-p1e-3,magic-state-cultivation,symft-0.1.0-9ec5790,SymFT,0.1.0,symft,throughput,false,1,1,AMD EPYC 9R14,m7a.xlarge,ami-0f8a61b66d1accaee,8d0d29ac-0568-47e1-ac63-2f8ea1b47b4f,4,9,2026-08-24T22:01:51.880564Z,30.00002713984395,650358,650358,93656,556702,0,21678.580388223705
current-tools-v1-20260824-r1,current-tools-v1,aws-m7a-xlarge-ubuntu2404-v1,symft-single,ba7fd3c5-6f6d-40e5-adfe-79010cb0dc7d,2,1,distillation-color-code-85q-p5e-2--symft-single,,distillation-color-code-85q-p5e-2,magic-state-distillation,symft-0.1.0-9ec5790,SymFT,0.1.0,symft,throughput,false,1,1,AMD EPYC 9R14,m7a.xlarge,ami-0f8a61b66d1accaee,8d0d29ac-0568-47e1-ac63-2f8ea1b47b4f,0,10,2026-08-24T22:02:23.205558Z,30.000005235035133,3003352,3003352,240268,2763084,139091,100111.71586372168
current-tools-v1-20260824-r1,current-tools-v1,aws-m7a-xlarge-ubuntu2404-v1,symft-single,ba7fd3c5-6f6d-40e5-adfe-79010cb0dc7d,2,1,distillation-color-code-85q-p5e-2--symft-single,,distillation-color-code-85q-p5e-2,magic-state-distillation,symft-0.1.0-9ec5790,SymFT,0.1.0,symft,throughput,false,1,1,AMD EPYC 9R14,m7a.xlarge,ami-0f8a61b66d1accaee,8d0d29ac-0568-47e1-ac63-2f8ea1b47b4f,1,11,2026-08-24T22:02:58.544261Z,30.000001141675966,3020013,3020013,240060,2779953,139133,100667.09616902652
current-tools-v1-20260824-r1,current-tools-v1,aws-m7a-xlarge-ubuntu2404-v1,symft-single,ba7fd3c5-6f6d-40e5-adfe-79010cb0dc7d,2,1,distillation-color-code-85q-p5e-2--symft-single,,distillation-color-code-85q-p5e-2,magic-state-distillation,symft-0.1.0-9ec5790,SymFT,0.1.0,symft,throughput,false,1,1,AMD EPYC 9R14,m7a.xlarge,ami-0f8a61b66d1accaee,8d0d29ac-0568-47e1-ac63-2f8ea1b47b4f,2,12,2026-08-24T22:03:33.988486Z,30.000000018173978,3015961,3015961,240171,2775790,139566,100532.0332724311
current-tools-v1-20260824-r1,current-tools-v1,aws-m7a-xlarge-ubuntu2404-v1,symft-single,ba7fd3c5-6f6d-40e5-adfe-79010cb0dc7d,2,1,distillation-color-code-85q-p5e-2--symft-single,,distillation-color-code-85q-p5e-2,magic-state-distillation,symft-0.1.0-9ec5790,SymFT,0.1.0,symft,throughput,false,1,1,AMD EPYC 9R14,m7a.xlarge,ami-0f8a61b66d1accaee,8d0d29ac-0568-47e1-ac63-2f8ea1b47b4f,3,13,2026-08-24T22:04:09.387196Z,30.0000089781297,3016295,3016295,240930,2775365,139316,100543.13657702265
current-tools-v1-20260824-r1,current-tools-v1,aws-m7a-xlarge-ubuntu2404-v1,symft-single,ba7fd3c5-6f6d-40e5-adfe-79010cb0dc7d,2,1,distillation-color-code-85q-p5e-2--symft-single,,distillation-color-code-85q-p5e-2,magic-state-distillation,symft-0.1.0-9ec5790,SymFT,0.1.0,symft,throughput,false,1,1,AMD EPYC 9R14,m7a.xlarge,ami-0f8a61b66d1accaee,8d0d29ac-0568-47e1-ac63-2f8ea1b47b4f,4,14,2026-08-24T22:04:44.820839Z,30.000008851271105,3021209,3021209,241385,2779824,139642,100706.93695385329
current-tools-v1-20260824-r1,current-tools-v1,aws-m7a-xlarge-ubuntu2404-v1,symft-single,ba7fd3c5-6f6d-40e5-adfe-79010cb0dc7d,2,1,surface-code-d7-r7-p1e-3--symft-single,,surface-code-d7-r7-p1e-3,surface-code-memory,symft-0.1.0-9ec5790,SymFT,0.1.0,symft,throughput,false,1,1,AMD EPYC 9R14,m7a.xlarge,ami-0f8a61b66d1accaee,8d0d29ac-0568-47e1-ac63-2f8ea1b47b4f,0,15,2026-08-24T22:05:20.460064Z,30.00002351791227,1021147,1021147,89797,931350,0,34038.20664974808
current-tools-v1-20260824-r1,current-tools-v1,aws-m7a-xlarge-ubuntu2404-v1,symft-single,ba7fd3c5-6f6d-40e5-adfe-79010cb0dc7d,2,1,surface-code-d7-r7-p1e-3--symft-single,,surface-code-d7-r7-p1e-3,surface-code-memory,symft-0.1.0-9ec5790,SymFT,0.1.0,symft,throughput,false,1,1,AMD EPYC 9R14,m7a.xlarge,ami-0f8a61b66d1accaee,8d0d29ac-0568-47e1-ac63-2f8ea1b47b4f,1,16,2026-08-24T22:05:52.238540Z,30.00002003974805,1022221,1022221,90183,932038,0,34074.010572180436
current-tools-v1-20260824-r1,current-tools-v1,aws-m7a-xlarge-ubuntu2404-v1,symft-single,ba7fd3c5-6f6d-40e5-adfe-79010cb0dc7d,2,1,surface-code-d7-r7-p1e-3--symft-single,,surface-code-d7-r7-p1e-3,surface-code-memory,symft-0.1.0-9ec5790,SymFT,0.1.0,symft,throughput,false,1,1,AMD EPYC 9R14,m7a.xlarge,ami-0f8a61b66d1accaee,8d0d29ac-0568-47e1-ac63-2f8ea1b47b4f,2,17,2026-08-24T22:06:24.039285Z,30.000010795248727,1020031,1020031,90063,929968,0,34001.02109835068
current-tools-v1-20260824-r1,current-tools-v1,aws-m7a-xlarge-ubuntu2404-v1,symft-single,ba7fd3c5-6f6d-40e5-adfe-79010cb0dc7d,2,1,surface-code-d7-r7-p1e-3--symft-single,,surface-code-d7-r7-p1e-3,surface-code-memory,symft-0.1.0-9ec5790,SymFT,0.1.0,symft,throughput,false,1,1,AMD EPYC 9R14,m7a.xlarge,ami-0f8a61b66d1accaee,8d0d29ac-0568-47e1-ac63-2f8ea1b47b4f,3,18,2026-08-24T22:06:55.810044Z,30.000023118102945,1019827,1019827,89512,930315,0,33994.20713728066
current-tools-v1-20260824-r1,current-tools-v1,aws-m7a-xlarge-ubuntu2404-v1,symft-single,ba7fd3c5-6f6d-40e5-adfe-79010cb0dc7d,2,1,surface-code-d7-r7-p1e-3--symft-single,,surface-code-d7-r7-p1e-3,surface-code-memory,symft-0.1.0-9ec5790,SymFT,0.1.0,symft,throughput,false,1,1,AMD EPYC 9R14,m7a.xlarge,ami-0f8a61b66d1accaee,8d0d29ac-0568-47e1-ac63-2f8ea1b47b4f,4,19,2026-08-24T22:07:27.627489Z,30.00002926675006,1022232,1022232,89965,932267,0,34074.366758467484
current-tools-v1-20260824-r1,current-tools-v1,aws-m7a-xlarge-ubuntu2404-v1,symft-single,ba7fd3c5-6f6d-40e5-adfe-79010cb0dc7d,2,1,coherent-surface-d3-r1-p1e-3-rz2e-2--symft-single,,coherent-surface-d3-r1-p1e-3-rz2e-2,coherent-noise-surface-code,symft-0.1.0-9ec5790,SymFT,0.1.0,symft,throughput,false,1,1,AMD EPYC 9R14,m7a.xlarge,ami-0f8a61b66d1accaee,8d0d29ac-0568-47e1-ac63-2f8ea1b47b4f,0,20,2026-08-24T22:07:59.522132Z,30.000004692648417,5719900,5719900,5572339,147561,0,190663.30350947168
current-tools-v1-20260824-r1,current-tools-v1,aws-m7a-xlarge-ubuntu2404-v1,symft-single,ba7fd3c5-6f6d-40e5-adfe-79010cb0dc7d,2,1,coherent-surface-d3-r1-p1e-3-rz2e-2--symft-single,,coherent-surface-d3-r1-p1e-3-rz2e-2,coherent-noise-surface-code,symft-0.1.0-9ec5790,SymFT,0.1.0,symft,throughput,false,1,1,AMD EPYC 9R14,m7a.xlarge,ami-0f8a61b66d1accaee,8d0d29ac-0568-47e1-ac63-2f8ea1b47b4f,1,21,2026-08-24T22:08:39.922371Z,30.000001857832103,5724658,5724658,5577800,146858,0,190821.9215161636
current-tools-v1-20260824-r1,current-tools-v1,aws-m7a-xlarge-ubuntu2404-v1,symft-single,ba7fd3c5-6f6d-40e5-adfe-79010cb0dc7d,2,1,coherent-surface-d3-r1-p1e-3-rz2e-2--symft-single,,coherent-surface-d3-r1-p1e-3-rz2e-2,coherent-noise-surface-code,symft-0.1.0-9ec5790,SymFT,0.1.0,symft,throughput,false,1,1,AMD EPYC 9R14,m7a.xlarge,ami-0f8a61b66d1accaee,8d0d29ac-0568-47e1-ac63-2f8ea1b47b4f,2,22,2026-08-24T22:09:20.363485Z,30.00000344695127,5724890,5724890,5578015,146875,0,190829.64474065046
current-tools-v1-20260824-r1,current-tools-v1,aws-m7a-xlarge-ubuntu2404-v1,symft-single,ba7fd3c5-6f6d-40e5-adfe-79010cb0dc7d,2,1,coherent-surface-d3-r1-p1e-3-rz2e-2--symft-single,,coherent-surface-d3-r1-p1e-3-rz2e-2,coherent-noise-surface-code,symft-0.1.0-9ec5790,SymFT,0.1.0,symft,throughput,false,1,1,AMD EPYC 9R14,m7a.xlarge,ami-0f8a61b66d1accaee,8d0d29ac-0568-47e1-ac63-2f8ea1b47b4f,3,23,2026-08-24T22:10:00.737292Z,30.000001668990535,5733830,5733830,5586920,146910,0,191127.65603365836
current-tools-v1-20260824-r1,current-tools-v1,aws-m7a-xlarge-ubuntu2404-v1,symft-single,ba7fd3c5-6f6d-40e5-adfe-79010cb0dc7d,2,1,coherent-surface-d3-r1-p1e-3-rz2e-2--symft-single,,coherent-surface-d3-r1-p1e-3-rz2e-2,coherent-noise-surface-code,symft-0.1.0-9ec5790,SymFT,0.1.0,symft,throughput,false,1,1,AMD EPYC 9R14,m7a.xlarge,ami-0f8a61b66d1accaee,8d0d29ac-0568-47e1-ac63-2f8ea1b47b4f,4,24,2026-08-24T22:10:41.213977Z,30.000002860637778,5738314,5738314,5591285,147029,0,191277.11509418194
current-tools-v1-20260824-r1,current-tools-v1,aws-m7a-xlarge-ubuntu2404-v1,symft-single,ba7fd3c5-6f6d-40e5-adfe-79010cb0dc7d,2,1,coherent-surface-d3-r3-p1e-3-rz2e-2--symft-single,,coherent-surface-d3-r3-p1e-3-rz2e-2,coherent-noise-surface-code,symft-0.1.0-9ec5790,SymFT,0.1.0,symft,throughput,false,1,1,AMD EPYC 9R14,m7a.xlarge,ami-0f8a61b66d1accaee,8d0d29ac-0568-47e1-ac63-2f8ea1b47b4f,0,25,2026-08-24T22:11:21.671136Z,30.000006237200523,4201633,4201633,1568422,2633211,0,140054.40421508657
current-tools-v1-20260824-r1,current-tools-v1,aws-m7a-xlarge-ubuntu2404-v1,symft-single,ba7fd3c5-6f6d-40e5-adfe-79010cb0dc7d,2,1,coherent-surface-d3-r3-p1e-3-rz2e-2--symft-single,,coherent-surface-d3-r3-p1e-3-rz2e-2,coherent-noise-surface-code,symft-0.1.0-9ec5790,SymFT,0.1.0,symft,throughput,false,1,1,AMD EPYC 9R14,m7a.xlarge,ami-0f8a61b66d1accaee,8d0d29ac-0568-47e1-ac63-2f8ea1b47b4f,1,26,2026-08-24T22:11:59.197344Z,30.000000614876626,4206936,4206936,1570737,2636199,0,140231.19712583715
current-tools-v1-20260824-r1,current-tools-v1,aws-m7a-xlarge-ubuntu2404-v1,symft-single,ba7fd3c5-6f6d-40e5-adfe-79010cb0dc7d,2,1,coherent-surface-d3-r3-p1e-3-rz2e-2--symft-single,,coherent-surface-d3-r3-p1e-3-rz2e-2,coherent-noise-surface-code,symft-0.1.0-9ec5790,SymFT,0.1.0,symft,throughput,false,1,1,AMD EPYC 9R14,m7a.xlarge,ami-0f8a61b66d1accaee,8d0d29ac-0568-47e1-ac63-2f8ea1b47b4f,2,27,2026-08-24T22:12:36.750543Z,30.000005352623702,4209101,4209101,1569913,2639188,0,140303.3416336336
current-tools-v1-20260824-r1,current-tools-v1,aws-m7a-xlarge-ubuntu2404-v1,symft-single,ba7fd3c5-6f6d-40e5-adfe-79010cb0dc7d,2,1,coherent-surface-d3-r3-p1e-3-rz2e-2--symft-single,,coherent-surface-d3-r3-p1e-3-rz2e-2,coherent-noise-surface-code,symft-0.1.0-9ec5790,SymFT,0.1.0,symft,throughput,false,1,1,AMD EPYC 9R14,m7a.xlarge,ami-0f8a61b66d1accaee,8d0d29ac-0568-47e1-ac63-2f8ea1b47b4f,3,28,2026-08-24T22:13:14.265012Z,30.000000620469564,4209395,4209395,1572103,2637292,0,140313.16376466508
current-tools-v1-20260824-r1,current-tools-v1,aws-m7a-xlarge-ubuntu2404-v1,symft-single,ba7fd3c5-6f6d-40e5-adfe-79010cb0dc7d,2,1,coherent-surface-d3-r3-p1e-3-rz2e-2--symft-single,,coherent-surface-d3-r3-p1e-3-rz2e-2,coherent-noise-surface-code,symft-0.1.0-9ec5790,SymFT,0.1.0,symft,throughput,false,1,1,AMD EPYC 9R14,m7a.xlarge,ami-0f8a61b66d1accaee,8d0d29ac-0568-47e1-ac63-2f8ea1b47b4f,4,29,2026-08-24T22:13:51.795895Z,30.00000217960678,4221713,4221713,1575347,2646366,0,140723.75644258488
current-tools-v1-20260824-r1,current-tools-v1,aws-m7a-xlarge-ubuntu2404-v1,symft-single,ba7fd3c5-6f6d-40e5-adfe-79010cb0dc7d,2,1,coherent-surface-d5-r1-p1e-3-rz2e-2--symft-single,,coherent-surface-d5-r1-p1e-3-rz2e-2,coherent-noise-surface-code,symft-0.1.0-9ec5790,SymFT,0.1.0,symft,throughput,false,1,1,AMD EPYC 9R14,m7a.xlarge,ami-0f8a61b66d1accaee,8d0d29ac-0568-47e1-ac63-2f8ea1b47b4f,0,30,2026-08-24T22:14:29.468045Z,30.000028745951568,758530,758530,704642,53888,0,25284.309105949167
current-tools-v1-20260824-r1,current-tools-v1,aws-m7a-xlarge-ubuntu2404-v1,symft-single,ba7fd3c5-6f6d-40e5-adfe-79010cb0dc7d,2,1,coherent-surface-d5-r1-p1e-3-rz2e-2--symft-single,,coherent-surface-d5-r1-p1e-3-rz2e-2,coherent-noise-surface-code,symft-0.1.0-9ec5790,SymFT,0.1.0,symft,throughput,false,1,1,AMD EPYC 9R14,m7a.xlarge,ami-0f8a61b66d1accaee,8d0d29ac-0568-47e1-ac63-2f8ea1b47b4f,1,31,2026-08-24T22:15:00.792694Z,30.00003538618921,757079,757079,703317,53762,0,25235.936899878732
current-tools-v1-20260824-r1,current-tools-v1,aws-m7a-xlarge-ubuntu2404-v1,symft-single,ba7fd3c5-6f6d-40e5-adfe-79010cb0dc7d,2,1,coherent-surface-d5-r1-p1e-3-rz2e-2--symft-single,,coherent-surface-d5-r1-p1e-3-rz2e-2,coherent-noise-surface-code,symft-0.1.0-9ec5790,SymFT,0.1.0,symft,throughput,false,1,1,AMD EPYC 9R14,m7a.xlarge,ami-0f8a61b66d1accaee,8d0d29ac-0568-47e1-ac63-2f8ea1b47b4f,2,32,2026-08-24T22:15:32.149162Z,30.000028260131785,758322,758322,704469,53853,0,25277.376188600592
current-tools-v1-20260824-r1,current-tools-v1,aws-m7a-xlarge-ubuntu2404-v1,symft-single,ba7fd3c5-6f6d-40e5-adfe-79010cb0dc7d,2,1,coherent-surface-d5-r1-p1e-3-rz2e-2--symft-single,,coherent-surface-d5-r1-p1e-3-rz2e-2,coherent-noise-surface-code,symft-0.1.0-9ec5790,SymFT,0.1.0,symft,throughput,false,1,1,AMD EPYC 9R14,m7a.xlarge,ami-0f8a61b66d1accaee,8d0d29ac-0568-47e1-ac63-2f8ea1b47b4f,3,33,2026-08-24T22:16:03.469459Z,30.000011051280126,758939,758939,705124,53815,0,25297.957347506224
current-tools-v1-20260824-r1,current-tools-v1,aws-m7a-xlarge-ubuntu2404-v1,symft-single,ba7fd3c5-6f6d-40e5-adfe-79010cb0dc7d,2,1,coherent-surface-d5-r1-p1e-3-rz2e-2--symft-single,,coherent-surface-d5-r1-p1e-3-rz2e-2,coherent-noise-surface-code,symft-0.1.0-9ec5790,SymFT,0.1.0,symft,throughput,false,1,1,AMD EPYC 9R14,m7a.xlarge,ami-0f8a61b66d1accaee,8d0d29ac-0568-47e1-ac63-2f8ea1b47b4f,4,34,2026-08-24T22:16:34.818840Z,30.00000084298199,758706,758706,704632,54074,0,25290.199289360582
current-tools-v1-20260824-r1,current-tools-v1,aws-m7a-xlarge-ubuntu2404-v1,symft-single,ba7fd3c5-6f6d-40e5-adfe-79010cb0dc7d,2,1,coherent-surface-d5-r5-p1e-3-rz2e-2--symft-single,,coherent-surface-d5-r5-p1e-3-rz2e-2,coherent-noise-surface-code,symft-0.1.0-9ec5790,SymFT,0.1.0,symft,throughput,false,1,1,AMD EPYC 9R14,m7a.xlarge,ami-0f8a61b66d1accaee,8d0d29ac-0568-47e1-ac63-2f8ea1b47b4f,0,35,2026-08-24T22:17:06.499732Z,30.01682818599511,1894,1894,10,1884,0,63.0979392047718
current-tools-v1-20260824-r1,current-tools-v1,aws-m7a-xlarge-ubuntu2404-v1,symft-single,ba7fd3c5-6f6d-40e5-adfe-79010cb0dc7d,2,1,coherent-surface-d5-r5-p1e-3-rz2e-2--symft-single,,coherent-surface-d5-r5-p1e-3-rz2e-2,coherent-noise-surface-code,symft-0.1.0-9ec5790,SymFT,0.1.0,symft,throughput,false,1,1,AMD EPYC 9R14,m7a.xlarge,ami-0f8a61b66d1accaee,8d0d29ac-0568-47e1-ac63-2f8ea1b47b4f,1,36,2026-08-24T22:17:36.526745Z,30.004009994994703,1907,1907,13,1894,0,63.558171068404775
current-tools-v1-20260824-r1,current-tools-v1,aws-m7a-xlarge-ubuntu2404-v1,symft-single,ba7fd3c5-6f6d-40e5-adfe-79010cb0dc7d,2,1,coherent-surface-d5-r5-p1e-3-rz2e-2--symft-single,,coherent-surface-d5-r5-p1e-3-rz2e-2,coherent-noise-surface-code,symft-0.1.0-9ec5790,SymFT,0.1.0,symft,throughput,false,1,1,AMD EPYC 9R14,m7a.xlarge,ami-0f8a61b66d1accaee,8d0d29ac-0568-47e1-ac63-2f8ea1b47b4f,2,37,2026-08-24T22:18:06.541083Z,30.01224142400497,1870,1870,18,1852,0,62.30790874900468
current-tools-v1-20260824-r1,current-tools-v1,aws-m7a-xlarge-ubuntu2404-v1,symft-single,ba7fd3c5-6f6d-40e5-adfe-79010cb0dc7d,2,1,coherent-surface-d5-r5-p1e-3-rz2e-2--symft-single,,coherent-surface-d5-r5-p1e-3-rz2e-2,coherent-noise-surface-code,symft-0.1.0-9ec5790,SymFT,0.1.0,symft,throughput,false,1,1,AMD EPYC 9R14,m7a.xlarge,ami-0f8a61b66d1accaee,8d0d29ac-0568-47e1-ac63-2f8ea1b47b4f,3,38,2026-08-24T22:18:36.563495Z,30.007733059002476,1919,1919,14,1905,0,63.95018231556449
current-tools-v1-20260824-r1,current-tools-v1,aws-m7a-xlarge-ubuntu2404-v1,symft-single,ba7fd3c5-6f6d-40e5-adfe-79010cb0dc7d,2,1,coherent-surface-d5-r5-p1e-3-rz2e-2--symft-single,,coherent-surface-d5-r5-p1e-3-rz2e-2,coherent-noise-surface-code,symft-0.1.0-9ec5790,SymFT,0.1.0,symft,throughput,false,1,1,AMD EPYC 9R14,m7a.xlarge,ami-0f8a61b66d1accaee,8d0d29ac-0568-47e1-ac63-2f8ea1b47b4f,4,39,2026-08-24T22:19:06.581655Z,30.004431951990227,1944,1944,8,1936,0,64.7904283977305
current-tools-v1-20260824-r1,current-tools-v1,aws-m7a-xlarge-ubuntu2404-v1,symft-single,2d3cd1ef-4874-48f8-a7eb-6be8491343d1,3,1,msc-d3-inject-cultivate-p1e-3--symft-single,,msc-d3-inject-cultivate-p1e-3,magic-state-cultivation,symft-0.1.0-9ec5790,SymFT,0.1.0,symft,throughput,false,1,1,AMD EPYC 9R14,m7a.xlarge,ami-0f8a61b66d1accaee,272f026d-612e-4e7c-8486-8e6f2662eff6,0,0,2026-08-25T11:26:52.511229Z,30.000002953082003,2931589,2931589,2012965,918624,0,97719.62371419794
current-tools-v1-20260824-r1,current-tools-v1,aws-m7a-xlarge-ubuntu2404-v1,symft-single,2d3cd1ef-4874-48f8-a7eb-6be8491343d1,3,1,msc-d3-inject-cultivate-p1e-3--symft-single,,msc-d3-inject-cultivate-p1e-3,magic-state-cultivation,symft-0.1.0-9ec5790,SymFT,0.1.0,symft,throughput,false,1,1,AMD EPYC 9R14,m7a.xlarge,ami-0f8a61b66d1accaee,272f026d-612e-4e7c-8486-8e6f2662eff6,1,1,2026-08-25T11:27:27.633691Z,30.00000801508895,2941534,2941534,2021645,919889,4,98051.10713705515
current-tools-v1-20260824-r1,current-tools-v1,aws-m7a-xlarge-ubuntu2404-v1,symft-single,2d3cd1ef-4874-48f8-a7eb-6be8491343d1,3,1,msc-d3-inject-cultivate-p1e-3--symft-single,,msc-d3-inject-cultivate-p1e-3,magic-state-cultivation,symft-0.1.0-9ec5790,SymFT,0.1.0,symft,throughput,false,1,1,AMD EPYC 9R14,m7a.xlarge,ami-0f8a61b66d1accaee,272f026d-612e-4e7c-8486-8e6f2662eff6,2,2,2026-08-25T11:28:02.736682Z,30.000002947077974,2933504,2933504,2015778,917726,2,97783.45706081759
current-tools-v1-20260824-r1,current-tools-v1,aws-m7a-xlarge-ubuntu2404-v1,symft-single,2d3cd1ef-4874-48f8-a7eb-6be8491343d1,3,1,msc-d3-inject-cultivate-p1e-3--symft-single,,msc-d3-inject-cultivate-p1e-3,magic-state-cultivation,symft-0.1.0-9ec5790,SymFT,0.1.0,symft,throughput,false,1,1,AMD EPYC 9R14,m7a.xlarge,ami-0f8a61b66d1accaee,272f026d-612e-4e7c-8486-8e6f2662eff6,3,3,2026-08-25T11:28:37.831430Z,30.00000544702425,2945909,2945909,2022428,923481,2,98196.9488372946
current-tools-v1-20260824-r1,current-tools-v1,aws-m7a-xlarge-ubuntu2404-v1,symft-single,2d3cd1ef-4874-48f8-a7eb-6be8491343d1,3,1,msc-d3-inject-cultivate-p1e-3--symft-single,,msc-d3-inject-cultivate-p1e-3,magic-state-cultivation,symft-0.1.0-9ec5790,SymFT,0.1.0,symft,throughput,false,1,1,AMD EPYC 9R14,m7a.xlarge,ami-0f8a61b66d1accaee,272f026d-612e-4e7c-8486-8e6f2662eff6,4,4,2026-08-25T11:29:12.957817Z,30.00000069778389,2933427,2933427,2014137,919290,0,97780.89772566882
current-tools-v1-20260824-r1,current-tools-v1,aws-m7a-xlarge-ubuntu2404-v1,symft-single,2d3cd1ef-4874-48f8-a7eb-6be8491343d1,3,1,msc-d5-inject-cultivate-p1e-3--symft-single,,msc-d5-inject-cultivate-p1e-3,magic-state-cultivation,symft-0.1.0-9ec5790,SymFT,0.1.0,symft,throughput,false,1,1,AMD EPYC 9R14,m7a.xlarge,ami-0f8a61b66d1accaee,272f026d-612e-4e7c-8486-8e6f2662eff6,0,5,2026-08-25T11:29:48.704349Z,30.0000272618081,656984,656984,94776,562208,0,21899.446766049492
current-tools-v1-20260824-r1,current-tools-v1,aws-m7a-xlarge-ubuntu2404-v1,symft-single,2d3cd1ef-4874-48f8-a7eb-6be8491343d1,3,1,msc-d5-inject-cultivate-p1e-3--symft-single,,msc-d5-inject-cultivate-p1e-3,magic-state-cultivation,symft-0.1.0-9ec5790,SymFT,0.1.0,symft,throughput,false,1,1,AMD EPYC 9R14,m7a.xlarge,ami-0f8a61b66d1accaee,272f026d-612e-4e7c-8486-8e6f2662eff6,1,6,2026-08-25T11:30:19.870179Z,30.000000438940788,658636,658636,94603,564033,0,21954.533012108666
current-tools-v1-20260824-r1,current-tools-v1,aws-m7a-xlarge-ubuntu2404-v1,symft-single,2d3cd1ef-4874-48f8-a7eb-6be8491343d1,3,1,msc-d5-inject-cultivate-p1e-3--symft-single,,msc-d5-inject-cultivate-p1e-3,magic-state-cultivation,symft-0.1.0-9ec5790,SymFT,0.1.0,symft,throughput,false,1,1,AMD EPYC 9R14,m7a.xlarge,ami-0f8a61b66d1accaee,272f026d-612e-4e7c-8486-8e6f2662eff6,2,7,2026-08-25T11:30:51.043435Z,30.000000982838174,658334,658334,94928,563406,0,21944.465947738037
current-tools-v1-20260824-r1,current-tools-v1,aws-m7a-xlarge-ubuntu2404-v1,symft-single,2d3cd1ef-4874-48f8-a7eb-6be8491343d1,3,1,msc-d5-inject-cultivate-p1e-3--symft-single,,msc-d5-inject-cultivate-p1e-3,magic-state-cultivation,symft-0.1.0-9ec5790,SymFT,0.1.0,symft,throughput,false,1,1,AMD EPYC 9R14,m7a.xlarge,ami-0f8a61b66d1accaee,272f026d-612e-4e7c-8486-8e6f2662eff6,3,8,2026-08-25T11:31:22.207574Z,30.000012852339296,657028,657028,94117,562911,0,21900.923950729815
current-tools-v1-20260824-r1,current-tools-v1,aws-m7a-xlarge-ubuntu2404-v1,symft-single,2d3cd1ef-4874-48f8-a7eb-6be8491343d1,3,1,msc-d5-inject-cultivate-p1e-3--symft-single,,msc-d5-inject-cultivate-p1e-3,magic-state-cultivation,symft-0.1.0-9ec5790,SymFT,0.1.0,symft,throughput,false,1,1,AMD EPYC 9R14,m7a.xlarge,ami-0f8a61b66d1accaee,272f026d-612e-4e7c-8486-8e6f2662eff6,4,9,2026-08-25T11:31:53.397360Z,30.000031128871342,656930,656930,94619,562311,0,21897.6439450353
current-tools-v1-20260824-r1,current-tools-v1,aws-m7a-xlarge-ubuntu2404-v1,symft-single,2d3cd1ef-4874-48f8-a7eb-6be8491343d1,3,1,distillation-color-code-85q-p5e-2--symft-single,,distillation-color-code-85q-p5e-2,magic-state-distillation,symft-0.1.0-9ec5790,SymFT,0.1.0,symft,throughput,false,1,1,AMD EPYC 9R14,m7a.xlarge,ami-0f8a61b66d1accaee,272f026d-612e-4e7c-8486-8e6f2662eff6,0,10,2026-08-25T11:32:24.688644Z,30.00000060137927,3046158,3046158,243712,2802446,141102,101538.59796455974
current-tools-v1-20260824-r1,current-tools-v1,aws-m7a-xlarge-ubuntu2404-v1,symft-single,2d3cd1ef-4874-48f8-a7eb-6be8491343d1,3,1,distillation-color-code-85q-p5e-2--symft-single,,distillation-color-code-85q-p5e-2,magic-state-distillation,symft-0.1.0-9ec5790,SymFT,0.1.0,symft,throughput,false,1,1,AMD EPYC 9R14,m7a.xlarge,ami-0f8a61b66d1accaee,272f026d-612e-4e7c-8486-8e6f2662eff6,1,11,2026-08-25T11:33:00.050352Z,30.000001322408934,3059077,3059077,243125,2815952,140902,101969.22883849936
current-tools-v1-20260824-r1,current-tools-v1,aws-m7a-xlarge-ubuntu2404-v1,symft-single,2d3cd1ef-4874-48f8-a7eb-6be8491343d1,3,1,distillation-color-code-85q-p5e-2--symft-single,,distillation-color-code-85q-p5e-2,magic-state-distillation,symft-0.1.0-9ec5790,SymFT,0.1.0,symft,throughput,false,1,1,AMD EPYC 9R14,m7a.xlarge,ami-0f8a61b66d1accaee,272f026d-612e-4e7c-8486-8e6f2662eff6,2,12,2026-08-25T11:33:35.486425Z,30.00000200538352,3068898,3068898,244356,2824542,141959,102296.59316186993
current-tools-v1-20260824-r1,current-tools-v1,aws-m7a-xlarge-ubuntu2404-v1,symft-single,2d3cd1ef-4874-48f8-a7eb-6be8491343d1,3,1,distillation-color-code-85q-p5e-2--symft-single,,distillation-color-code-85q-p5e-2,magic-state-distillation,symft-0.1.0-9ec5790,SymFT,0.1.0,symft,throughput,false,1,1,AMD EPYC 9R14,m7a.xlarge,ami-0f8a61b66d1accaee,272f026d-612e-4e7c-8486-8e6f2662eff6,3,13,2026-08-25T11:34:10.862318Z,30.00000866596156,3081433,3081433,246145,2835288,142304,102714.40366269754
current-tools-v1-20260824-r1,current-tools-v1,aws-m7a-xlarge-ubuntu2404-v1,symft-single,2d3cd1ef-4874-48f8-a7eb-6be8491343d1,3,1,distillation-color-code-85q-p5e-2--symft-single,,distillation-color-code-85q-p5e-2,magic-state-distillation,symft-0.1.0-9ec5790,SymFT,0.1.0,symft,throughput,false,1,1,AMD EPYC 9R14,m7a.xlarge,ami-0f8a61b66d1accaee,272f026d-612e-4e7c-8486-8e6f2662eff6,4,14,2026-08-25T11:34:46.378035Z,30.000000217101842,3068897,3068897,245203,2823694,141891,102296.56592637424
current-tools-v1-20260824-r1,current-tools-v1,aws-m7a-xlarge-ubuntu2404-v1,symft-single,2d3cd1ef-4874-48f8-a7eb-6be8491343d1,3,1,surface-code-d7-r7-p1e-3--symft-single,,surface-code-d7-r7-p1e-3,surface-code-memory,symft-0.1.0-9ec5790,SymFT,0.1.0,symft,throughput,false,1,1,AMD EPYC 9R14,m7a.xlarge,ami-0f8a61b66d1accaee,272f026d-612e-4e7c-8486-8e6f2662eff6,0,15,2026-08-25T11:35:22.050813Z,30.000026730844638,1028818,1028818,90469,938349,0,34293.90277650043
current-tools-v1-20260824-r1,current-tools-v1,aws-m7a-xlarge-ubuntu2404-v1,symft-single,2d3cd1ef-4874-48f8-a7eb-6be8491343d1,3,1,surface-code-d7-r7-p1e-3--symft-single,,surface-code-d7-r7-p1e-3,surface-code-memory,symft-0.1.0-9ec5790,SymFT,0.1.0,symft,throughput,false,1,1,AMD EPYC 9R14,m7a.xlarge,ami-0f8a61b66d1accaee,272f026d-612e-4e7c-8486-8e6f2662eff6,1,16,2026-08-25T11:35:53.823794Z,30.000015112941128,1029665,1029665,90860,938805,0,34322.14937637924
current-tools-v1-20260824-r1,current-tools-v1,aws-m7a-xlarge-ubuntu2404-v1,symft-single,2d3cd1ef-4874-48f8-a7eb-6be8491343d1,3,1,surface-code-d7-r7-p1e-3--symft-single,,surface-code-d7-r7-p1e-3,surface-code-memory,symft-0.1.0-9ec5790,SymFT,0.1.0,symft,throughput,false,1,1,AMD EPYC 9R14,m7a.xlarge,ami-0f8a61b66d1accaee,272f026d-612e-4e7c-8486-8e6f2662eff6,2,17,2026-08-25T11:36:25.597634Z,30.000007957956768,1028751,1028751,90821,937930,0,34291.690903606876
current-tools-v1-20260824-r1,current-tools-v1,aws-m7a-xlarge-ubuntu2404-v1,symft-single,2d3cd1ef-4874-48f8-a7eb-6be8491343d1,3,1,surface-code-d7-r7-p1e-3--symft-single,,surface-code-d7-r7-p1e-3,surface-code-memory,symft-0.1.0-9ec5790,SymFT,0.1.0,symft,throughput,false,1,1,AMD EPYC 9R14,m7a.xlarge,ami-0f8a61b66d1accaee,272f026d-612e-4e7c-8486-8e6f2662eff6,3,18,2026-08-25T11:36:57.364151Z,30.000013478061646,1029355,1029355,90396,938959,0,34311.81791810676
current-tools-v1-20260824-r1,current-tools-v1,aws-m7a-xlarge-ubuntu2404-v1,symft-single,2d3cd1ef-4874-48f8-a7eb-6be8491343d1,3,1,surface-code-d7-r7-p1e-3--symft-single,,surface-code-d7-r7-p1e-3,surface-code-memory,symft-0.1.0-9ec5790,SymFT,0.1.0,symft,throughput,false,1,1,AMD EPYC 9R14,m7a.xlarge,ami-0f8a61b66d1accaee,272f026d-612e-4e7c-8486-8e6f2662eff6,4,19,2026-08-25T11:37:29.154474Z,30.00000044005037,1031179,1031179,90717,940462,0,34372.63282914367
current-tools-v1-20260824-r1,current-tools-v1,aws-m7a-xlarge-ubuntu2404-v1,symft-single,2d3cd1ef-4874-48f8-a7eb-6be8491343d1,3,1,coherent-surface-d3-r1-p1e-3-rz2e-2--symft-single,,coherent-surface-d3-r1-p1e-3-rz2e-2,coherent-noise-surface-code,symft-0.1.0-9ec5790,SymFT,0.1.0,symft,throughput,false,1,1,AMD EPYC 9R14,m7a.xlarge,ami-0f8a61b66d1accaee,272f026d-612e-4e7c-8486-8e6f2662eff6,0,20,2026-08-25T11:38:01.020104Z,30.000003375044344,5836156,5836156,5685634,150522,0,194538.51144746324
current-tools-v1-20260824-r1,current-tools-v1,aws-m7a-xlarge-ubuntu2404-v1,symft-single,2d3cd1ef-4874-48f8-a7eb-6be8491343d1,3,1,coherent-surface-d3-r1-p1e-3-rz2e-2--symft-single,,coherent-surface-d3-r1-p1e-3-rz2e-2,coherent-noise-surface-code,symft-0.1.0-9ec5790,SymFT,0.1.0,symft,throughput,false,1,1,AMD EPYC 9R14,m7a.xlarge,ami-0f8a61b66d1accaee,272f026d-612e-4e7c-8486-8e6f2662eff6,1,21,2026-08-25T11:38:41.223274Z,30.00000419016078,5827265,5827265,5677842,149423,0,194242.1395364735
current-tools-v1-20260824-r1,current-tools-v1,aws-m7a-xlarge-ubuntu2404-v1,symft-single,2d3cd1ef-4874-48f8-a7eb-6be8491343d1,3,1,coherent-surface-d3-r1-p1e-3-rz2e-2--symft-single,,coherent-surface-d3-r1-p1e-3-rz2e-2,coherent-noise-surface-code,symft-0.1.0-9ec5790,SymFT,0.1.0,symft,throughput,false,1,1,AMD EPYC 9R14,m7a.xlarge,ami-0f8a61b66d1accaee,272f026d-612e-4e7c-8486-8e6f2662eff6,2,22,2026-08-25T11:39:21.529001Z,30.00000022517179,5820348,5820348,5671073,149275,0,194011.59854380204
current-tools-v1-20260824-r1,current-tools-v1,aws-m7a-xlarge-ubuntu2404-v1,symft-single,2d3cd1ef-4874-48f8-a7eb-6be8491343d1,3,1,coherent-surface-d3-r1-p1e-3-rz2e-2--symft-single,,coherent-surface-d3-r1-p1e-3-rz2e-2,coherent-noise-surface-code,symft-0.1.0-9ec5790,SymFT,0.1.0,symft,throughput,false,1,1,AMD EPYC 9R14,m7a.xlarge,ami-0f8a61b66d1accaee,272f026d-612e-4e7c-8486-8e6f2662eff6,3,23,2026-08-25T11:40:01.782125Z,30.000004338379313,5831198,5831198,5681918,149280,0,194373.23855783878
current-tools-v1-20260824-r1,current-tools-v1,aws-m7a-xlarge-ubuntu2404-v1,symft-single,2d3cd1ef-4874-48f8-a7eb-6be8491343d1,3,1,coherent-surface-d3-r1-p1e-3-rz2e-2--symft-single,,coherent-surface-d3-r1-p1e-3-rz2e-2,coherent-noise-surface-code,symft-0.1.0-9ec5790,SymFT,0.1.0,symft,throughput,false,1,1,AMD EPYC 9R14,m7a.xlarge,ami-0f8a61b66d1accaee,272f026d-612e-4e7c-8486-8e6f2662eff6,4,24,2026-08-25T11:40:42.141248Z,30.00000338465634,5824944,5824944,5675719,149225,0,194164.7780939651
current-tools-v1-20260824-r1,current-tools-v1,aws-m7a-xlarge-ubuntu2404-v1,symft-single,2d3cd1ef-4874-48f8-a7eb-6be8491343d1,3,1,coherent-surface-d3-r3-p1e-3-rz2e-2--symft-single,,coherent-surface-d3-r3-p1e-3-rz2e-2,coherent-noise-surface-code,symft-0.1.0-9ec5790,SymFT,0.1.0,symft,throughput,false,1,1,AMD EPYC 9R14,m7a.xlarge,ami-0f8a61b66d1accaee,272f026d-612e-4e7c-8486-8e6f2662eff6,0,25,2026-08-25T11:41:22.460268Z,30.000000599210125,4219602,4219602,1575251,2644351,0,140653.39719063535
current-tools-v1-20260824-r1,current-tools-v1,aws-m7a-xlarge-ubuntu2404-v1,symft-single,2d3cd1ef-4874-48f8-a7eb-6be8491343d1,3,1,coherent-surface-d3-r3-p1e-3-rz2e-2--symft-single,,coherent-surface-d3-r3-p1e-3-rz2e-2,coherent-noise-surface-code,symft-0.1.0-9ec5790,SymFT,0.1.0,symft,throughput,false,1,1,AMD EPYC 9R14,m7a.xlarge,ami-0f8a61b66d1accaee,272f026d-612e-4e7c-8486-8e6f2662eff6,1,26,2026-08-25T11:41:59.833907Z,30.000006473663234,4240872,4240872,1583389,2657483,0,141362.36949558754
current-tools-v1-20260824-r1,current-tools-v1,aws-m7a-xlarge-ubuntu2404-v1,symft-single,2d3cd1ef-4874-48f8-a7eb-6be8491343d1,3,1,coherent-surface-d3-r3-p1e-3-rz2e-2--symft-single,,coherent-surface-d3-r3-p1e-3-rz2e-2,coherent-noise-surface-code,symft-0.1.0-9ec5790,SymFT,0.1.0,symft,throughput,false,1,1,AMD EPYC 9R14,m7a.xlarge,ami-0f8a61b66d1accaee,272f026d-612e-4e7c-8486-8e6f2662eff6,2,27,2026-08-25T11:42:37.326553Z,30.000002959599442,4225079,4225079,1575908,2649171,0,140835.9527727331
current-tools-v1-20260824-r1,current-tools-v1,aws-m7a-xlarge-ubuntu2404-v1,symft-single,2d3cd1ef-4874-48f8-a7eb-6be8491343d1,3,1,coherent-surface-d3-r3-p1e-3-rz2e-2--symft-single,,coherent-surface-d3-r3-p1e-3-rz2e-2,coherent-noise-surface-code,symft-0.1.0-9ec5790,SymFT,0.1.0,symft,throughput,false,1,1,AMD EPYC 9R14,m7a.xlarge,ami-0f8a61b66d1accaee,272f026d-612e-4e7c-8486-8e6f2662eff6,3,28,2026-08-25T11:43:14.702080Z,30.00000490786715,4231321,4231321,1580331,2650990,0,141044.01025915783
current-tools-v1-20260824-r1,current-tools-v1,aws-m7a-xlarge-ubuntu2404-v1,symft-single,2d3cd1ef-4874-48f8-a7eb-6be8491343d1,3,1,coherent-surface-d3-r3-p1e-3-rz2e-2--symft-single,,coherent-surface-d3-r3-p1e-3-rz2e-2,coherent-noise-surface-code,symft-0.1.0-9ec5790,SymFT,0.1.0,symft,throughput,false,1,1,AMD EPYC 9R14,m7a.xlarge,ami-0f8a61b66d1accaee,272f026d-612e-4e7c-8486-8e6f2662eff6,4,29,2026-08-25T11:43:52.153676Z,30.00000012882856,4235716,4235716,1580531,2655185,0,141190.5327270209
current-tools-v1-20260824-r1,current-tools-v1,aws-m7a-xlarge-ubuntu2404-v1,symft-single,2d3cd1ef-4874-48f8-a7eb-6be8491343d1,3,1,coherent-surface-d5-r1-p1e-3-rz2e-2--symft-single,,coherent-surface-d5-r1-p1e-3-rz2e-2,coherent-noise-surface-code,symft-0.1.0-9ec5790,SymFT,0.1.0,symft,throughput,false,1,1,AMD EPYC 9R14,m7a.xlarge,ami-0f8a61b66d1accaee,272f026d-612e-4e7c-8486-8e6f2662eff6,0,30,2026-08-25T11:44:29.639950Z,30.00001627599204,878175,878175,815620,62555,0,29272.484118709384
current-tools-v1-20260824-r1,current-tools-v1,aws-m7a-xlarge-ubuntu2404-v1,symft-single,2d3cd1ef-4874-48f8-a7eb-6be8491343d1,3,1,coherent-surface-d5-r1-p1e-3-rz2e-2--symft-single,,coherent-surface-d5-r1-p1e-3-rz2e-2,coherent-noise-surface-code,symft-0.1.0-9ec5790,SymFT,0.1.0,symft,throughput,false,1,1,AMD EPYC 9R14,m7a.xlarge,ami-0f8a61b66d1accaee,272f026d-612e-4e7c-8486-8e6f2662eff6,1,31,2026-08-25T11:45:01.211153Z,30.000013225088423,877266,877266,814875,62391,0,29242.187108982995
current-tools-v1-20260824-r1,current-tools-v1,aws-m7a-xlarge-ubuntu2404-v1,symft-single,2d3cd1ef-4874-48f8-a7eb-6be8491343d1,3,1,coherent-surface-d5-r1-p1e-3-rz2e-2--symft-single,,coherent-surface-d5-r1-p1e-3-rz2e-2,coherent-noise-surface-code,symft-0.1.0-9ec5790,SymFT,0.1.0,symft,throughput,false,1,1,AMD EPYC 9R14,m7a.xlarge,ami-0f8a61b66d1accaee,272f026d-612e-4e7c-8486-8e6f2662eff6,2,32,2026-08-25T11:45:32.810235Z,30.000021963959625,877529,877529,815095,62434,0,29250.945251113983
current-tools-v1-20260824-r1,current-tools-v1,aws-m7a-xlarge-ubuntu2404-v1,symft-single,2d3cd1ef-4874-48f8-a7eb-6be8491343d1,3,1,coherent-surface-d5-r1-p1e-3-rz2e-2--symft-single,,coherent-surface-d5-r1-p1e-3-rz2e-2,coherent-noise-surface-code,symft-0.1.0-9ec5790,SymFT,0.1.0,symft,throughput,false,1,1,AMD EPYC 9R14,m7a.xlarge,ami-0f8a61b66d1accaee,272f026d-612e-4e7c-8486-8e6f2662eff6,3,33,2026-08-25T11:46:04.382424Z,30.00002078600437,876672,876672,814485,62187,0,29222.37975278289
current-tools-v1-20260824-r1,current-tools-v1,aws-m7a-xlarge-ubuntu2404-v1,symft-single,2d3cd1ef-4874-48f8-a7eb-6be8491343d1,3,1,coherent-surface-d5-r1-p1e-3-rz2e-2--symft-single,,coherent-surface-d5-r1-p1e-3-rz2e-2,coherent-noise-surface-code,symft-0.1.0-9ec5790,SymFT,0.1.0,symft,throughput,false,1,1,AMD EPYC 9R14,m7a.xlarge,ami-0f8a61b66d1accaee,272f026d-612e-4e7c-8486-8e6f2662eff6,4,34,2026-08-25T11:46:35.989913Z,30.000002927821697,877752,877752,815282,62470,0,29258.397144554336
current-tools-v1-20260824-r1,current-tools-v1,aws-m7a-xlarge-ubuntu2404-v1,symft-single,2d3cd1ef-4874-48f8-a7eb-6be8491343d1,3,1,coherent-surface-d5-r5-p1e-3-rz2e-2--symft-single,,coherent-surface-d5-r5-p1e-3-rz2e-2,coherent-noise-surface-code,symft-0.1.0-9ec5790,SymFT,0.1.0,symft,throughput,false,1,1,AMD EPYC 9R14,m7a.xlarge,ami-0f8a61b66d1accaee,272f026d-612e-4e7c-8486-8e6f2662eff6,0,35,2026-08-25T11:47:07.920667Z,30.012512578995484,1889,1889,10,1879,0,62.94041510280059
current-tools-v1-20260824-r1,current-tools-v1,aws-m7a-xlarge-ubuntu2404-v1,symft-single,2d3cd1ef-4874-48f8-a7eb-6be8491343d1,3,1,coherent-surface-d5-r5-p1e-3-rz2e-2--symft-single,,coherent-surface-d5-r5-p1e-3-rz2e-2,coherent-noise-surface-code,symft-0.1.0-9ec5790,SymFT,0.1.0,symft,throughput,false,1,1,AMD EPYC 9R14,m7a.xlarge,ami-0f8a61b66d1accaee,272f026d-612e-4e7c-8486-8e6f2662eff6,1,36,2026-08-25T11:47:37.943133Z,30.003381214987257,1900,1900,13,1887,0,63.326196017231354
current-tools-v1-20260824-r1,current-tools-v1,aws-m7a-xlarge-ubuntu2404-v1,symft-single,2d3cd1ef-4874-48f8-a7eb-6be8491343d1,3,1,coherent-surface-d5-r5-p1e-3-rz2e-2--symft-single,,coherent-surface-d5-r5-p1e-3-rz2e-2,coherent-noise-surface-code,symft-0.1.0-9ec5790,SymFT,0.1.0,symft,throughput,false,1,1,AMD EPYC 9R14,m7a.xlarge,ami-0f8a61b66d1accaee,272f026d-612e-4e7c-8486-8e6f2662eff6,2,37,2026-08-25T11:48:07.956640Z,30.00267536299998,1864,1864,18,1846,0,62.127792853390986
current-tools-v1-20260824-r1,current-tools-v1,aws-m7a-xlarge-ubuntu2404-v1,symft-single,2d3cd1ef-4874-48f8-a7eb-6be8491343d1,3,1,coherent-surface-d5-r5-p1e-3-rz2e-2--symft-single,,coherent-surface-d5-r5-p1e-3-rz2e-2,coherent-noise-surface-code,symft-0.1.0-9ec5790,SymFT,0.1.0,symft,throughput,false,1,1,AMD EPYC 9R14,m7a.xlarge,ami-0f8a61b66d1accaee,272f026d-612e-4e7c-8486-8e6f2662eff6,3,38,2026-08-25T11:48:37.969281Z,30.00361236000117,1912,1912,14,1898,0,63.72565999915903
current-tools-v1-20260824-r1,current-tools-v1,aws-m7a-xlarge-ubuntu2404-v1,symft-single,2d3cd1ef-4874-48f8-a7eb-6be8491343d1,3,1,coherent-surface-d5-r5-p1e-3-rz2e-2--symft-single,,coherent-surface-d5-r5-p1e-3-rz2e-2,coherent-noise-surface-code,symft-0.1.0-9ec5790,SymFT,0.1.0,symft,throughput,false,1,1,AMD EPYC 9R14,m7a.xlarge,ami-0f8a61b66d1accaee,272f026d-612e-4e7c-8486-8e6f2662eff6,4,39,2026-08-25T11:49:07.983400Z,30.021164903996578,1939,1939,8,1931,0,64.58776687049442
